[
    {
        "languages": "en",
        "id": 1513,
        "title": "Romeo and Juliet",
        "url": "https://www.gutenberg.org/ebooks/1513.txt.utf-8",
        "authors": "Shakespeare, William"
    },
    {
        "languages": "en",
        "id": 100,
        "title": "The Complete Works of William Shakespeare",
        "url": "https://www.gutenberg.org/ebooks/100.txt.utf-8",
        "authors": "Shakespeare, William"
    },
    {
        "languages": "en",
        "id": 27761,
        "title": "Hamlet, Prince of Denmark",
        "url": "https://www.gutenberg.org/ebooks/27761.txt.utf-8",
        "authors": "Shakespeare, William"
    },
    {
        "languages": "en",
        "id": 23042,
        "title": "The Tempest: The Works of William Shakespeare [Cambridge Edition] [9 vols.]",
        "url": "https://www.gutenberg.org/ebooks/23042.txt.utf-8",
        "authors": "Shakespeare, William"
    },
    {
        "languages": "en",
        "id": 1524,
        "title": "Hamlet, Prince of Denmark",
        "url": "https://www.gutenberg.org/ebooks/1524.txt.utf-8",
        "authors": "Shakespeare, William"
    },
    {
        "languages": "en",
        "id": 16966,
        "title": "Shakespearean Tragedy: Lectures on Hamlet, Othello, King Lear, Macbeth",
        "url": "https://www.gutenberg.org/ebooks/16966.txt.utf-8",
        "authors": "Bradley, A. C. (Andrew Cecil)"
    },
    {
        "languages": "en",
        "id": 1533,
        "title": "Macbeth",
        "url": "https://www.gutenberg.org/ebooks/1533.txt.utf-8",
        "authors": "Shakespeare, William"
    },
    {
        "languages": "en",
        "id": 1514,
        "title": "A Midsummer Night's Dream",
        "url": "https://www.gutenberg.org/ebooks/1514.txt.utf-8",
        "authors": "Shakespeare, William"
    },
    {
        "languages": "en",
        "id": 1515,
        "title": "The Merchant of Venice",
        "url": "https://www.gutenberg.org/ebooks/1515.txt.utf-8",
        "authors": "Shakespeare, William"
    },
    {
        "languages": "en",
        "id": 1519,
        "title": "Much Ado about Nothing",
        "url": "https://www.gutenberg.org/ebooks/1519.txt.utf-8",
        "authors": "Shakespeare, William"
    },
    {
        "languages": "en",
        "id": 1532,
        "title": "The Tragedy of King Lear",
        "url": "https://www.gutenberg.org/ebooks/1532.txt.utf-8",
        "authors": "Shakespeare, William"
    },
    {
        "languages": "en",
        "id": 1526,
        "title": "Twelfth Night; Or, What You Will",
        "url": "https://www.gutenberg.org/ebooks/1526.txt.utf-8",
        "authors": "Shakespeare, William"
    },
    {
        "languages": "en",
        "id": 1430,
        "title": "Beautiful Stories from Shakespeare",
        "url": "https://www.gutenberg.org/ebooks/1430.txt.utf-8",
        "authors": "Shakespeare, William, Nesbit, E. (Edith)"
    },
    {
        "languages": "en",
        "id": 1041,
        "title": "Shakespeare's Sonnets",
        "url": "https://www.gutenberg.org/ebooks/1041.txt.utf-8",
        "authors": "Shakespeare, William"
    },
    {
        "languages": "en",
        "id": 1531,
        "title": "Othello, the Moor of Venice",
        "url": "https://www.gutenberg.org/ebooks/1531.txt.utf-8",
        "authors": "Shakespeare, William"
    },
    {
        "languages": "en",
        "id": 1522,
        "title": "Julius Caesar",
        "url": "https://www.gutenberg.org/ebooks/1522.txt.utf-8",
        "authors": "Shakespeare, William"
    },
    {
        "languages": "en",
        "id": 1508,
        "title": "The Taming of the Shrew",
        "url": "https://www.gutenberg.org/ebooks/1508.txt.utf-8",
        "authors": "Shakespeare, William"
    },
    {
        "languages": "en",
        "id": 23045,
        "title": "Measure for Measure: The Works of William Shakespeare [Cambridge Edition] [9 vols.]",
        "url": "https://www.gutenberg.org/ebooks/23045.txt.utf-8",
        "authors": "Shakespeare, William"
    },
    {
        "languages": "en",
        "id": 1112,
        "title": "The Tragedy of Romeo and Juliet",
        "url": "https://www.gutenberg.org/ebooks/1112.txt.utf-8",
        "authors": "Shakespeare, William"
    },
    {
        "languages": "en",
        "id": 20657,
        "title": "Tales from Shakespeare",
        "url": "https://www.gutenberg.org/ebooks/20657.txt.utf-8",
        "authors": "Lamb, Charles, Lamb, Mary"
    },
    {
        "languages": "en",
        "id": 16055,
        "title": "Shakespeare and Precious Stones: Treating of the Known References of Precious Stones in Shakespeare's Works, with Comments as to the Origin of His Material, the Knowledge of the Poet Concerning Precious Stones, and References as to Where the Precious Stones of His Time Came from",
        "url": "https://www.gutenberg.org/ebooks/16055.txt.utf-8",
        "authors": "Kunz, George Frederick"
    },
    {
        "languages": "en",
        "id": 23046,
        "title": "The Comedy of Errors: The Works of William Shakespeare [Cambridge Edition] [9 vols.]",
        "url": "https://www.gutenberg.org/ebooks/23046.txt.utf-8",
        "authors": "Shakespeare, William"
    },
    {
        "languages": "fr",
        "id": 18143,
        "title": "Roméo et Juliette: Tragédie",
        "url": "https://www.gutenberg.org/ebooks/18143.txt.utf-8",
        "authors": "Shakespeare, William"
    },
    {
        "languages": "en",
        "id": 27726,
        "title": "Tolstoy on Shakespeare: A Critical Essay on Shakespeare",
        "url": "https://www.gutenberg.org/ebooks/27726.txt.utf-8",
        "authors": "Tolstoy, Leo, graf"
    },
    {
        "languages": "en",
        "id": 2264,
        "title": "Macbeth",
        "url": "https://www.gutenberg.org/ebooks/2264.txt.utf-8",
        "authors": "Shakespeare, William"
    },
    {
        "languages": "en",
        "id": 2265,
        "title": "Hamlet",
        "url": "https://www.gutenberg.org/ebooks/2265.txt.utf-8",
        "authors": "Shakespeare, William"
    },
    {
        "languages": "en",
        "id": 1523,
        "title": "As You Like It",
        "url": "https://www.gutenberg.org/ebooks/1523.txt.utf-8",
        "authors": "Shakespeare, William"
    },
    {
        "languages": "en",
        "id": 47960,
        "title": "Shakespeare's Tragedy of Romeo and Juliet",
        "url": "https://www.gutenberg.org/ebooks/47960.txt.utf-8",
        "authors": "Shakespeare, William"
    },
    {
        "languages": "en",
        "id": 1286,
        "title": "Tales from Shakespeare",
        "url": "https://www.gutenberg.org/ebooks/1286.txt.utf-8",
        "authors": "Lamb, Charles, Lamb, Mary"
    },
    {
        "languages": "en",
        "id": 1539,
        "title": "The Winter's Tale",
        "url": "https://www.gutenberg.org/ebooks/1539.txt.utf-8",
        "authors": "Shakespeare, William"
    },
    {
        "languages": "en",
        "id": 5429,
        "title": "Preface to Shakespeare",
        "url": "https://www.gutenberg.org/ebooks/5429.txt.utf-8",
        "authors": "Johnson, Samuel"
    },
    {
        "languages": "en",
        "id": 23044,
        "title": "The Merry Wives of Windsor: The Works of William Shakespeare [Cambridge Edition] [9 vols.]",
        "url": "https://www.gutenberg.org/ebooks/23044.txt.utf-8",
        "authors": "Shakespeare, William"
    }
]