{
    "1": {
        "16055": 84,
        "23045": 27,
        "1286": 5,
        "43737": 147,
        "23046": 22,
        "1041": 3,
        "27726": 62,
        "20657": 3,
        "1514": 3,
        "1513": 3,
        "1533": 3,
        "1532": 3,
        "23042": 34,
        "1531": 3,
        "1112": 7,
        "23044": 27,
        "1430": 38,
        "27761": 2,
        "1519": 3,
        "1539": 3,
        "1515": 3,
        "18143": 5,
        "47960": 385,
        "2265": 3,
        "2264": 35,
        "100": 34,
        "1524": 3,
        "1523": 3,
        "1522": 3,
        "1508": 3,
        "5429": 5,
        "16966": 88,
        "1526": 3
    },
    "187083": {
        "47960": 1
    },
    "10": {
        "16055": 8,
        "100": 2,
        "23042": 11,
        "18143": 2,
        "47960": 46,
        "23044": 44,
        "27761": 2,
        "23045": 21,
        "43737": 112,
        "23046": 13,
        "1041": 1,
        "16966": 15
    },
    "11": {
        "16055": 8,
        "100": 1,
        "1524": 1,
        "23042": 6,
        "18143": 1,
        "47960": 23,
        "23044": 8,
        "27761": 1,
        "23045": 4,
        "43737": 107,
        "23046": 3,
        "16966": 7
    },
    "12": {
        "16055": 6,
        "100": 2,
        "18143": 1,
        "47960": 29,
        "23044": 6,
        "23045": 6,
        "43737": 112,
        "23046": 6,
        "16966": 13
    },
    "13": {
        "16055": 10,
        "100": 1,
        "23042": 4,
        "18143": 1,
        "47960": 22,
        "27761": 1,
        "23044": 2,
        "23045": 3,
        "43737": 122,
        "23046": 2,
        "16966": 10
    },
    "14": {
        "16055": 2,
        "100": 1,
        "23042": 3,
        "18143": 1,
        "47960": 27,
        "23044": 5,
        "23045": 3,
        "43737": 102,
        "23046": 4,
        "20657": 1,
        "16966": 17
    },
    "15": {
        "16055": 7,
        "100": 1,
        "23042": 19,
        "18143": 1,
        "47960": 16,
        "23044": 36,
        "23045": 23,
        "43737": 103,
        "23046": 14,
        "5429": 1,
        "16966": 13
    },
    "16": {
        "16055": 6,
        "18143": 1,
        "47960": 13,
        "23045": 2,
        "43737": 125,
        "23046": 3,
        "100": 2,
        "23042": 3,
        "1531": 1,
        "23044": 4,
        "1539": 1,
        "16966": 7,
        "1526": 1
    },
    "17": {
        "16055": 7,
        "100": 1,
        "23042": 4,
        "18143": 1,
        "47960": 17,
        "23044": 3,
        "23045": 5,
        "43737": 100,
        "23046": 6,
        "16966": 9
    },
    "18": {
        "16055": 6,
        "100": 2,
        "1522": 1,
        "1533": 1,
        "18143": 1,
        "47960": 16,
        "23044": 2,
        "23045": 2,
        "43737": 110,
        "23046": 6,
        "16966": 8
    },
    "19": {
        "16055": 7,
        "18143": 1,
        "47960": 14,
        "23045": 4,
        "43737": 97,
        "23046": 2,
        "100": 1,
        "1513": 1,
        "23042": 2,
        "23044": 7,
        "1430": 2,
        "16966": 5,
        "1515": 1
    },
    "1a": {
        "16055": 1,
        "23045": 1,
        "1286": 1,
        "43737": 1,
        "23046": 1,
        "1041": 1,
        "27726": 1,
        "20657": 1,
        "1514": 1,
        "1513": 1,
        "1533": 1,
        "1532": 1,
        "23042": 1,
        "1531": 1,
        "1112": 1,
        "23044": 1,
        "1430": 1,
        "27761": 1,
        "1519": 1,
        "1539": 1,
        "1515": 1,
        "18143": 1,
        "47960": 1,
        "2265": 1,
        "2264": 1,
        "100": 1,
        "1524": 1,
        "1523": 1,
        "1522": 1,
        "1508": 1,
        "5429": 1,
        "16966": 1,
        "1526": 1
    },
    "1b": {
        "16055": 1,
        "23045": 1,
        "1286": 1,
        "43737": 1,
        "23046": 1,
        "1041": 1,
        "27726": 1,
        "20657": 1,
        "1514": 1,
        "1513": 1,
        "1533": 1,
        "1532": 1,
        "23042": 1,
        "1531": 1,
        "1112": 1,
        "23044": 1,
        "1430": 1,
        "27761": 1,
        "1519": 1,
        "1539": 1,
        "1515": 1,
        "18143": 1,
        "47960": 1,
        "2265": 1,
        "2264": 1,
        "100": 1,
        "1524": 1,
        "1523": 1,
        "1522": 1,
        "1508": 1,
        "5429": 1,
        "16966": 1,
        "1526": 1
    },
    "1c": {
        "16055": 2,
        "23045": 2,
        "1286": 2,
        "43737": 2,
        "23046": 2,
        "1041": 2,
        "27726": 2,
        "20657": 2,
        "1514": 2,
        "1513": 2,
        "1533": 2,
        "1532": 2,
        "23042": 2,
        "1531": 2,
        "1112": 2,
        "23044": 2,
        "1430": 2,
        "27761": 2,
        "1519": 2,
        "1539": 2,
        "1515": 2,
        "18143": 2,
        "47960": 2,
        "2265": 2,
        "2264": 2,
        "100": 2,
        "1524": 2,
        "1523": 2,
        "1522": 2,
        "1508": 2,
        "5429": 2,
        "16966": 2,
        "1526": 2
    },
    "1d": {
        "16055": 1,
        "23045": 1,
        "1286": 1,
        "43737": 1,
        "23046": 1,
        "1041": 1,
        "27726": 1,
        "20657": 1,
        "1514": 1,
        "1513": 1,
        "1533": 1,
        "1532": 1,
        "23042": 1,
        "1531": 1,
        "1112": 1,
        "23044": 1,
        "1430": 1,
        "27761": 1,
        "1519": 1,
        "1539": 1,
        "1515": 1,
        "18143": 1,
        "47960": 1,
        "2265": 1,
        "2264": 1,
        "100": 1,
        "1524": 1,
        "1523": 1,
        "1522": 1,
        "1508": 1,
        "5429": 1,
        "16966": 1,
        "1526": 1
    },
    "1e": {
        "16055": 2,
        "23045": 2,
        "1286": 2,
        "43737": 2,
        "23046": 2,
        "1041": 2,
        "27726": 2,
        "20657": 2,
        "1514": 2,
        "1513": 2,
        "1533": 2,
        "1532": 2,
        "23042": 2,
        "1531": 2,
        "1112": 2,
        "23044": 2,
        "1430": 2,
        "27761": 2,
        "1519": 2,
        "1539": 2,
        "1515": 2,
        "18143": 2,
        "47960": 2,
        "2265": 2,
        "2264": 2,
        "100": 2,
        "1524": 2,
        "1523": 2,
        "1522": 2,
        "1508": 2,
        "5429": 2,
        "16966": 2,
        "1526": 2
    },
    "1f": {
        "16055": 1,
        "23045": 1,
        "1286": 1,
        "43737": 1,
        "23046": 1,
        "1041": 1,
        "27726": 1,
        "20657": 1,
        "1514": 1,
        "1513": 1,
        "1533": 1,
        "1532": 1,
        "23042": 1,
        "1531": 1,
        "1112": 1,
        "23044": 1,
        "1430": 1,
        "27761": 1,
        "1519": 1,
        "1539": 1,
        "1515": 1,
        "18143": 1,
        "47960": 1,
        "2265": 1,
        "2264": 1,
        "100": 1,
        "1524": 1,
        "1523": 1,
        "1522": 1,
        "1508": 1,
        "5429": 1,
        "16966": 1,
        "1526": 1
    },
    "15741589": {
        "16055": 1
    },
    "187201": {
        "23046": 1
    },
    "18thcentury": {
        "23045": 1,
        "23046": 1,
        "23042": 1,
        "23044": 1
    },
    "17481814": {
        "16055": 1
    },
    "12931": {
        "16966": 1
    },
    "15961598": {
        "47960": 1
    },
    "173178": {
        "47960": 1
    },
    "187779": {
        "16055": 1,
        "47960": 1
    },
    "15721585": {
        "16055": 1
    },
    "15241584": {
        "16055": 1
    },
    "1400000": {
        "16055": 1
    },
    "16055hzip": {
        "16055": 1
    },
    "1murth": {
        "2264": 4
    },
    "100000": {
        "16055": 2
    },
    "182189": {
        "23042": 1
    },
    "157162": {
        "23042": 1
    },
    "15761612": {
        "16055": 1
    },
    "15521637": {
        "16055": 1
    },
    "17680": {
        "16966": 1
    },
    "15291566": {
        "16055": 1
    },
    "143198": {
        "16055": 1
    },
    "192194": {
        "23044": 1
    },
    "118125": {
        "16055": 1
    },
    "13727": {
        "16055": 1
    },
    "13678": {
        "16055": 1
    },
    "13840": {
        "16966": 2
    },
    "15561598": {
        "16055": 1
    },
    "115147": {
        "16966": 1
    },
    "111113": {
        "23045": 1
    },
    "18143": {
        "18143": 1
    },
    "150154": {
        "23042": 1
    },
    "125132": {
        "16966": 1
    },
    "100": {
        "100": 3,
        "23042": 8,
        "47960": 22,
        "23044": 21,
        "23045": 9,
        "43737": 43,
        "23046": 11,
        "27726": 2,
        "16966": 4
    },
    "101": {
        "16055": 2,
        "100": 1,
        "23042": 2,
        "47960": 8,
        "23044": 5,
        "1430": 1,
        "23045": 1,
        "43737": 50,
        "23046": 2,
        "16966": 7
    },
    "102": {
        "16055": 1,
        "100": 1,
        "23042": 1,
        "47960": 8,
        "23044": 3,
        "23045": 2,
        "43737": 44,
        "23046": 2,
        "27726": 1,
        "20657": 1,
        "16966": 4
    },
    "103": {
        "16055": 1,
        "100": 1,
        "23042": 1,
        "47960": 11,
        "23044": 3,
        "23045": 4,
        "43737": 33,
        "23046": 1,
        "16966": 7
    },
    "104": {
        "100": 2,
        "47960": 6,
        "23044": 4,
        "23045": 3,
        "43737": 41,
        "23046": 1,
        "16966": 5
    },
    "105": {
        "100": 1,
        "23042": 9,
        "47960": 11,
        "23044": 20,
        "1430": 3,
        "23045": 11,
        "43737": 40,
        "23046": 11,
        "16966": 6
    },
    "106": {
        "100": 1,
        "23042": 4,
        "47960": 7,
        "23044": 3,
        "23045": 2,
        "43737": 51,
        "23046": 2,
        "16966": 4
    },
    "107": {
        "16055": 1,
        "100": 1,
        "47960": 5,
        "23044": 5,
        "23045": 4,
        "43737": 34,
        "23046": 1,
        "16966": 3
    },
    "108": {
        "100": 2,
        "47960": 6,
        "23044": 3,
        "1430": 1,
        "23045": 2,
        "43737": 43,
        "23046": 3,
        "16966": 2
    },
    "109": {
        "100": 1,
        "23042": 1,
        "47960": 10,
        "23044": 1,
        "23045": 1,
        "43737": 41,
        "16966": 4
    },
    "110": {
        "16055": 2,
        "100": 1,
        "23042": 7,
        "47960": 20,
        "23044": 19,
        "23045": 11,
        "43737": 43,
        "23046": 11,
        "16966": 9
    },
    "111": {
        "100": 1,
        "23042": 1,
        "47960": 9,
        "23044": 1,
        "1430": 1,
        "23045": 4,
        "43737": 31,
        "23046": 4,
        "16966": 3
    },
    "112": {
        "16055": 4,
        "100": 2,
        "23042": 2,
        "47960": 5,
        "23044": 1,
        "23045": 1,
        "43737": 41,
        "23046": 7,
        "16966": 7
    },
    "113": {
        "100": 1,
        "23042": 1,
        "47960": 8,
        "23044": 2,
        "23045": 6,
        "43737": 40,
        "23046": 3,
        "16966": 2
    },
    "114": {
        "100": 1,
        "23042": 1,
        "47960": 8,
        "23044": 3,
        "23045": 6,
        "43737": 39,
        "16966": 3
    },
    "115": {
        "16055": 2,
        "100": 1,
        "23042": 9,
        "47960": 7,
        "23044": 15,
        "1430": 1,
        "23045": 16,
        "43737": 33,
        "23046": 9,
        "16966": 3
    },
    "116": {
        "16055": 2,
        "100": 2,
        "23042": 3,
        "47960": 12,
        "23044": 1,
        "23045": 4,
        "43737": 30,
        "23046": 1,
        "16966": 4
    },
    "117": {
        "100": 1,
        "23042": 1,
        "47960": 5,
        "23044": 1,
        "1430": 1,
        "23045": 6,
        "43737": 32,
        "23046": 5,
        "20657": 1,
        "16966": 4
    },
    "118": {
        "23045": 3,
        "43737": 40,
        "100": 1,
        "23042": 1,
        "47960": 7,
        "16966": 4
    },
    "119": {
        "100": 1,
        "23042": 4,
        "47960": 8,
        "23044": 2,
        "1430": 1,
        "23045": 2,
        "43737": 34,
        "23046": 2,
        "16966": 5
    },
    "120": {
        "16055": 2,
        "100": 2,
        "23042": 7,
        "47960": 17,
        "23044": 15,
        "23045": 13,
        "43737": 33,
        "23046": 8,
        "16966": 4
    },
    "121": {
        "100": 1,
        "23042": 1,
        "47960": 11,
        "23044": 1,
        "23045": 1,
        "43737": 38,
        "23046": 1,
        "16966": 3
    },
    "122": {
        "100": 1,
        "23042": 1,
        "47960": 8,
        "1430": 1,
        "23045": 3,
        "43737": 38,
        "23046": 4,
        "16966": 7
    },
    "123": {
        "100": 1,
        "23042": 1,
        "47960": 8,
        "23044": 3,
        "23045": 4,
        "43737": 31,
        "23046": 1,
        "16966": 4
    },
    "124": {
        "100": 2,
        "23042": 4,
        "47960": 6,
        "23044": 3,
        "23045": 4,
        "43737": 34,
        "23046": 3,
        "16966": 4
    },
    "125": {
        "16055": 1,
        "100": 1,
        "23042": 8,
        "47960": 8,
        "23044": 14,
        "23045": 11,
        "43737": 35,
        "23046": 6,
        "16966": 3
    },
    "10s": {
        "23044": 1
    },
    "126": {
        "16055": 2,
        "100": 1,
        "47960": 8,
        "23044": 2,
        "23045": 6,
        "43737": 35,
        "23046": 3,
        "16966": 3
    },
    "127": {
        "16055": 1,
        "100": 2,
        "23042": 1,
        "47960": 8,
        "23044": 1,
        "1430": 1,
        "23045": 3,
        "43737": 40,
        "23046": 1,
        "27726": 2,
        "16966": 7
    },
    "128": {
        "16055": 2,
        "100": 1,
        "23042": 2,
        "47960": 6,
        "23044": 2,
        "23045": 1,
        "43737": 35,
        "23046": 3,
        "16966": 5
    },
    "129": {
        "100": 1,
        "23042": 3,
        "47960": 7,
        "1430": 1,
        "23045": 3,
        "43737": 36,
        "23046": 1,
        "16966": 7
    },
    "130": {
        "16055": 1,
        "100": 1,
        "23042": 6,
        "47960": 15,
        "23044": 12,
        "23045": 10,
        "43737": 55,
        "23046": 8,
        "16966": 8
    },
    "131": {
        "16055": 1,
        "100": 1,
        "23042": 2,
        "47960": 5,
        "23044": 5,
        "1430": 1,
        "23045": 5,
        "43737": 40,
        "23046": 1,
        "16966": 1
    },
    "132": {
        "16055": 1,
        "100": 2,
        "23042": 2,
        "47960": 8,
        "23044": 2,
        "23045": 2,
        "43737": 40,
        "23046": 1,
        "16966": 3
    },
    "133": {
        "16055": 3,
        "100": 1,
        "23042": 3,
        "47960": 3,
        "23044": 1,
        "43737": 36,
        "23046": 2,
        "16966": 7
    },
    "134": {
        "16055": 2,
        "100": 1,
        "47960": 6,
        "23044": 3,
        "43737": 33,
        "23046": 1,
        "16966": 4
    },
    "135": {
        "100": 1,
        "23042": 9,
        "23044": 13,
        "1430": 1,
        "23045": 10,
        "43737": 36,
        "23046": 7,
        "16966": 2
    },
    "136": {
        "16055": 1,
        "100": 2,
        "23042": 2,
        "47960": 11,
        "23044": 3,
        "23045": 1,
        "43737": 42,
        "20657": 1,
        "16966": 3
    },
    "137": {
        "16055": 3,
        "100": 1,
        "23042": 2,
        "47960": 6,
        "23044": 1,
        "1430": 1,
        "23045": 2,
        "43737": 43,
        "23046": 1,
        "16966": 5
    },
    "138": {
        "16055": 3,
        "100": 1,
        "23042": 2,
        "47960": 5,
        "23044": 1,
        "23045": 2,
        "43737": 37,
        "23046": 3,
        "16966": 3
    },
    "139": {
        "16055": 1,
        "100": 2,
        "23042": 2,
        "47960": 4,
        "23044": 1,
        "43737": 37,
        "16966": 2
    },
    "140": {
        "16055": 1,
        "100": 1,
        "23042": 6,
        "47960": 10,
        "23044": 12,
        "23045": 12,
        "43737": 38,
        "23046": 7,
        "16966": 6
    },
    "141": {
        "100": 1,
        "23042": 1,
        "47960": 10,
        "1430": 3,
        "23045": 4,
        "43737": 35,
        "23046": 1,
        "16966": 2
    },
    "142": {
        "16055": 3,
        "100": 1,
        "47960": 8,
        "23044": 2,
        "23045": 3,
        "43737": 34,
        "23046": 1,
        "16966": 4
    },
    "143": {
        "100": 1,
        "23042": 1,
        "47960": 5,
        "23044": 2,
        "23045": 5,
        "43737": 36,
        "23046": 4,
        "16966": 4
    },
    "144": {
        "100": 2,
        "23042": 1,
        "47960": 5,
        "23044": 2,
        "43737": 31,
        "23046": 4,
        "16966": 3
    },
    "145": {
        "16055": 1,
        "100": 1,
        "23042": 9,
        "47960": 10,
        "23044": 10,
        "1430": 1,
        "23045": 11,
        "43737": 34,
        "23046": 8,
        "16966": 3
    },
    "12s": {
        "16966": 1
    },
    "146": {
        "100": 1,
        "23042": 5,
        "47960": 2,
        "23044": 1,
        "23045": 1,
        "43737": 31,
        "23046": 1,
        "16966": 2
    },
    "147": {
        "16055": 1,
        "100": 1,
        "23042": 3,
        "47960": 3,
        "23044": 2,
        "23045": 2,
        "43737": 39,
        "16966": 2
    },
    "148": {
        "16055": 3,
        "100": 2,
        "23042": 2,
        "47960": 7,
        "23044": 1,
        "23045": 2,
        "43737": 32,
        "23046": 1,
        "20657": 1,
        "16966": 2
    },
    "149": {
        "100": 1,
        "47960": 2,
        "23044": 1,
        "23045": 5,
        "43737": 30,
        "23046": 1,
        "16966": 3
    },
    "198202": {
        "16966": 2
    },
    "150": {
        "100": 1,
        "23042": 6,
        "47960": 10,
        "23044": 10,
        "1430": 1,
        "23045": 10,
        "43737": 38,
        "23046": 10,
        "27726": 2,
        "16966": 8
    },
    "151": {
        "16055": 1,
        "100": 2,
        "23042": 1,
        "47960": 9,
        "23044": 2,
        "1430": 1,
        "23045": 1,
        "43737": 31,
        "23046": 1,
        "16966": 4
    },
    "152": {
        "100": 1,
        "47960": 2,
        "23044": 1,
        "23045": 1,
        "43737": 33,
        "23046": 1,
        "16966": 4
    },
    "153": {
        "16055": 1,
        "100": 1,
        "47960": 5,
        "23044": 1,
        "1430": 2,
        "23045": 1,
        "43737": 35,
        "16966": 4
    },
    "154": {
        "16055": 1,
        "100": 1,
        "47960": 2,
        "23044": 1,
        "1430": 1,
        "23045": 2,
        "43737": 32,
        "23046": 1,
        "16966": 5
    },
    "155": {
        "23042": 6,
        "47960": 4,
        "23044": 9,
        "23045": 11,
        "43737": 35,
        "23046": 7,
        "16966": 5
    },
    "13s": {
        "43737": 1
    },
    "156": {
        "100": 1,
        "23042": 2,
        "47960": 8,
        "23044": 2,
        "23045": 1,
        "43737": 38,
        "23046": 2,
        "16966": 1
    },
    "157": {
        "16055": 2,
        "23042": 2,
        "47960": 9,
        "1430": 1,
        "23045": 4,
        "43737": 39,
        "16966": 4
    },
    "158": {
        "23045": 1,
        "16055": 1,
        "43737": 33,
        "23046": 1,
        "47960": 9,
        "16966": 4
    },
    "159": {
        "47960": 5,
        "23044": 2,
        "1430": 1,
        "23045": 1,
        "43737": 40,
        "23046": 1,
        "16966": 4
    },
    "160": {
        "100": 1,
        "23042": 5,
        "47960": 9,
        "23044": 10,
        "23045": 9,
        "43737": 38,
        "23046": 3,
        "16966": 4
    },
    "161": {
        "23045": 4,
        "43737": 39,
        "23046": 2,
        "47960": 2,
        "23044": 2,
        "16966": 2
    },
    "162": {
        "23042": 3,
        "47960": 5,
        "23044": 1,
        "23045": 1,
        "43737": 36,
        "20657": 1,
        "16966": 4
    },
    "163": {
        "16055": 1,
        "23042": 2,
        "47960": 4,
        "23044": 2,
        "1430": 1,
        "23045": 4,
        "43737": 33,
        "16966": 1
    },
    "164": {
        "43737": 33,
        "100": 1,
        "23046": 1,
        "23042": 1,
        "47960": 9,
        "16966": 3
    },
    "165": {
        "23042": 7,
        "47960": 8,
        "23044": 8,
        "23045": 10,
        "43737": 34,
        "23046": 3,
        "27726": 1,
        "16966": 8
    },
    "166": {
        "23045": 4,
        "43737": 28,
        "27726": 2,
        "47960": 10,
        "16966": 1
    },
    "167": {
        "23045": 3,
        "43737": 27,
        "23046": 1,
        "47960": 14,
        "23044": 2,
        "16966": 1
    },
    "168": {
        "100": 1,
        "47960": 15,
        "23044": 1,
        "1430": 1,
        "23045": 5,
        "43737": 30,
        "23046": 1,
        "16966": 2
    },
    "169": {
        "16055": 2,
        "43737": 36,
        "23042": 2,
        "47960": 15,
        "23044": 1,
        "16966": 2
    },
    "170": {
        "16055": 2,
        "23042": 6,
        "47960": 19,
        "23044": 8,
        "1430": 1,
        "23045": 9,
        "43737": 34,
        "23046": 3,
        "16966": 1
    },
    "171": {
        "23045": 2,
        "16055": 2,
        "43737": 32,
        "47960": 21,
        "23044": 2,
        "16966": 9
    },
    "172": {
        "100": 1,
        "23042": 3,
        "47960": 13,
        "23044": 1,
        "23045": 4,
        "43737": 32,
        "16966": 5
    },
    "173": {
        "23045": 3,
        "16055": 4,
        "43737": 36,
        "23042": 2,
        "47960": 7,
        "16966": 4
    },
    "174": {
        "47960": 8,
        "23044": 1,
        "23045": 1,
        "43737": 37,
        "23046": 2,
        "20657": 1,
        "16966": 3
    },
    "175": {
        "16055": 1,
        "23042": 7,
        "47960": 7,
        "23044": 9,
        "1430": 1,
        "23045": 11,
        "43737": 33,
        "23046": 3,
        "16966": 4
    },
    "176": {
        "16055": 1,
        "100": 1,
        "47960": 11,
        "23044": 1,
        "23045": 2,
        "43737": 38,
        "23046": 1,
        "16966": 6
    },
    "177": {
        "23045": 3,
        "43737": 35,
        "23046": 1,
        "47960": 5,
        "23044": 1,
        "16966": 5
    },
    "178": {
        "23045": 1,
        "43737": 36,
        "47960": 12,
        "23044": 2,
        "16966": 6,
        "1430": 1
    },
    "179": {
        "16055": 2,
        "23042": 1,
        "47960": 12,
        "23044": 2,
        "23045": 4,
        "43737": 33,
        "23046": 1,
        "16966": 9
    },
    "180": {
        "16055": 2,
        "100": 1,
        "23042": 5,
        "47960": 16,
        "23044": 9,
        "23045": 8,
        "43737": 32,
        "23046": 4,
        "16966": 3
    },
    "181": {
        "16055": 2,
        "23042": 2,
        "47960": 12,
        "23044": 1,
        "1430": 1,
        "23045": 1,
        "43737": 32,
        "23046": 1,
        "5429": 1,
        "16966": 8
    },
    "182": {
        "23045": 1,
        "43737": 44,
        "23042": 1,
        "47960": 9,
        "16966": 3
    },
    "183": {
        "16055": 2,
        "47960": 12,
        "1430": 2,
        "23045": 3,
        "43737": 27,
        "23046": 2,
        "5429": 1,
        "16966": 2
    },
    "184": {
        "100": 1,
        "23042": 1,
        "47960": 10,
        "23044": 1,
        "23045": 1,
        "43737": 38,
        "23046": 1,
        "16966": 3
    },
    "185": {
        "23042": 4,
        "47960": 8,
        "23044": 7,
        "23045": 9,
        "43737": 31,
        "23046": 3,
        "16966": 7
    },
    "186": {
        "23045": 3,
        "43737": 23,
        "23042": 2,
        "47960": 10,
        "23044": 4,
        "16966": 4
    },
    "187": {
        "43737": 32,
        "47960": 8,
        "16966": 3,
        "1430": 1
    },
    "188": {
        "100": 1,
        "47960": 12,
        "23044": 3,
        "1430": 1,
        "23045": 1,
        "43737": 29,
        "16966": 5
    },
    "189": {
        "16055": 2,
        "23042": 2,
        "47960": 6,
        "23044": 1,
        "43737": 27,
        "23046": 1,
        "16966": 1
    },
    "190": {
        "16055": 1,
        "23042": 6,
        "47960": 20,
        "23044": 9,
        "23045": 6,
        "43737": 36,
        "23046": 2,
        "20657": 1,
        "16966": 2
    },
    "191": {
        "23042": 1,
        "47960": 10,
        "1430": 1,
        "23045": 2,
        "43737": 33,
        "23046": 2,
        "16966": 3
    },
    "192": {
        "100": 1,
        "23042": 1,
        "47960": 11,
        "23044": 1,
        "1430": 1,
        "23045": 1,
        "43737": 28,
        "23046": 1,
        "16966": 3
    },
    "193": {
        "43737": 26,
        "23046": 1,
        "23042": 2,
        "47960": 9,
        "23044": 2,
        "16966": 5
    },
    "194": {
        "23042": 1,
        "47960": 8,
        "23044": 3,
        "1430": 2,
        "23045": 1,
        "43737": 31,
        "23046": 1,
        "16966": 4
    },
    "195": {
        "23042": 4,
        "47960": 8,
        "23044": 6,
        "23045": 6,
        "43737": 34,
        "23046": 2,
        "16966": 2
    },
    "196": {
        "43737": 34,
        "100": 1,
        "47960": 10,
        "23044": 5,
        "16966": 4
    },
    "197": {
        "23045": 1,
        "43737": 42,
        "47960": 8,
        "23044": 2,
        "16966": 4,
        "1430": 1
    },
    "198": {
        "16055": 5,
        "23042": 1,
        "47960": 15,
        "23044": 1,
        "23045": 1,
        "43737": 30,
        "16966": 7
    },
    "199": {
        "23045": 1,
        "43737": 31,
        "23042": 1,
        "47960": 6,
        "23044": 1,
        "16966": 3
    },
    "1e1": {
        "16055": 5,
        "23045": 5,
        "1286": 5,
        "43737": 5,
        "23046": 5,
        "1041": 5,
        "27726": 5,
        "20657": 5,
        "1514": 5,
        "1513": 5,
        "1533": 5,
        "1532": 5,
        "23042": 5,
        "1531": 5,
        "1112": 5,
        "23044": 5,
        "1430": 5,
        "27761": 5,
        "1519": 5,
        "1539": 5,
        "1515": 5,
        "18143": 5,
        "47960": 5,
        "2265": 5,
        "2264": 5,
        "100": 5,
        "1524": 5,
        "1523": 5,
        "1522": 5,
        "1508": 5,
        "5429": 5,
        "16966": 5,
        "1526": 5
    },
    "1e2": {
        "16055": 1,
        "23045": 1,
        "1286": 1,
        "43737": 1,
        "23046": 1,
        "1041": 1,
        "27726": 1,
        "20657": 1,
        "1514": 1,
        "1513": 1,
        "1533": 1,
        "1532": 1,
        "23042": 1,
        "1531": 1,
        "1112": 1,
        "23044": 1,
        "1430": 1,
        "27761": 1,
        "1519": 1,
        "1539": 1,
        "1515": 1,
        "18143": 1,
        "47960": 1,
        "2265": 1,
        "2264": 1,
        "100": 1,
        "1524": 1,
        "1523": 1,
        "1522": 1,
        "1508": 1,
        "5429": 1,
        "16966": 1,
        "1526": 1
    },
    "1e3": {
        "16055": 1,
        "23045": 1,
        "1286": 1,
        "43737": 1,
        "23046": 1,
        "1041": 1,
        "27726": 1,
        "20657": 1,
        "1514": 1,
        "1513": 1,
        "1533": 1,
        "1532": 1,
        "23042": 1,
        "1531": 1,
        "1112": 1,
        "23044": 1,
        "1430": 1,
        "27761": 1,
        "1519": 1,
        "1539": 1,
        "1515": 1,
        "18143": 1,
        "47960": 1,
        "2265": 1,
        "2264": 1,
        "100": 1,
        "1524": 1,
        "1523": 1,
        "1522": 1,
        "1508": 1,
        "5429": 1,
        "16966": 1,
        "1526": 1
    },
    "1e4": {
        "16055": 1,
        "23045": 1,
        "1286": 1,
        "43737": 1,
        "23046": 1,
        "1041": 1,
        "27726": 1,
        "20657": 1,
        "1514": 1,
        "1513": 1,
        "1533": 1,
        "1532": 1,
        "23042": 1,
        "1531": 1,
        "1112": 1,
        "23044": 1,
        "1430": 1,
        "27761": 1,
        "1519": 1,
        "1539": 1,
        "1515": 1,
        "18143": 1,
        "47960": 1,
        "2265": 1,
        "2264": 1,
        "100": 1,
        "1524": 1,
        "1523": 1,
        "1522": 1,
        "1508": 1,
        "5429": 1,
        "16966": 1,
        "1526": 1
    },
    "1e5": {
        "16055": 1,
        "23045": 1,
        "1286": 1,
        "43737": 1,
        "23046": 1,
        "1041": 1,
        "27726": 1,
        "20657": 1,
        "1514": 1,
        "1513": 1,
        "1533": 1,
        "1532": 1,
        "23042": 1,
        "1531": 1,
        "1112": 1,
        "23044": 1,
        "1430": 1,
        "27761": 1,
        "1519": 1,
        "1539": 1,
        "1515": 1,
        "18143": 1,
        "47960": 1,
        "2265": 1,
        "2264": 1,
        "100": 1,
        "1524": 1,
        "1523": 1,
        "1522": 1,
        "1508": 1,
        "5429": 1,
        "16966": 1,
        "1526": 1
    },
    "1e6": {
        "16055": 1,
        "23045": 1,
        "1286": 1,
        "43737": 1,
        "23046": 1,
        "1041": 1,
        "27726": 1,
        "20657": 1,
        "1514": 1,
        "1513": 1,
        "1533": 1,
        "1532": 1,
        "23042": 1,
        "1531": 1,
        "1112": 1,
        "23044": 1,
        "1430": 1,
        "27761": 1,
        "1519": 1,
        "1539": 1,
        "1515": 1,
        "18143": 1,
        "47960": 1,
        "2265": 1,
        "2264": 1,
        "100": 1,
        "1524": 1,
        "1523": 1,
        "1522": 1,
        "1508": 1,
        "5429": 1,
        "16966": 1,
        "1526": 1
    },
    "1e7": {
        "16055": 3,
        "23045": 3,
        "1286": 3,
        "43737": 3,
        "23046": 3,
        "1041": 3,
        "27726": 3,
        "20657": 3,
        "1514": 3,
        "1513": 3,
        "1533": 3,
        "1532": 3,
        "23042": 3,
        "1531": 3,
        "1112": 3,
        "23044": 3,
        "1430": 3,
        "27761": 3,
        "1519": 3,
        "1539": 3,
        "1515": 3,
        "18143": 3,
        "47960": 3,
        "2265": 3,
        "2264": 3,
        "100": 3,
        "1524": 3,
        "1523": 3,
        "1522": 3,
        "1508": 3,
        "5429": 3,
        "16966": 3,
        "1526": 3
    },
    "1e8": {
        "16055": 4,
        "23045": 4,
        "1286": 4,
        "43737": 4,
        "23046": 4,
        "1041": 4,
        "27726": 4,
        "20657": 4,
        "1514": 4,
        "1513": 4,
        "1533": 4,
        "1532": 4,
        "23042": 4,
        "1531": 4,
        "1112": 4,
        "23044": 4,
        "1430": 4,
        "27761": 4,
        "1519": 4,
        "1539": 4,
        "1515": 4,
        "18143": 4,
        "47960": 4,
        "2265": 4,
        "2264": 4,
        "100": 4,
        "1524": 4,
        "1523": 4,
        "1522": 4,
        "1508": 4,
        "5429": 4,
        "16966": 4,
        "1526": 4
    },
    "1e9": {
        "16055": 3,
        "23045": 3,
        "1286": 3,
        "43737": 3,
        "23046": 3,
        "1041": 3,
        "27726": 3,
        "20657": 3,
        "1514": 3,
        "1513": 3,
        "1533": 3,
        "1532": 3,
        "23042": 3,
        "1531": 3,
        "1112": 3,
        "23044": 3,
        "1430": 3,
        "27761": 3,
        "1519": 3,
        "1539": 3,
        "1515": 3,
        "18143": 3,
        "47960": 3,
        "2265": 3,
        "2264": 3,
        "100": 3,
        "1524": 3,
        "1523": 3,
        "1522": 3,
        "1508": 3,
        "5429": 3,
        "16966": 3,
        "1526": 3
    },
    "1f1": {
        "16055": 1,
        "23045": 1,
        "1286": 1,
        "43737": 1,
        "23046": 1,
        "1041": 1,
        "27726": 1,
        "20657": 1,
        "1514": 1,
        "1513": 1,
        "1533": 1,
        "1532": 1,
        "23042": 1,
        "1531": 1,
        "1112": 1,
        "23044": 1,
        "1430": 1,
        "27761": 1,
        "1519": 1,
        "1539": 1,
        "1515": 1,
        "18143": 1,
        "47960": 1,
        "2265": 1,
        "2264": 1,
        "100": 1,
        "1524": 1,
        "1523": 1,
        "1522": 1,
        "1508": 1,
        "5429": 1,
        "16966": 1,
        "1526": 1
    },
    "1f2": {
        "16055": 1,
        "23045": 1,
        "1286": 1,
        "43737": 1,
        "23046": 1,
        "1041": 1,
        "27726": 1,
        "20657": 1,
        "1514": 1,
        "1513": 1,
        "1533": 1,
        "1532": 1,
        "23042": 1,
        "1531": 1,
        "1112": 1,
        "23044": 1,
        "1430": 1,
        "27761": 1,
        "1519": 1,
        "1539": 1,
        "1515": 1,
        "18143": 1,
        "47960": 1,
        "2265": 1,
        "2264": 1,
        "100": 1,
        "1524": 1,
        "1523": 1,
        "1522": 1,
        "1508": 1,
        "5429": 1,
        "16966": 1,
        "1526": 1
    },
    "1f3": {
        "16055": 5,
        "23045": 5,
        "1286": 5,
        "43737": 5,
        "23046": 5,
        "1041": 5,
        "27726": 5,
        "20657": 5,
        "1514": 5,
        "1513": 5,
        "1533": 5,
        "1532": 5,
        "23042": 5,
        "1531": 5,
        "1112": 5,
        "23044": 5,
        "1430": 5,
        "27761": 5,
        "1519": 5,
        "1539": 5,
        "1515": 5,
        "18143": 5,
        "47960": 5,
        "2265": 5,
        "2264": 5,
        "100": 5,
        "1524": 5,
        "1523": 5,
        "1522": 5,
        "1508": 5,
        "5429": 5,
        "16966": 5,
        "1526": 5
    },
    "1f4": {
        "16055": 1,
        "23045": 1,
        "1286": 1,
        "43737": 1,
        "23046": 1,
        "1041": 1,
        "27726": 1,
        "20657": 1,
        "1514": 1,
        "1513": 1,
        "1533": 1,
        "1532": 1,
        "23042": 1,
        "1531": 1,
        "1112": 1,
        "23044": 1,
        "1430": 1,
        "27761": 1,
        "1519": 1,
        "1539": 1,
        "1515": 1,
        "18143": 1,
        "47960": 1,
        "2265": 1,
        "2264": 1,
        "100": 1,
        "1524": 1,
        "1523": 1,
        "1522": 1,
        "1508": 1,
        "5429": 1,
        "16966": 1,
        "1526": 1
    },
    "1f5": {
        "16055": 1,
        "23045": 1,
        "1286": 1,
        "43737": 1,
        "23046": 1,
        "1041": 1,
        "27726": 1,
        "20657": 1,
        "1514": 1,
        "1513": 1,
        "1533": 1,
        "1532": 1,
        "23042": 1,
        "1531": 1,
        "1112": 1,
        "23044": 1,
        "1430": 1,
        "27761": 1,
        "1519": 1,
        "1539": 1,
        "1515": 1,
        "18143": 1,
        "47960": 1,
        "2265": 1,
        "2264": 1,
        "100": 1,
        "1524": 1,
        "1523": 1,
        "1522": 1,
        "1508": 1,
        "5429": 1,
        "16966": 1,
        "1526": 1
    },
    "1f6": {
        "16055": 1,
        "23045": 1,
        "1286": 1,
        "43737": 1,
        "23046": 1,
        "1041": 1,
        "27726": 1,
        "20657": 1,
        "1514": 1,
        "1513": 1,
        "1533": 1,
        "1532": 1,
        "23042": 1,
        "1531": 1,
        "1112": 1,
        "23044": 1,
        "1430": 1,
        "27761": 1,
        "1519": 1,
        "1539": 1,
        "1515": 1,
        "18143": 1,
        "47960": 1,
        "2265": 1,
        "2264": 1,
        "100": 1,
        "1524": 1,
        "1523": 1,
        "1522": 1,
        "1508": 1,
        "5429": 1,
        "16966": 1,
        "1526": 1
    },
    "18698": {
        "16966": 1
    },
    "1st": {
        "43737": 1,
        "23042": 1,
        "47960": 42,
        "27761": 42,
        "1430": 4
    },
    "119120": {
        "23044": 1
    },
    "110113": {
        "23045": 1
    },
    "1332232": {
        "16055": 1
    },
    "183190": {
        "16966": 1
    },
    "14064": {
        "16055": 1
    },
    "129136": {
        "47960": 1
    },
    "129289": {
        "16966": 1
    },
    "15561605": {
        "16055": 1
    },
    "16055hhtm": {
        "16055": 1
    },
    "14952": {
        "16966": 2
    },
    "1000": {
        "16055": 1,
        "100": 1,
        "23046": 1,
        "16966": 1
    },
    "1004": {
        "100": 1
    },
    "1009": {
        "100": 1
    },
    "1020": {
        "100": 1
    },
    "1019": {
        "47960": 1,
        "16966": 1
    },
    "1016": {
        "100": 1
    },
    "1014": {
        "16966": 1
    },
    "1013": {
        "16055": 1
    },
    "1012": {
        "16055": 2,
        "100": 1
    },
    "1033": {
        "100": 1
    },
    "1031": {
        "16966": 1
    },
    "1028": {
        "100": 1
    },
    "1024": {
        "100": 1
    },
    "1044": {
        "100": 1
    },
    "1041": {
        "47960": 2,
        "1041": 1
    },
    "1040": {
        "100": 1
    },
    "1039": {
        "1430": 1
    },
    "1036": {
        "100": 1
    },
    "1034": {
        "16966": 1
    },
    "103d": {
        "47960": 1
    },
    "1053": {
        "100": 1
    },
    "1050": {
        "43737": 1
    },
    "1049": {
        "100": 1
    },
    "1048": {
        "16966": 1
    },
    "1045": {
        "16966": 1
    },
    "1065": {
        "100": 1
    },
    "1060": {
        "100": 1
    },
    "1057": {
        "43737": 1,
        "100": 1
    },
    "1056": {
        "16966": 1
    },
    "1072": {
        "100": 1
    },
    "1069": {
        "100": 1
    },
    "1088": {
        "100": 1
    },
    "1085": {
        "100": 1
    },
    "1081": {
        "100": 1
    },
    "1078": {
        "100": 1
    },
    "1096": {
        "100": 1
    },
    "1093": {
        "100": 1
    },
    "102104": {
        "23044": 1
    },
    "1105": {
        "100": 1
    },
    "1103": {
        "16966": 1
    },
    "1100": {
        "100": 1,
        "47960": 1
    },
    "1108": {
        "100": 1
    },
    "1120": {
        "100": 1
    },
    "1118": {
        "23042": 1
    },
    "1116": {
        "100": 1
    },
    "1114": {
        "23046": 1
    },
    "1112": {
        "100": 1,
        "5429": 1,
        "1112": 1
    },
    "1132": {
        "100": 1
    },
    "1129": {
        "100": 1
    },
    "1128": {
        "47960": 1
    },
    "1127": {
        "47960": 1
    },
    "1126": {
        "47960": 1
    },
    "1124": {
        "100": 1
    },
    "1141": {
        "100": 1
    },
    "1138": {
        "47960": 1
    },
    "1137": {
        "16966": 1
    },
    "1136": {
        "100": 1
    },
    "1135": {
        "16966": 1
    },
    "1152": {
        "100": 1
    },
    "1148": {
        "100": 1
    },
    "1144": {
        "100": 1
    },
    "1164": {
        "100": 1
    },
    "1160": {
        "100": 1
    },
    "1157": {
        "16966": 1
    },
    "1156": {
        "100": 1
    },
    "1172": {
        "100": 1
    },
    "1168": {
        "100": 1
    },
    "1184": {
        "100": 1
    },
    "1180": {
        "100": 1
    },
    "1190": {
        "47960": 1
    },
    "1192": {
        "100": 1
    },
    "1189": {
        "100": 1
    },
    "1199": {
        "23042": 1
    },
    "1202": {
        "47960": 1
    },
    "1200": {
        "16055": 1
    },
    "1208": {
        "27761": 1
    },
    "1207": {
        "16966": 1
    },
    "1play": {
        "2265": 3
    },
    "1216": {
        "16055": 1
    },
    "1213": {
        "16055": 1
    },
    "1212": {
        "16966": 1
    },
    "1226": {
        "47960": 1
    },
    "1234": {
        "16055": 1,
        "47960": 1
    },
    "1251": {
        "16055": 2
    },
    "1244": {
        "47960": 1
    },
    "1267": {
        "16966": 1
    },
    "10th": {
        "47960": 1,
        "27761": 1,
        "1430": 1
    },
    "1286": {
        "1286": 1
    },
    "1278": {
        "16966": 1
    },
    "15851615": {
        "16055": 1
    },
    "1304": {
        "16055": 1
    },
    "1303": {
        "18143": 1,
        "47960": 1
    },
    "1316": {
        "23045": 1
    },
    "1315": {
        "16055": 1,
        "5429": 1
    },
    "1313": {
        "16966": 1
    },
    "1323": {
        "16966": 1
    },
    "1336": {
        "43737": 1
    },
    "1334": {
        "16966": 1
    },
    "1350": {
        "16055": 1
    },
    "1349": {
        "43737": 1
    },
    "1346": {
        "16966": 1
    },
    "1371": {
        "47960": 1
    },
    "1368": {
        "16966": 2
    },
    "1367": {
        "16055": 1,
        "16966": 2
    },
    "1366": {
        "47960": 1
    },
    "11th": {
        "43737": 1
    },
    "1381": {
        "43737": 1
    },
    "1378": {
        "5429": 1
    },
    "1396": {
        "16055": 1
    },
    "1392": {
        "47960": 1
    },
    "1399": {
        "43737": 1
    },
    "151154": {
        "16966": 1
    },
    "175177": {
        "47960": 1
    },
    "1401": {
        "16966": 1
    },
    "1412": {
        "16966": 1
    },
    "12mo": {
        "27726": 4
    },
    "151164": {
        "16966": 1
    },
    "1416": {
        "16966": 1
    },
    "1422": {
        "16055": 1
    },
    "1420": {
        "47960": 1
    },
    "1435": {
        "16966": 1
    },
    "1434": {
        "16966": 1
    },
    "1430": {
        "1430": 1
    },
    "1445": {
        "16966": 1
    },
    "1456": {
        "16966": 2
    },
    "1468": {
        "16966": 1
    },
    "1478": {
        "16966": 3
    },
    "1476": {
        "16055": 1,
        "47960": 1
    },
    "1495": {
        "16055": 1
    },
    "1489": {
        "16966": 1
    },
    "1486": {
        "47960": 1
    },
    "1496": {
        "47960": 1
    },
    "1502": {
        "16055": 1,
        "27761": 1
    },
    "1500": {
        "16055": 1,
        "23045": 1,
        "1286": 1,
        "43737": 1,
        "23046": 1,
        "1041": 1,
        "27726": 1,
        "20657": 1,
        "1514": 1,
        "1513": 1,
        "1533": 1,
        "1532": 1,
        "23042": 1,
        "1531": 1,
        "1112": 1,
        "23044": 1,
        "1430": 1,
        "27761": 1,
        "1519": 1,
        "1539": 1,
        "1515": 1,
        "18143": 1,
        "47960": 1,
        "2265": 1,
        "2264": 1,
        "100": 1,
        "1524": 1,
        "1523": 1,
        "1522": 1,
        "1508": 1,
        "5429": 1,
        "16966": 1,
        "1526": 1
    },
    "1508": {
        "1508": 1
    },
    "1514": {
        "16055": 1,
        "1514": 1
    },
    "1513": {
        "1513": 1
    },
    "1519": {
        "1519": 1
    },
    "1518": {
        "47960": 1
    },
    "1515": {
        "1515": 1
    },
    "1525": {
        "16055": 1
    },
    "1524": {
        "1524": 1
    },
    "1523": {
        "1523": 1
    },
    "1522": {
        "16055": 1,
        "1522": 1
    },
    "1529": {
        "16966": 1
    },
    "1526": {
        "16055": 1,
        "1526": 1
    },
    "1535": {
        "18143": 1
    },
    "1533": {
        "1533": 1
    },
    "1532": {
        "1532": 1
    },
    "1531": {
        "1531": 1
    },
    "1530": {
        "47960": 1
    },
    "1539": {
        "1539": 1
    },
    "153c": {
        "43737": 1
    },
    "1550": {
        "16055": 1
    },
    "1547": {
        "16055": 1,
        "27761": 1,
        "16966": 1
    },
    "1542": {
        "47960": 1
    },
    "1548": {
        "16966": 1
    },
    "1561": {
        "47960": 1
    },
    "1560": {
        "16055": 2,
        "18143": 1,
        "47960": 1
    },
    "1556": {
        "43737": 2,
        "16966": 1
    },
    "1554": {
        "47960": 1
    },
    "1553": {
        "16055": 1,
        "47960": 2
    },
    "1572": {
        "16055": 2
    },
    "1570": {
        "47960": 1,
        "16966": 1
    },
    "1569": {
        "16055": 1
    },
    "1568": {
        "16055": 2,
        "1430": 1
    },
    "1567": {
        "47960": 3
    },
    "1565": {
        "16055": 2
    },
    "1564": {
        "16055": 1,
        "1430": 1
    },
    "1563": {
        "16055": 1,
        "47960": 1
    },
    "1562": {
        "16055": 1,
        "47960": 3
    },
    "13th": {
        "47960": 1,
        "27761": 1
    },
    "1583": {
        "47960": 1
    },
    "1582": {
        "16055": 3,
        "23046": 1,
        "47960": 2,
        "27761": 1,
        "1430": 1
    },
    "1581": {
        "47960": 1,
        "27761": 1
    },
    "1580": {
        "47960": 3
    },
    "1579": {
        "47960": 1
    },
    "1578": {
        "47960": 2
    },
    "1576": {
        "16055": 1
    },
    "1575": {
        "47960": 2
    },
    "1574": {
        "16055": 1,
        "47960": 1
    },
    "1573": {
        "47960": 1
    },
    "1594": {
        "16055": 7,
        "18143": 2,
        "47960": 1
    },
    "1593": {
        "16055": 7,
        "47960": 1
    },
    "1592": {
        "16055": 4,
        "47960": 1
    },
    "1591": {
        "16055": 5,
        "47960": 2
    },
    "1590": {
        "16055": 1,
        "47960": 2
    },
    "1589": {
        "47960": 1,
        "1430": 1
    },
    "1588": {
        "16055": 2
    },
    "1587": {
        "16055": 2,
        "47960": 1
    },
    "1586": {
        "47960": 1
    },
    "1584": {
        "16055": 1,
        "47960": 3,
        "16966": 1
    },
    "1599": {
        "16055": 4,
        "27726": 1,
        "47960": 5
    },
    "1598": {
        "16055": 5,
        "47960": 2
    },
    "1597": {
        "16055": 8,
        "18143": 1,
        "47960": 2
    },
    "1596": {
        "16055": 1,
        "18143": 1,
        "47960": 3,
        "16966": 1,
        "1430": 1
    },
    "1595": {
        "16055": 1,
        "23046": 1,
        "18143": 2,
        "47960": 2,
        "27761": 1
    },
    "165167": {
        "23045": 1
    },
    "1602": {
        "16055": 1,
        "47960": 1,
        "23044": 3,
        "16966": 1,
        "1430": 1
    },
    "1601": {
        "16055": 2,
        "47960": 1,
        "16966": 2
    },
    "1600": {
        "16055": 5,
        "47960": 4,
        "16966": 1
    },
    "1609": {
        "16055": 9,
        "47960": 2,
        "16966": 1
    },
    "1608": {
        "16055": 4,
        "47960": 2,
        "16966": 3,
        "1430": 2
    },
    "1607": {
        "16055": 4,
        "47960": 3,
        "16966": 2,
        "1430": 1
    },
    "1606": {
        "16055": 2,
        "47960": 3,
        "16966": 6
    },
    "1605": {
        "16055": 1,
        "16966": 5
    },
    "1604": {
        "16055": 3,
        "47960": 1,
        "16966": 1
    },
    "1603": {
        "16055": 4,
        "27726": 1,
        "47960": 1,
        "16966": 1
    },
    "1613": {
        "16055": 2,
        "16966": 1
    },
    "1611": {
        "16055": 5,
        "27726": 1,
        "47960": 1
    },
    "1610": {
        "47960": 1,
        "16966": 3
    },
    "1619": {
        "16055": 1,
        "23044": 2,
        "16966": 1
    },
    "1617": {
        "5429": 1
    },
    "1616": {
        "16055": 4,
        "1430": 2
    },
    "1player": {
        "2265": 1
    },
    "1615": {
        "47960": 2
    },
    "1624": {
        "16055": 2
    },
    "1623": {
        "16055": 28,
        "23042": 1,
        "47960": 1,
        "23044": 1,
        "1430": 1,
        "23045": 1,
        "23046": 1,
        "16966": 3
    },
    "1622": {
        "16055": 1,
        "16966": 2
    },
    "1620": {
        "47960": 2
    },
    "1628": {
        "16055": 1
    },
    "1626": {
        "16055": 2
    },
    "1625": {
        "47960": 1
    },
    "1635": {
        "16055": 1
    },
    "1634": {
        "43737": 1
    },
    "1632": {
        "47960": 4,
        "16966": 1
    },
    "1631": {
        "47960": 1
    },
    "1630": {
        "16055": 2,
        "23044": 1
    },
    "1639": {
        "16055": 1,
        "47960": 1
    },
    "1637": {
        "47960": 1
    },
    "1645": {
        "16055": 1,
        "16966": 1
    },
    "1657": {
        "16055": 1
    },
    "1668": {
        "16966": 1
    },
    "1666": {
        "16055": 1
    },
    "1664": {
        "16055": 5,
        "5429": 1
    },
    "1663": {
        "23045": 1,
        "23046": 1,
        "23042": 1,
        "23044": 1
    },
    "1662": {
        "16055": 1
    },
    "1661": {
        "16055": 1
    },
    "1669": {
        "23042": 1
    },
    "14th": {
        "43737": 4
    },
    "1693": {
        "23045": 1
    },
    "1685": {
        "23045": 1,
        "23046": 1,
        "23042": 1,
        "23044": 1
    },
    "1700": {
        "16055": 2
    },
    "1709": {
        "23045": 1,
        "23046": 1,
        "23042": 1,
        "23044": 1
    },
    "1706": {
        "16966": 1
    },
    "1717": {
        "16055": 1
    },
    "1715": {
        "23045": 1,
        "23046": 1,
        "23042": 1,
        "23044": 1
    },
    "1714": {
        "16966": 2
    },
    "1723": {
        "16055": 1
    },
    "1720": {
        "16055": 1
    },
    "1728": {
        "16055": 1
    },
    "1725": {
        "16055": 1
    },
    "1724": {
        "16966": 2
    },
    "1734": {
        "16966": 1
    },
    "1733": {
        "23045": 1,
        "23046": 1,
        "23042": 1,
        "23044": 1
    },
    "1730": {
        "16966": 1
    },
    "1735": {
        "16055": 1
    },
    "1744": {
        "23045": 1,
        "23046": 1,
        "23042": 1,
        "23044": 1
    },
    "1749": {
        "16055": 1
    },
    "1747": {
        "23045": 1,
        "23046": 1,
        "23042": 1,
        "23044": 1
    },
    "1756": {
        "16966": 1
    },
    "1753": {
        "16055": 1
    },
    "1752": {
        "16055": 1
    },
    "1750": {
        "16055": 2
    },
    "1767": {
        "16966": 2
    },
    "1766": {
        "47960": 1
    },
    "1765": {
        "23045": 2,
        "23046": 1,
        "23042": 1,
        "5429": 1,
        "23044": 1
    },
    "1762": {
        "18143": 1
    },
    "1760": {
        "47960": 1
    },
    "1769": {
        "16055": 1
    },
    "1768": {
        "23045": 1,
        "23046": 1,
        "23042": 1,
        "23044": 1
    },
    "1780": {
        "16966": 1
    },
    "15th": {
        "43737": 2
    },
    "1778": {
        "23045": 3,
        "23044": 1
    },
    "1775": {
        "16055": 1
    },
    "1773": {
        "23045": 1,
        "23046": 1,
        "23042": 1,
        "23044": 1
    },
    "1792": {
        "16055": 1
    },
    "1790": {
        "23045": 1,
        "23046": 1,
        "23042": 1,
        "23044": 1
    },
    "1808": {
        "23042": 1
    },
    "1803": {
        "23045": 1,
        "23046": 1,
        "23042": 1,
        "23044": 1
    },
    "1802": {
        "43737": 1
    },
    "1817": {
        "16055": 1
    },
    "1816": {
        "47960": 1
    },
    "1812": {
        "16966": 2
    },
    "1821": {
        "23046": 1,
        "47960": 1
    },
    "1825": {
        "16055": 1
    },
    "1823": {
        "16966": 1
    },
    "1838": {
        "16055": 2,
        "16966": 1
    },
    "1836": {
        "47960": 1
    },
    "1835": {
        "16966": 1
    },
    "1842": {
        "23044": 1
    },
    "1855": {
        "27726": 1
    },
    "1850": {
        "16055": 1
    },
    "1859": {
        "27761": 3
    },
    "1856": {
        "16966": 3
    },
    "1866": {
        "47960": 1
    },
    "1864": {
        "16055": 1,
        "18143": 1
    },
    "1863": {
        "23045": 2,
        "16055": 1,
        "23046": 2,
        "23042": 2,
        "23044": 2
    },
    "1868": {
        "16966": 1
    },
    "1880": {
        "16055": 1,
        "47960": 1
    },
    "16th": {
        "47960": 1
    },
    "1877": {
        "16055": 1,
        "47960": 1,
        "16966": 2
    },
    "1876": {
        "47960": 1
    },
    "1875": {
        "47960": 2,
        "16966": 1
    },
    "1874": {
        "16966": 2
    },
    "1873": {
        "47960": 1
    },
    "1871": {
        "16055": 1,
        "47960": 1
    },
    "1870": {
        "16055": 1
    },
    "1879": {
        "47960": 2
    },
    "1878": {
        "47960": 2
    },
    "1890": {
        "16055": 1
    },
    "1888": {
        "16966": 1
    },
    "1887": {
        "47960": 1
    },
    "1885": {
        "16966": 1
    },
    "1884": {
        "47960": 2
    },
    "1882": {
        "47960": 1
    },
    "1881": {
        "47960": 1
    },
    "1889": {
        "16055": 1,
        "47960": 1
    },
    "1899": {
        "47960": 1,
        "16966": 2
    },
    "1898": {
        "47960": 2
    },
    "1897": {
        "47960": 2
    },
    "1896": {
        "47960": 1
    },
    "1895": {
        "47960": 3
    },
    "1893": {
        "47960": 1
    },
    "1892": {
        "16055": 1
    },
    "1909": {
        "16966": 1
    },
    "1908": {
        "16055": 4,
        "16966": 2
    },
    "1907": {
        "47960": 1
    },
    "1906": {
        "27726": 2,
        "16966": 1
    },
    "1905": {
        "16966": 2
    },
    "1904": {
        "16055": 1,
        "47960": 1,
        "16966": 2
    },
    "1903": {
        "47960": 2,
        "16966": 1
    },
    "1902": {
        "16055": 2,
        "47960": 3
    },
    "1901": {
        "47960": 1
    },
    "1900": {
        "47960": 1,
        "16966": 1
    },
    "1919": {
        "16966": 2
    },
    "1910": {
        "16055": 1,
        "16966": 1
    },
    "1918": {
        "16966": 1
    },
    "1916": {
        "16055": 4,
        "16966": 1
    },
    "1915": {
        "16055": 2,
        "16966": 1
    },
    "1914": {
        "16966": 1
    },
    "1913": {
        "16055": 1
    },
    "1912": {
        "16966": 1
    },
    "1911": {
        "16055": 2,
        "16966": 1
    },
    "1921": {
        "16055": 1
    },
    "1923": {
        "23045": 1,
        "16966": 2
    },
    "1950": {
        "47960": 1
    },
    "17th": {
        "23045": 1,
        "23046": 1,
        "23042": 1,
        "23044": 1
    },
    "1998": {
        "1286": 1,
        "1514": 1,
        "1513": 1,
        "1524": 1,
        "1523": 1,
        "1522": 1,
        "1533": 1,
        "1532": 1,
        "1531": 1,
        "1430": 1,
        "1508": 1,
        "1519": 1,
        "1539": 1,
        "1515": 1,
        "1526": 1
    },
    "1997": {
        "1112": 1,
        "1041": 1
    },
    "1994": {
        "100": 1
    },
    "1993": {
        "16966": 1
    },
    "18141879": {
        "16055": 1
    },
    "161165": {
        "23045": 1
    },
    "18th": {
        "43737": 1,
        "16966": 1
    },
    "185193": {
        "16966": 1
    },
    "10910": {
        "16966": 1
    },
    "19434": {
        "16055": 1
    },
    "112132": {
        "16966": 1
    },
    "112118": {
        "47960": 1
    },
    "15601574": {
        "16055": 1
    },
    "194204": {
        "16966": 1
    },
    "160711": {
        "16055": 1
    },
    "145111": {
        "16966": 1
    },
    "170178": {
        "23045": 1
    },
    "15000000": {
        "16055": 1
    },
    "19973": {
        "16055": 1
    },
    "15641593": {
        "16055": 1
    },
    "160521": {
        "16055": 1
    },
    "15631624": {
        "16055": 1
    },
    "15622": {
        "18143": 1
    },
    "15923": {
        "16055": 1
    },
    "155161": {
        "23045": 1
    },
    "179185": {
        "23045": 1
    },
    "180185": {
        "23046": 1
    },
    "13031332": {
        "43737": 1
    },
    "19thcentury": {
        "23045": 1,
        "23046": 1,
        "23042": 1,
        "23044": 1
    },
    "11417": {
        "5429": 1
    },
    "1602merchant": {
        "16966": 1
    },
    "11720": {
        "16966": 1
    },
    "186116": {
        "16055": 1
    },
    "1and": {
        "47960": 1
    },
    "16055": {
        "16055": 1
    },
    "15941595": {
        "47960": 1
    },
    "122138": {
        "16966": 1
    },
    "1595comedy": {
        "16966": 1
    },
    "1608troilus": {
        "16966": 1
    },
    "191198": {
        "16055": 1
    },
    "16872": {
        "16966": 1
    },
    "16966": {
        "16966": 1
    },
    "16936": {
        "47960": 1
    },
    "14971543": {
        "16055": 1
    }
}
