{
    "2": {
        "16055": 77,
        "23045": 25,
        "1286": 1,
        "43737": 183,
        "23046": 18,
        "1041": 1,
        "27726": 57,
        "20657": 1,
        "1514": 1,
        "1513": 1,
        "1533": 1,
        "1532": 2,
        "23042": 19,
        "1531": 1,
        "1112": 4,
        "23044": 10,
        "1430": 40,
        "27761": 1,
        "1519": 1,
        "1539": 1,
        "1515": 1,
        "18143": 3,
        "47960": 283,
        "2265": 1,
        "2264": 21,
        "100": 25,
        "1524": 1,
        "1523": 1,
        "1522": 1,
        "1508": 1,
        "5429": 2,
        "16966": 77,
        "1526": 1
    },
    "26970": {
        "16966": 1
    },
    "20": {
        "16055": 6,
        "23045": 18,
        "1286": 1,
        "43737": 107,
        "23046": 15,
        "1041": 1,
        "27726": 2,
        "20657": 1,
        "1514": 1,
        "1513": 1,
        "1533": 1,
        "1532": 1,
        "23042": 12,
        "1531": 1,
        "1112": 1,
        "23044": 46,
        "1430": 2,
        "27761": 1,
        "1519": 1,
        "1539": 1,
        "1515": 1,
        "18143": 2,
        "47960": 40,
        "2265": 1,
        "2264": 1,
        "100": 3,
        "1524": 1,
        "1523": 1,
        "1522": 1,
        "1508": 1,
        "5429": 1,
        "16966": 13,
        "1526": 1
    },
    "21": {
        "16055": 5,
        "100": 1,
        "23042": 1,
        "18143": 1,
        "47960": 26,
        "23044": 3,
        "23045": 4,
        "43737": 83,
        "23046": 3,
        "16966": 12
    },
    "22": {
        "16055": 4,
        "18143": 1,
        "47960": 17,
        "23045": 6,
        "1286": 1,
        "43737": 93,
        "23046": 3,
        "2264": 1,
        "100": 1,
        "1523": 1,
        "23042": 1,
        "23044": 5,
        "1430": 1,
        "16966": 13
    },
    "23": {
        "16055": 5,
        "100": 1,
        "23042": 1,
        "18143": 1,
        "47960": 17,
        "23044": 5,
        "23045": 4,
        "43737": 103,
        "2265": 1,
        "23046": 4,
        "5429": 1,
        "16966": 7
    },
    "24": {
        "16055": 5,
        "100": 2,
        "23042": 2,
        "18143": 1,
        "47960": 4,
        "23044": 5,
        "27761": 1,
        "23045": 5,
        "43737": 88,
        "23046": 1,
        "20657": 1,
        "16966": 3
    },
    "25": {
        "16055": 4,
        "100": 1,
        "23042": 11,
        "18143": 1,
        "47960": 21,
        "23044": 38,
        "1430": 1,
        "23045": 22,
        "43737": 89,
        "23046": 12,
        "5429": 1,
        "16966": 7
    },
    "26": {
        "1514": 1,
        "16055": 5,
        "100": 1,
        "23042": 3,
        "18143": 1,
        "47960": 14,
        "23044": 4,
        "1430": 1,
        "23045": 5,
        "43737": 81,
        "23046": 4,
        "16966": 8
    },
    "27": {
        "16055": 2,
        "100": 1,
        "23042": 2,
        "18143": 1,
        "47960": 21,
        "23044": 5,
        "23045": 5,
        "43737": 85,
        "23046": 1,
        "1519": 1,
        "20657": 1,
        "16966": 4
    },
    "28": {
        "16055": 5,
        "100": 2,
        "23042": 1,
        "18143": 1,
        "47960": 12,
        "23044": 5,
        "23045": 5,
        "43737": 97,
        "23046": 4,
        "5429": 1,
        "16966": 13
    },
    "29": {
        "16055": 3,
        "100": 1,
        "23042": 2,
        "18143": 1,
        "47960": 26,
        "23044": 2,
        "23045": 4,
        "43737": 95,
        "23046": 6,
        "16966": 8
    },
    "2d": {
        "16055": 1,
        "100": 1,
        "47960": 14,
        "1430": 5
    },
    "2m": {
        "1112": 2
    },
    "2s": {
        "100": 2
    },
    "22231": {
        "16966": 1
    },
    "244livi229": {
        "1430": 1
    },
    "256258": {
        "23045": 1
    },
    "226234238244251": {
        "1430": 1
    },
    "2wife": {
        "1112": 1
    },
    "255257": {
        "23045": 1
    },
    "299300": {
        "16966": 2
    },
    "244f234li229": {
        "1430": 1
    },
    "27761": {
        "27761": 1
    },
    "27726": {
        "27726": 1
    },
    "2the": {
        "47960": 1
    },
    "296298": {
        "16055": 1
    },
    "23045": {
        "23045": 1
    },
    "23046": {
        "23046": 1
    },
    "23041": {
        "23045": 2,
        "23046": 2,
        "23042": 2,
        "23044": 2
    },
    "23042": {
        "23042": 1
    },
    "23044": {
        "23044": 1
    },
    "23625": {
        "16055": 1
    },
    "237255": {
        "16966": 1
    },
    "286304": {
        "16966": 1
    },
    "23942": {
        "16966": 1
    },
    "282284": {
        "23042": 1
    },
    "208210": {
        "16966": 1
    },
    "257269": {
        "16966": 1
    },
    "229pol244": {
        "1430": 1
    },
    "200": {
        "100": 1,
        "23042": 6,
        "47960": 17,
        "27761": 1,
        "23044": 6,
        "1430": 1,
        "23045": 4,
        "43737": 31,
        "23046": 2,
        "16966": 7
    },
    "201": {
        "16055": 1,
        "43737": 24,
        "23042": 1,
        "47960": 3,
        "16966": 5
    },
    "202": {
        "23045": 2,
        "43737": 24,
        "23042": 2,
        "47960": 4,
        "16966": 6
    },
    "203": {
        "16055": 1,
        "43737": 23,
        "23046": 1,
        "47960": 13,
        "16966": 2
    },
    "204": {
        "100": 1,
        "47960": 14,
        "1430": 1,
        "23045": 1,
        "43737": 25,
        "23046": 1,
        "16966": 4
    },
    "205": {
        "23042": 5,
        "47960": 9,
        "23044": 5,
        "23045": 5,
        "43737": 34,
        "23046": 3,
        "16966": 2
    },
    "206": {
        "16055": 1,
        "43737": 33,
        "20657": 1,
        "23042": 1,
        "47960": 9,
        "16966": 1
    },
    "207": {
        "23045": 3,
        "43737": 29,
        "47960": 13,
        "23044": 1,
        "16966": 6
    },
    "208": {
        "43737": 30,
        "100": 1,
        "23046": 1,
        "47960": 11,
        "16966": 6
    },
    "209": {
        "16055": 2,
        "43737": 28,
        "23042": 1,
        "47960": 13,
        "23044": 2,
        "16966": 5
    },
    "210": {
        "23042": 4,
        "47960": 9,
        "23044": 7,
        "23045": 4,
        "43737": 24,
        "23046": 2,
        "16966": 9
    },
    "211": {
        "16055": 4,
        "23042": 2,
        "47960": 15,
        "23044": 1,
        "1430": 2,
        "43737": 26,
        "16966": 7
    },
    "212": {
        "100": 1,
        "23042": 2,
        "47960": 13,
        "23045": 1,
        "43737": 22,
        "23046": 1,
        "16966": 2
    },
    "213": {
        "16055": 3,
        "23042": 1,
        "47960": 11,
        "1430": 1,
        "23045": 2,
        "43737": 21,
        "23046": 1,
        "16966": 1
    },
    "214": {
        "23045": 1,
        "16055": 1,
        "43737": 22,
        "47960": 11,
        "23044": 1,
        "16966": 1
    },
    "215": {
        "16055": 4,
        "23042": 4,
        "47960": 10,
        "23044": 6,
        "23045": 4,
        "43737": 27,
        "23046": 2,
        "16966": 1
    },
    "216": {
        "100": 1,
        "23042": 1,
        "47960": 19,
        "23044": 1,
        "23045": 1,
        "43737": 19,
        "16966": 5
    },
    "217": {
        "23045": 1,
        "16055": 2,
        "43737": 25,
        "47960": 5,
        "16966": 5
    },
    "218": {
        "43737": 25,
        "23042": 1,
        "47960": 7,
        "16966": 5,
        "1430": 1
    },
    "219": {
        "23045": 1,
        "16055": 1,
        "43737": 29,
        "47960": 10,
        "23044": 1,
        "16966": 1
    },
    "220": {
        "16055": 1,
        "100": 1,
        "23042": 4,
        "47960": 12,
        "23044": 3,
        "23045": 5,
        "43737": 30,
        "23046": 1,
        "27726": 1,
        "16966": 1
    },
    "221": {
        "23045": 2,
        "43737": 25,
        "20657": 1,
        "23042": 1,
        "47960": 16,
        "16966": 1
    },
    "222": {
        "23045": 1,
        "43737": 23,
        "23042": 1,
        "47960": 8,
        "16966": 7,
        "1430": 1
    },
    "223": {
        "16055": 1,
        "43737": 34,
        "47960": 10,
        "16966": 4
    },
    "224": {
        "16055": 1,
        "43737": 25,
        "100": 1,
        "47960": 11,
        "16966": 1
    },
    "225": {
        "23042": 4,
        "47960": 8,
        "23044": 5,
        "1430": 1,
        "23045": 5,
        "43737": 25,
        "23046": 1,
        "16966": 3
    },
    "226": {
        "23045": 1,
        "43737": 26,
        "23042": 1,
        "47960": 4,
        "16966": 5
    },
    "227": {
        "23045": 1,
        "16055": 1,
        "43737": 26,
        "23042": 1,
        "47960": 8,
        "16966": 2
    },
    "228": {
        "100": 1,
        "47960": 4,
        "23044": 1,
        "1430": 2,
        "23045": 1,
        "43737": 22,
        "23046": 1,
        "16966": 5
    },
    "229": {
        "43737": 29,
        "23042": 1,
        "5429": 1,
        "47960": 12,
        "16966": 2,
        "1430": 2
    },
    "230": {
        "23042": 7,
        "47960": 8,
        "23044": 4,
        "23045": 4,
        "43737": 24,
        "23046": 1,
        "16966": 1
    },
    "231": {
        "43737": 27,
        "23042": 1,
        "47960": 6,
        "23044": 2,
        "16966": 4
    },
    "232": {
        "23045": 1,
        "43737": 30,
        "100": 1,
        "47960": 10,
        "16966": 2,
        "1430": 1
    },
    "233": {
        "16055": 1,
        "43737": 23,
        "47960": 14,
        "16966": 2
    },
    "234": {
        "23045": 3,
        "43737": 24,
        "23042": 3,
        "47960": 10,
        "23044": 1,
        "16966": 2
    },
    "235": {
        "23042": 5,
        "47960": 9,
        "23044": 2,
        "1430": 2,
        "23045": 5,
        "43737": 21,
        "23046": 5,
        "16966": 1
    },
    "236": {
        "16055": 1,
        "100": 1,
        "23042": 1,
        "47960": 12,
        "23044": 1,
        "23045": 1,
        "43737": 19,
        "23046": 2,
        "20657": 1,
        "16966": 3
    },
    "237": {
        "23045": 1,
        "43737": 23,
        "47960": 5,
        "16966": 3
    },
    "238": {
        "23045": 1,
        "43737": 23,
        "47960": 7,
        "16966": 3
    },
    "239": {
        "43737": 20,
        "100": 1,
        "47960": 5,
        "16966": 4
    },
    "240": {
        "23042": 5,
        "47960": 5,
        "23044": 2,
        "23045": 4,
        "43737": 19,
        "23046": 1,
        "16966": 2
    },
    "241": {
        "23045": 2,
        "43737": 25,
        "23042": 2,
        "47960": 11,
        "16966": 1,
        "1430": 1
    },
    "242": {
        "23045": 1,
        "43737": 28,
        "23042": 1,
        "47960": 6,
        "23044": 1,
        "16966": 4
    },
    "243": {
        "23045": 1,
        "16055": 1,
        "43737": 27,
        "23042": 2,
        "47960": 8,
        "16966": 5
    },
    "244": {
        "100": 1,
        "23042": 2,
        "47960": 8,
        "1430": 1,
        "23045": 1,
        "43737": 27,
        "16966": 2
    },
    "245": {
        "23042": 6,
        "47960": 4,
        "23044": 2,
        "23045": 5,
        "43737": 23,
        "23046": 1,
        "16966": 5
    },
    "246": {
        "23045": 1,
        "43737": 29,
        "23042": 1,
        "47960": 3,
        "23044": 1,
        "16966": 4
    },
    "247": {
        "23042": 1,
        "47960": 8,
        "1430": 1,
        "23045": 2,
        "43737": 33,
        "23046": 1,
        "16966": 5
    },
    "248": {
        "43737": 23,
        "100": 1,
        "23046": 1,
        "23042": 2,
        "47960": 8,
        "16966": 4
    },
    "249": {
        "23042": 1,
        "47960": 5,
        "23044": 1,
        "23045": 2,
        "43737": 20,
        "23046": 1,
        "16966": 3
    },
    "250": {
        "23042": 5,
        "47960": 2,
        "23044": 2,
        "23045": 4,
        "43737": 27,
        "23046": 1,
        "27726": 1,
        "16966": 2
    },
    "251": {
        "23045": 1,
        "43737": 19,
        "23042": 1,
        "23044": 1,
        "16966": 3
    },
    "252": {
        "43737": 20,
        "100": 1,
        "47960": 6,
        "16966": 2,
        "1430": 1
    },
    "253": {
        "16055": 1,
        "43737": 26,
        "23042": 2,
        "47960": 9,
        "16966": 5,
        "1430": 1
    },
    "254": {
        "43737": 27,
        "47960": 11,
        "16966": 2
    },
    "255": {
        "23042": 5,
        "47960": 2,
        "23044": 2,
        "1430": 1,
        "23045": 5,
        "43737": 27,
        "23046": 1,
        "20657": 1,
        "16966": 6
    },
    "256": {
        "23045": 1,
        "43737": 25,
        "100": 1,
        "23042": 2,
        "47960": 5,
        "16966": 4
    },
    "257": {
        "23045": 1,
        "16055": 1,
        "43737": 26,
        "47960": 7,
        "23044": 1,
        "16966": 2
    },
    "258": {
        "23045": 2,
        "43737": 21,
        "23042": 1,
        "47960": 9,
        "16966": 4,
        "1430": 1
    },
    "259": {
        "43737": 14,
        "47960": 5,
        "16966": 2,
        "1430": 1
    },
    "260": {
        "16055": 1,
        "100": 1,
        "23042": 4,
        "47960": 5,
        "23044": 2,
        "23045": 4,
        "43737": 16,
        "23046": 1,
        "16966": 4
    },
    "261": {
        "16055": 1,
        "43737": 23,
        "23042": 2,
        "47960": 13,
        "23044": 1,
        "16966": 4
    },
    "262": {
        "16055": 1,
        "43737": 18,
        "23042": 1,
        "47960": 9,
        "16966": 4
    },
    "263": {
        "16055": 2,
        "43737": 18,
        "47960": 6,
        "23044": 1,
        "16966": 2,
        "1430": 1
    },
    "264": {
        "43737": 25,
        "100": 1,
        "23042": 1,
        "47960": 6,
        "16966": 6
    },
    "265": {
        "23042": 3,
        "47960": 10,
        "23044": 2,
        "23045": 3,
        "43737": 24,
        "23046": 1,
        "16966": 2
    },
    "266": {
        "43737": 14,
        "47960": 5,
        "16966": 3
    },
    "267": {
        "23042": 4,
        "47960": 16,
        "23044": 1,
        "1430": 1,
        "23045": 1,
        "43737": 14,
        "23046": 1,
        "16966": 5
    },
    "268": {
        "23042": 1,
        "47960": 5,
        "43737": 21,
        "23046": 1,
        "27726": 1,
        "5429": 1,
        "16966": 3
    },
    "269": {
        "43737": 17,
        "100": 1,
        "23042": 1,
        "47960": 7,
        "16966": 2
    },
    "270": {
        "23042": 4,
        "47960": 11,
        "23044": 2,
        "23045": 1,
        "43737": 19,
        "23046": 1,
        "16966": 2
    },
    "271": {
        "16055": 1,
        "43737": 21,
        "23042": 3,
        "47960": 7,
        "16966": 2
    },
    "272": {
        "43737": 26,
        "100": 1,
        "20657": 1,
        "47960": 8,
        "16966": 3,
        "1430": 2
    },
    "273": {
        "43737": 19,
        "23042": 2,
        "47960": 12,
        "16966": 1
    },
    "274": {
        "43737": 22,
        "23042": 1,
        "16966": 3
    },
    "275": {
        "23042": 4,
        "47960": 2,
        "23044": 3,
        "23045": 2,
        "43737": 17,
        "23046": 1,
        "16966": 5
    },
    "276": {
        "100": 1,
        "47960": 3,
        "23044": 1,
        "1430": 1,
        "23045": 1,
        "43737": 23,
        "16966": 2
    },
    "277": {
        "43737": 16,
        "23042": 1,
        "16966": 1
    },
    "278": {
        "23045": 1,
        "43737": 33,
        "5429": 1,
        "47960": 1,
        "16966": 3
    },
    "279": {
        "16055": 1,
        "43737": 20,
        "47960": 1,
        "16966": 3
    },
    "280": {
        "23042": 5,
        "47960": 3,
        "23044": 2,
        "23045": 1,
        "43737": 24,
        "23046": 1,
        "16966": 3
    },
    "281": {
        "16055": 1,
        "100": 1,
        "23042": 1,
        "1430": 1,
        "43737": 15,
        "23046": 1,
        "16966": 3
    },
    "282": {
        "43737": 18,
        "23042": 2,
        "16966": 5
    },
    "283": {
        "43737": 22,
        "47960": 1,
        "16966": 1
    },
    "284": {
        "43737": 22,
        "100": 1,
        "47960": 2,
        "16966": 1,
        "1430": 1
    },
    "285": {
        "23042": 3,
        "47960": 1,
        "23044": 1,
        "23045": 2,
        "43737": 15,
        "23046": 1,
        "16966": 5
    },
    "286": {
        "16055": 2,
        "43737": 21,
        "47960": 2,
        "16966": 2,
        "1430": 1
    },
    "287": {
        "43737": 16,
        "20657": 1,
        "16966": 2
    },
    "288": {
        "43737": 22,
        "100": 1,
        "47960": 1,
        "16966": 4,
        "1430": 1
    },
    "289": {
        "23045": 1,
        "16055": 1,
        "43737": 23,
        "23042": 3,
        "47960": 2,
        "16966": 1
    },
    "290": {
        "23045": 2,
        "43737": 18,
        "23046": 1,
        "23042": 4,
        "47960": 4,
        "16966": 3
    },
    "291": {
        "43737": 20,
        "23046": 1,
        "47960": 2,
        "16966": 2
    },
    "292": {
        "43737": 19,
        "100": 1,
        "16966": 2
    },
    "293": {
        "16055": 1,
        "43737": 18,
        "47960": 1,
        "16966": 2
    },
    "294": {
        "43737": 24,
        "16966": 3
    },
    "295": {
        "23045": 2,
        "43737": 22,
        "23046": 1,
        "23042": 3,
        "47960": 1,
        "16966": 3
    },
    "296": {
        "23045": 1,
        "43737": 24,
        "47960": 1,
        "16966": 2
    },
    "297": {
        "43737": 20
    },
    "298": {
        "43737": 21,
        "23046": 1,
        "23042": 4,
        "47960": 1,
        "16966": 4
    },
    "299": {
        "23045": 1,
        "43737": 18,
        "23042": 1
    },
    "28093": {
        "16966": 1
    },
    "2nd": {
        "23042": 1,
        "47960": 1,
        "27761": 12
    },
    "242245": {
        "23042": 1
    },
    "266272": {
        "16966": 1
    },
    "234ahg244": {
        "1430": 1
    },
    "28890": {
        "16966": 1
    },
    "213214": {
        "16055": 1
    },
    "226riel": {
        "1430": 1
    },
    "24951": {
        "16966": 2
    },
    "244thel244": {
        "1430": 1
    },
    "228transcribers": {
        "16966": 1
    },
    "20657": {
        "20657": 1
    },
    "20811": {
        "16966": 1
    },
    "204217": {
        "16055": 1
    },
    "292362": {
        "16966": 1
    },
    "234mili229": {
        "1430": 2
    },
    "267271": {
        "23042": 1
    },
    "2murth": {
        "2264": 2
    },
    "226li234n229": {
        "1430": 1
    },
    "238248": {
        "16055": 1
    },
    "2001": {
        "16055": 1,
        "23045": 1,
        "1286": 1,
        "43737": 1,
        "23046": 1,
        "1041": 1,
        "27726": 1,
        "20657": 1,
        "1514": 1,
        "1513": 1,
        "1533": 1,
        "1532": 1,
        "23042": 1,
        "1531": 1,
        "1112": 1,
        "23044": 1,
        "1430": 1,
        "27761": 1,
        "1519": 1,
        "1539": 1,
        "1515": 1,
        "18143": 1,
        "47960": 1,
        "2265": 1,
        "2264": 1,
        "100": 1,
        "1524": 1,
        "1523": 1,
        "1522": 1,
        "1508": 1,
        "5429": 1,
        "16966": 1,
        "1526": 1
    },
    "2000": {
        "16055": 2,
        "2265": 1,
        "2264": 1
    },
    "2009": {
        "27726": 1,
        "27761": 1
    },
    "2007": {
        "23045": 1,
        "23046": 1,
        "20657": 1,
        "23042": 1,
        "23044": 1
    },
    "2006": {
        "18143": 1
    },
    "2005": {
        "16055": 1,
        "16966": 1
    },
    "2004": {
        "5429": 1
    },
    "234geon": {
        "1430": 1
    },
    "2023": {
        "1514": 1,
        "1524": 1,
        "1523": 1,
        "1522": 1,
        "1532": 1,
        "1531": 1,
        "1112": 1,
        "1508": 1,
        "1519": 1,
        "1539": 1,
        "1515": 1,
        "1526": 1
    },
    "2022": {
        "1286": 1
    },
    "2021": {
        "27761": 1
    },
    "2020": {
        "16055": 1,
        "5429": 1,
        "16966": 1
    },
    "2019": {
        "2265": 1,
        "2264": 1
    },
    "2016": {
        "16966": 1
    },
    "2015": {
        "47960": 1
    },
    "2013": {
        "43737": 1
    },
    "2032": {
        "43737": 1
    },
    "2024": {
        "100": 1,
        "1513": 1,
        "1041": 1,
        "1533": 1,
        "1430": 1
    },
    "2036": {
        "16966": 1
    },
    "2078": {
        "16966": 1
    },
    "2106": {
        "47960": 1
    },
    "2116": {
        "47960": 2
    },
    "2114": {
        "47960": 2
    },
    "2113": {
        "16966": 1
    },
    "2112": {
        "16966": 1
    },
    "2129": {
        "23046": 1
    },
    "2143": {
        "47960": 1
    },
    "2135": {
        "16966": 1
    },
    "2146": {
        "16966": 1
    },
    "2156": {
        "16966": 1
    },
    "2178": {
        "16966": 1
    },
    "2190": {
        "47960": 1
    },
    "2232": {
        "47960": 1
    },
    "2226": {
        "23045": 2
    },
    "2225": {
        "16966": 1
    },
    "2223": {
        "43737": 1
    },
    "2237": {
        "16966": 1
    },
    "2265": {
        "2265": 1
    },
    "2264": {
        "2264": 1
    },
    "2312": {
        "16966": 1
    },
    "2330": {
        "16055": 1
    },
    "2323": {
        "16966": 2
    },
    "2335": {
        "16966": 1
    },
    "2367": {
        "16966": 1
    },
    "21st": {
        "47960": 1
    },
    "2389": {
        "16966": 1
    },
    "2430": {
        "16966": 1
    },
    "2440": {
        "16966": 1
    },
    "2434": {
        "16966": 2
    },
    "2439": {
        "16966": 1
    },
    "2446": {
        "16966": 1
    },
    "2445": {
        "16966": 3
    },
    "2457": {
        "16966": 2
    },
    "2504": {
        "16966": 2
    },
    "2500": {
        "16055": 1,
        "47960": 1
    },
    "2513": {
        "16966": 1
    },
    "2546": {
        "16966": 1
    },
    "23rd": {
        "1430": 1
    },
    "2556": {
        "16966": 1
    },
    "2571": {
        "16966": 1
    },
    "2568": {
        "16966": 1
    },
    "2567": {
        "43737": 1,
        "16966": 1
    },
    "2563": {
        "16966": 1
    },
    "25960": {
        "16966": 1
    },
    "2630": {
        "16966": 1
    },
    "2637": {
        "16966": 1
    },
    "2645": {
        "16966": 1
    },
    "2656": {
        "16966": 2
    },
    "2668": {
        "16966": 2
    },
    "211215": {
        "23046": 1
    },
    "2713": {
        "16966": 2
    },
    "2712": {
        "16966": 1
    },
    "2719": {
        "16966": 1
    },
    "2739": {
        "16966": 1
    },
    "2756": {
        "16966": 3
    },
    "2759": {
        "16966": 1
    },
    "2758": {
        "16966": 1
    },
    "2768": {
        "16966": 1
    },
    "2769": {
        "16966": 1
    },
    "2773": {
        "43737": 1
    },
    "2812": {
        "16966": 1
    },
    "2814": {
        "16966": 1
    },
    "2845": {
        "16966": 1
    },
    "2856": {
        "43737": 1
    },
    "2867": {
        "16966": 1
    },
    "2878": {
        "16966": 1
    },
    "2903": {
        "16966": 1
    },
    "2936": {
        "16966": 1
    },
    "2935": {
        "16966": 2
    },
    "2956": {
        "16966": 1
    },
    "2978": {
        "16966": 1
    },
    "2989": {
        "16966": 1
    },
    "299from": {
        "43737": 1
    },
    "249251": {
        "23042": 1
    },
    "21822": {
        "16966": 1
    },
    "250000": {
        "16055": 1
    },
    "239250": {
        "16966": 1
    },
    "240257": {
        "16055": 1
    },
    "239240": {
        "23042": 1
    }
}
