{
    "3": {
        "16055": 39,
        "23045": 14,
        "1286": 3,
        "43737": 194,
        "23046": 11,
        "1041": 3,
        "27726": 49,
        "20657": 3,
        "1514": 3,
        "1513": 3,
        "1533": 3,
        "1532": 3,
        "23042": 15,
        "1531": 3,
        "1112": 5,
        "23044": 20,
        "1430": 30,
        "27761": 5,
        "1519": 3,
        "1539": 3,
        "1515": 3,
        "18143": 5,
        "47960": 238,
        "2265": 3,
        "2264": 23,
        "100": 9,
        "1524": 3,
        "1523": 3,
        "1522": 3,
        "1508": 3,
        "5429": 4,
        "16966": 64,
        "1526": 3
    },
    "3646": {
        "16055": 1
    },
    "3660": {
        "23046": 1
    },
    "3742": {
        "23045": 2
    },
    "30": {
        "16055": 4,
        "23045": 19,
        "1286": 1,
        "43737": 92,
        "23046": 17,
        "1041": 1,
        "27726": 2,
        "20657": 1,
        "1514": 1,
        "1513": 1,
        "1533": 1,
        "1532": 1,
        "23042": 11,
        "1531": 1,
        "1112": 1,
        "23044": 36,
        "1430": 2,
        "27761": 1,
        "1519": 1,
        "1539": 1,
        "1515": 1,
        "18143": 2,
        "47960": 39,
        "2265": 2,
        "2264": 2,
        "100": 2,
        "1524": 1,
        "1523": 1,
        "1522": 1,
        "1508": 1,
        "5429": 1,
        "16966": 12,
        "1526": 1
    },
    "31": {
        "16055": 4,
        "100": 1,
        "23042": 3,
        "18143": 1,
        "47960": 14,
        "23044": 4,
        "1430": 1,
        "23045": 5,
        "43737": 86,
        "23046": 2,
        "16966": 7
    },
    "32": {
        "16055": 6,
        "100": 2,
        "23042": 1,
        "18143": 1,
        "47960": 18,
        "23044": 1,
        "23045": 5,
        "43737": 93,
        "23046": 2,
        "16966": 11
    },
    "33": {
        "16055": 5,
        "100": 1,
        "23042": 2,
        "18143": 1,
        "47960": 13,
        "23044": 1,
        "1430": 2,
        "23045": 3,
        "43737": 81,
        "23046": 5,
        "16966": 8
    },
    "34": {
        "16055": 2,
        "100": 1,
        "23042": 2,
        "18143": 1,
        "47960": 16,
        "23044": 4,
        "23045": 4,
        "43737": 77,
        "23046": 2,
        "5429": 1,
        "16966": 8
    },
    "35": {
        "16055": 3,
        "100": 1,
        "23042": 13,
        "18143": 2,
        "47960": 11,
        "23044": 32,
        "23045": 17,
        "43737": 79,
        "23046": 14,
        "16966": 9
    },
    "36": {
        "16055": 3,
        "100": 2,
        "23042": 1,
        "18143": 1,
        "47960": 19,
        "23044": 2,
        "1430": 1,
        "23045": 6,
        "43737": 72,
        "23046": 1,
        "16966": 5
    },
    "37": {
        "16055": 4,
        "100": 1,
        "23042": 2,
        "18143": 1,
        "47960": 8,
        "27761": 1,
        "23044": 5,
        "23045": 6,
        "43737": 77,
        "23046": 5,
        "16966": 7
    },
    "38": {
        "16055": 5,
        "100": 1,
        "23042": 2,
        "18143": 1,
        "47960": 10,
        "23044": 3,
        "23045": 3,
        "43737": 72,
        "23046": 9,
        "16966": 4
    },
    "39": {
        "100": 1,
        "23042": 1,
        "18143": 1,
        "47960": 11,
        "23044": 6,
        "1430": 1,
        "23045": 4,
        "43737": 81,
        "23046": 3,
        "20657": 1,
        "16966": 3
    },
    "3d": {
        "47960": 8,
        "1430": 3
    },
    "3840": {
        "16966": 1
    },
    "3844": {
        "16966": 1
    },
    "3912": {
        "16966": 2
    },
    "3924": {
        "16966": 1
    },
    "3935": {
        "16966": 1
    },
    "3941": {
        "23046": 1
    },
    "3942": {
        "23045": 1
    },
    "3943": {
        "16966": 1
    },
    "3945": {
        "16966": 1
    },
    "3957": {
        "16966": 2
    },
    "3956": {
        "16966": 2
    },
    "36679": {
        "16966": 1
    },
    "383390": {
        "16966": 1
    },
    "32230": {
        "16966": 1
    },
    "32730": {
        "16966": 1
    },
    "32830": {
        "16966": 2
    },
    "397400": {
        "16966": 2
    },
    "37986": {
        "16966": 2
    },
    "37987": {
        "16966": 1
    },
    "33840": {
        "16966": 1
    },
    "355360": {
        "23046": 1
    },
    "300": {
        "16055": 2,
        "100": 1,
        "23042": 4,
        "47960": 1,
        "23045": 1,
        "43737": 24,
        "23046": 1,
        "16966": 2
    },
    "301": {
        "16055": 1,
        "43737": 24,
        "23042": 3,
        "16966": 1
    },
    "302": {
        "16055": 1,
        "43737": 13,
        "23042": 2,
        "16966": 1
    },
    "303": {
        "43737": 17,
        "47960": 1,
        "16966": 1
    },
    "304": {
        "16055": 1,
        "43737": 17,
        "100": 1,
        "23046": 2,
        "23042": 1,
        "16966": 2
    },
    "305": {
        "23045": 2,
        "43737": 26,
        "23046": 2,
        "23042": 3,
        "47960": 1
    },
    "306": {
        "43737": 23,
        "47960": 1,
        "16966": 4
    },
    "307": {
        "23045": 1,
        "43737": 21,
        "23046": 1,
        "23042": 2,
        "16966": 1
    },
    "308": {
        "43737": 23,
        "100": 1,
        "23046": 1,
        "23042": 1,
        "47960": 3,
        "16966": 2
    },
    "309": {
        "23045": 1,
        "43737": 20,
        "23046": 1,
        "23042": 2,
        "47960": 2,
        "16966": 1
    },
    "310": {
        "23045": 2,
        "43737": 13,
        "23046": 1,
        "23042": 3,
        "47960": 4,
        "16966": 7
    },
    "311": {
        "23045": 2,
        "43737": 19,
        "47960": 1,
        "16966": 1
    },
    "312": {
        "23045": 1,
        "43737": 15,
        "100": 1,
        "23042": 2,
        "16966": 3
    },
    "313": {
        "43737": 17,
        "47960": 2,
        "16966": 1
    },
    "314": {
        "43737": 18,
        "23046": 1,
        "47960": 1,
        "16966": 2
    },
    "315": {
        "23042": 3,
        "47960": 1,
        "23044": 1,
        "23045": 1,
        "43737": 19,
        "23046": 1,
        "16966": 4
    },
    "316": {
        "43737": 16,
        "100": 1,
        "23046": 1,
        "23042": 1,
        "47960": 1,
        "16966": 2
    },
    "317": {
        "43737": 18,
        "47960": 1,
        "16966": 1
    },
    "318": {
        "43737": 13,
        "47960": 1,
        "16966": 1
    },
    "319": {
        "23045": 1,
        "43737": 15,
        "23046": 1,
        "47960": 1,
        "16966": 1
    },
    "320": {
        "23045": 1,
        "43737": 19,
        "100": 1,
        "23046": 1,
        "23042": 2,
        "47960": 1
    },
    "321": {
        "23045": 1,
        "43737": 16,
        "23042": 1,
        "47960": 2,
        "16966": 2
    },
    "322": {
        "16055": 1,
        "43737": 13,
        "16966": 1
    },
    "323": {
        "43737": 15,
        "16966": 2
    },
    "324": {
        "43737": 17,
        "100": 1,
        "5429": 1,
        "16966": 1
    },
    "325": {
        "23042": 1,
        "47960": 2,
        "23045": 2,
        "43737": 17,
        "23046": 2,
        "27726": 1,
        "16966": 3
    },
    "326": {
        "16055": 1,
        "43737": 20,
        "16966": 2
    },
    "327": {
        "43737": 11,
        "47960": 1,
        "16966": 4
    },
    "328": {
        "43737": 11,
        "100": 1,
        "47960": 1,
        "16966": 1
    },
    "329": {
        "43737": 12,
        "23046": 1,
        "16966": 1
    },
    "330": {
        "23045": 1,
        "43737": 12,
        "23046": 1,
        "23042": 1,
        "47960": 2,
        "16966": 3
    },
    "331": {
        "43737": 13,
        "16966": 3
    },
    "332": {
        "43737": 16,
        "100": 1,
        "23046": 1,
        "23042": 1,
        "47960": 1,
        "16966": 2
    },
    "333": {
        "43737": 14,
        "23042": 1,
        "16966": 2
    },
    "334": {
        "43737": 13
    },
    "335": {
        "23045": 1,
        "43737": 9,
        "23046": 1,
        "23042": 1,
        "16966": 2
    },
    "336": {
        "43737": 9,
        "100": 1,
        "23042": 1,
        "47960": 2,
        "16966": 2
    },
    "337": {
        "16055": 2,
        "43737": 10
    },
    "338": {
        "16055": 2,
        "43737": 14,
        "16966": 6
    },
    "339": {
        "43737": 14,
        "23042": 1,
        "47960": 2
    },
    "340": {
        "23045": 2,
        "43737": 14,
        "100": 1,
        "23046": 1,
        "23042": 1
    },
    "341": {
        "43737": 11,
        "47960": 1,
        "16966": 3
    },
    "342": {
        "43737": 8,
        "23042": 1,
        "47960": 1,
        "16966": 1
    },
    "343": {
        "43737": 15,
        "47960": 1,
        "16966": 4
    },
    "344": {
        "16055": 1,
        "43737": 12,
        "100": 1,
        "23046": 1,
        "47960": 2,
        "16966": 1
    },
    "345": {
        "23045": 2,
        "43737": 12,
        "23046": 1,
        "23042": 1,
        "16966": 1
    },
    "346": {
        "43737": 12,
        "23042": 1,
        "16966": 1
    },
    "347": {
        "23045": 1,
        "16055": 1,
        "43737": 11
    },
    "348": {
        "16055": 1,
        "43737": 12,
        "100": 1,
        "47960": 1,
        "16966": 2
    },
    "349": {
        "43737": 10,
        "23042": 1
    },
    "350": {
        "23045": 1,
        "43737": 12,
        "23046": 1,
        "23042": 1,
        "47960": 3
    },
    "351": {
        "43737": 9,
        "23042": 2,
        "47960": 2
    },
    "352": {
        "23045": 1,
        "43737": 11,
        "100": 1,
        "23042": 1
    },
    "353": {
        "23045": 1,
        "43737": 14,
        "16966": 3
    },
    "354": {
        "23045": 1,
        "43737": 12,
        "16966": 1
    },
    "355": {
        "23045": 1,
        "16055": 1,
        "43737": 12,
        "23046": 2,
        "23042": 2,
        "16966": 1
    },
    "356": {
        "43737": 8,
        "100": 1,
        "23046": 1,
        "23042": 2,
        "47960": 2
    },
    "357": {
        "43737": 8,
        "23046": 1,
        "16966": 4
    },
    "358": {
        "43737": 9,
        "23046": 2,
        "47960": 1,
        "16966": 1
    },
    "359": {
        "43737": 7,
        "23046": 1,
        "16966": 2
    },
    "360": {
        "23045": 1,
        "16055": 1,
        "43737": 10,
        "23046": 1,
        "23042": 1,
        "47960": 1
    },
    "361": {
        "100": 1,
        "23042": 1,
        "47960": 1,
        "23045": 1,
        "43737": 6,
        "23046": 1,
        "16966": 1
    },
    "362": {
        "43737": 9,
        "23042": 2,
        "16966": 5
    },
    "363": {
        "43737": 9,
        "47960": 1,
        "16966": 2
    },
    "364": {
        "43737": 12,
        "100": 1,
        "47960": 1,
        "16966": 4
    },
    "365": {
        "23045": 1,
        "43737": 2,
        "23046": 1,
        "23042": 1,
        "16966": 1
    },
    "366": {
        "16055": 3,
        "43737": 4,
        "23042": 1,
        "16966": 2
    },
    "367": {
        "43737": 8
    },
    "368": {
        "43737": 3,
        "100": 1,
        "5429": 1
    },
    "369": {
        "43737": 2
    },
    "370": {
        "16055": 1,
        "23042": 1,
        "47960": 1,
        "23045": 1,
        "43737": 10,
        "23046": 1,
        "16966": 2
    },
    "371": {
        "43737": 5,
        "47960": 1,
        "16966": 1
    },
    "372": {
        "16055": 3,
        "43737": 4,
        "23046": 1,
        "27726": 1,
        "47960": 1
    },
    "373": {
        "23045": 1,
        "16055": 1,
        "43737": 13,
        "23046": 1,
        "47960": 1,
        "16966": 1
    },
    "374": {
        "43737": 2,
        "47960": 1,
        "16966": 1
    },
    "375": {
        "23045": 1,
        "43737": 4,
        "23046": 1,
        "23042": 2,
        "47960": 1,
        "16966": 1
    },
    "376": {
        "16055": 2,
        "43737": 7,
        "100": 1
    },
    "377": {
        "43737": 5,
        "23042": 2,
        "16966": 1
    },
    "378": {
        "23045": 1,
        "43737": 5,
        "23042": 3,
        "16966": 2
    },
    "379": {
        "23045": 1,
        "16055": 1,
        "43737": 9,
        "16966": 5
    },
    "380": {
        "23045": 1,
        "43737": 8,
        "100": 1,
        "23046": 1,
        "23042": 2,
        "16966": 1
    },
    "381": {
        "23045": 1,
        "43737": 8
    },
    "382": {
        "43737": 7,
        "47960": 1
    },
    "383": {
        "43737": 6,
        "16966": 1
    },
    "384": {
        "43737": 5,
        "100": 1,
        "47960": 1,
        "16966": 1
    },
    "385": {
        "23045": 1,
        "43737": 6,
        "23046": 1,
        "23042": 1
    },
    "386": {
        "43737": 5,
        "16966": 4
    },
    "387": {
        "43737": 7,
        "23046": 1,
        "23042": 1,
        "47960": 2,
        "16966": 6
    },
    "388": {
        "43737": 7,
        "100": 1,
        "16966": 4
    },
    "389": {
        "16055": 1,
        "43737": 9,
        "16966": 4
    },
    "390": {
        "23045": 2,
        "43737": 8,
        "23046": 1,
        "23042": 2,
        "16966": 5
    },
    "391": {
        "23045": 1,
        "16055": 1,
        "43737": 7,
        "23042": 1,
        "16966": 6
    },
    "392": {
        "43737": 4,
        "100": 1,
        "23042": 1,
        "16966": 2
    },
    "393": {
        "16055": 1,
        "43737": 5,
        "47960": 1,
        "16966": 7
    },
    "394": {
        "23045": 1,
        "16055": 1,
        "43737": 6,
        "23046": 1,
        "47960": 2,
        "16966": 1
    },
    "395": {
        "23045": 1,
        "43737": 6,
        "23046": 1,
        "23042": 1,
        "16966": 3
    },
    "396": {
        "16055": 2,
        "43737": 4,
        "100": 1
    },
    "397": {
        "16055": 1,
        "43737": 5,
        "16966": 6
    },
    "398": {
        "23045": 1,
        "16055": 1,
        "43737": 9,
        "23046": 1,
        "16966": 2
    },
    "399": {
        "43737": 12,
        "23046": 2,
        "16966": 2
    },
    "3mu": {
        "1112": 1
    },
    "311313": {
        "23045": 1
    },
    "3wat": {
        "1112": 1
    },
    "398400": {
        "16966": 1
    },
    "38990": {
        "16966": 3
    },
    "381383": {
        "23042": 1
    },
    "307311": {
        "23045": 1
    },
    "34965": {
        "16966": 1
    },
    "34950": {
        "16966": 1
    },
    "399413": {
        "16966": 1
    },
    "30710": {
        "16966": 1
    },
    "35107": {
        "23046": 1
    },
    "35872": {
        "16966": 1
    },
    "31526": {
        "16966": 1
    },
    "31921": {
        "16966": 1
    },
    "376377": {
        "23042": 1
    },
    "3001": {
        "16966": 1
    },
    "3007": {
        "47960": 1
    },
    "3003": {
        "16966": 1
    },
    "3023": {
        "16966": 1
    },
    "3034": {
        "16966": 3
    },
    "3032": {
        "16055": 1,
        "47960": 1
    },
    "3057": {
        "16966": 1
    },
    "3053": {
        "47960": 1
    },
    "3106": {
        "47960": 1
    },
    "3115": {
        "16966": 1
    },
    "3133": {
        "16966": 1
    },
    "3153": {
        "16966": 1
    },
    "3175": {
        "47960": 1
    },
    "3226": {
        "16966": 2
    },
    "3234": {
        "23044": 1
    },
    "3267": {
        "16966": 3
    },
    "3298": {
        "16966": 1
    },
    "3310": {
        "47960": 1
    },
    "3312": {
        "16966": 2
    },
    "3324": {
        "16966": 1
    },
    "3343": {
        "16966": 1
    },
    "3335": {
        "23042": 1
    },
    "3334": {
        "16966": 1
    },
    "3346": {
        "16966": 1
    },
    "3367": {
        "16966": 1
    },
    "3378": {
        "16966": 1
    },
    "36000": {
        "16055": 1
    },
    "3406": {
        "16966": 1
    },
    "3409": {
        "16966": 2
    },
    "3439": {
        "16055": 1
    },
    "3437": {
        "23042": 1
    },
    "3436": {
        "16055": 2
    },
    "3435": {
        "16966": 1
    },
    "3539": {
        "23044": 1
    },
    "33rd": {
        "27761": 1
    }
}
