{
    "4": {
    "16055": 39,
    "23045": 19,
    "1286": 3,
    "43737": 126,
    "23046": 10,
    "1041": 3,
    "27726": 30,
    "20657": 3,
    "1514": 3,
    "1513": 3,
    "1533": 3,
    "1532": 3,
    "23042": 9,
    "1531": 3,
    "1112": 3,
    "23044": 12,
    "1430": 23,
    "27761": 4,
    "1519": 3,
    "1539": 3,
    "1515": 3,
    "18143": 4,
    "47960": 167,
    "2265": 3,
    "2264": 3,
    "100": 6,
    "1524": 3,
    "1523": 3,
    "1522": 3,
    "1508": 4,
    "5429": 3,
    "16966": 35,
    "1526": 3
},
"40": {
    "100": 2,
    "23042": 10,
    "18143": 1,
    "47960": 32,
    "23044": 36,
    "23045": 20,
    "43737": 73,
    "23046": 15,
    "27726": 1,
    "16966": 7
},
"41": {
    "16055": 5,
    "100": 1,
    "23042": 3,
    "18143": 1,
    "47960": 14,
    "23044": 9,
    "23045": 2,
    "43737": 72,
    "23046": 3,
    "16966": 6
},
"42": {
    "16055": 5,
    "100": 1,
    "18143": 1,
    "47960": 9,
    "23044": 3,
    "1430": 1,
    "23045": 8,
    "43737": 66,
    "23046": 2,
    "16966": 9
},
"43": {
    "16055": 1,
    "100": 1,
    "23042": 1,
    "18143": 1,
    "47960": 16,
    "23044": 3,
    "23045": 5,
    "43737": 64,
    "23046": 3,
    "16966": 8
},
"44": {
    "16055": 1,
    "100": 2,
    "23042": 1,
    "18143": 1,
    "47960": 11,
    "23044": 3,
    "1430": 2,
    "23045": 3,
    "43737": 71,
    "23046": 3,
    "16966": 5
},
    "45": {
        "16055": 2,
        "100": 1,
        "23042": 9,
        "18143": 1,
        "47960": 14,
        "23044": 36,
        "23045": 19,
        "43737": 60,
        "23046": 18,
        "5429": 1,
        "16966": 7
    },

    "46": {
        "16055": 4,
        "100": 1,
        "23042": 4,
        "18143": 1,
        "47960": 6,
        "23044": 3,
        "23045": 4,
        "43737": 72,
        "23046": 8,
        "16966": 3
    },

    "47": {
        "16055": 1,
        "100": 1,
        "23042": 1,
        "18143": 1,
        "47960": 11,
        "23044": 4,
    "1430": 1,
    "23045": 2,
    "43737": 66,
    "23046": 2,
    "16966": 3
},

    "48": {
        "16055": 1,
        "100": 2,
        "23042": 3,
        "18143": 1,
        "47960": 11,
        "23044": 3,
        "23045": 3,
        "43737": 67,
        "23046": 3,
        "16966": 4
},

    "49": {
        "16055": 4,
        "100": 1,
        "18143": 1,
        "47960": 13,
        "23044": 7,
        "23045": 5,
        "43737": 68,
        "23046": 4,
        "16966": 12
},
"4d":{
    "43737": 1,
    "100": 1
},
"4000": {"16055": 1},
"4036": {"16966": 1},
"4046": {"16055": 1},
"4056": {"16966": 1},
"4114": {"47960": 1},
"4145": {"16966": 1},
"4156": {"16966": 1},
"4148": {"16055": 1},
"4201": {"16966": 2},
"4212": {"16966": 1},
"4233": {"47960": 1},
"4267": {"16966": 1},
"4334": {"16966": 1},
"41st": {"27761": 1},
"4379": {"16966": 1},
"4413": {"16966": 2},
"4435": {"16966": 2},
"4462": {"23046": 1},

    "4478": {
        "16966": 1
    },

    "4536": {"16966": 1},
"4551": {"47960": 1},
"4568": {"16966": 1},
"4648": {"23044": 1},
"4701": {"16966": 2},
"4712": {"16966": 1},
"4749": {
    "16055": 1,
    "23046": 1
},

    "4901": {
        "16966": 2
    },

    "4951": {
        "23042": 1
    },

    "453460": {
        "16966": 1
    },

    "47960": {
        "47960": 1
    },

    "400": {
        "16055": 1,
        "100": 1,
        "23042": 1,
        "23045": 2,
        "43737": 7,
        "23046": 2,
    "16966": 1
},
"401": {
    "23045": 1,
    "43737": 4,
    "23046": 1,
    "16966": 1
},

    "402": {
        "23045": 1,
        "43737": 7,
    "16966": 2
    },

    "403": {
        "23045": 1,
        "43737": 7,
        "16966": 3
    },

    "404": {
        "43737": 6,
        "100": 1,
        "23046": 1,
        "16966": 1
    },

    "405": {
        "23045": 1,
        "43737": 3,
        "23046": 2,
    "23042": 1,
    "16966": 1
},

    "406": {
        "43737": 8,
        "23046": 1
    },

    "407":{
    "43737": 8,
    "23046": 1,
        "23042": 1,
        "16966": 1
    },

    "408": {
        "43737": 9,
        "100": 1,
        "23042": 1,
        "16966": 2
    },

    "409":{
    "43737": 5,
    "16966": 2
},
"410": {
    "23045": 2,
    "23042": 1,
    "23046": 1
},
"411": {
    "23045": 1,
    "43737": 3,
    "47960": 1,
    "16966": 2
},

    "412": {
        "43737": 4,
        "100": 1,
        "23046": 1,
        "16966": 2
    },

    "413": {
        "23045": 1,
        "43737": 5,
        "47960": 1,
        "16966": 3
    },

    "414":{
    "43737": 2,
    "47960": 2,
    "16966": 2
},

    "415": {
        "23045": 1,
        "43737": 3,
    "23046": 1,
    "23042": 1,
    "16966": 3
},
"416":{
    "43737": 4,
    "100": 1,
    "16966": 1
},
"417":{
    "43737": 4,
    "16966": 4
},
"418":{
    "43737": 2,
    "47960": 1,
    "16966": 3
},

    "419": {
        "43737": 2,
        "23042": 1,
    "47960": 4,
        "16966": 3
    },

    "420": {
        "16055": 2,
        "100": 1,
        "23042": 3,
        "47960": 1,
    "23045": 1,
    "43737": 5,
        "23046": 2,
        "16966": 2
    },

    "421": {
        "23045": 1,
        "43737": 3,
    "23046": 1,
    "16966": 4
},
"422": {
    "23045": 1,
    "43737": 5,
    "23046": 1,
    "16966": 4
},
"423":{
    "43737": 2,
    "47960": 1,
    "16966": 2
},

    "424": {
        "43737": 2,
        "100": 1,
    "47960": 1,
    "16966": 1
},

    "425": {
        "23045": 1,
        "43737": 4,
        "23042": 1
    },

    "426": {
        "23045": 1,
        "43737": 6,
    "16966": 1
},

    "427":{
    "43737": 5,
    "23042": 1
    },

    "428": {
        "43737": 3,
    "100": 1,
    "47960": 1
    },

    "429": {
        "43737": 3,
        "16966": 1
    },

    "430": {
        "23045": 1,
        "43737": 5,
    "23042": 1,
    "47960": 1
},

    "431": {
        "43737": 3,
        "47960": 1,
    "16966": 1
},
"432":{
    "43737": 4,
    "16966": 1
},
"433":{
    "43737": 7,
    "100": 1,
    "16966": 2
},
"434":{
    "43737": 5,
    "47960": 1,
    "16966": 3
},

    "435": {
        "23045": 1,
        "16055": 1,
        "43737": 2,
    "23042": 1,
    "16966": 2
    },

    "436": {
        "16055": 2,
        "43737": 4,
        "100": 1,
        "47960": 1
    },
"437":{
    "43737": 3,
    "16966": 2
},

    "438": {
        "43737": 4,
        "16966": 2
    },

    "439": {
        "43737": 4,
        "16966": 4
    },

    "41x": {
        "43737": 1
    },

    "440": {
        "23045": 1,
        "43737": 1,
        "100": 1,
        "23042": 1,
    "47960": 1
    },

    "441": {
        "23045": 1,
        "43737": 4,
    "16966": 2
},
"442":{
    "43737": 7,
    "47960": 1
},

    "443": {
        "43737": 7,
        "23042": 2,
    "16966": 1
},
"444":{
    "43737": 3,
    "23042": 1
},
"445": {
    "23045": 1,
    "43737": 6,
    "100": 1,
    "23042": 1,
    "47960": 1,
    "16966": 3
},

    "446": {
        "43737": 4
    },

    "447": {
        "43737": 2,
        "16966": 4
    },

    "448": {
        "23045": 1,
        "43737": 2,
    "100": 1,
    "5429": 1,
    "16966": 2
},
"449": {"43737": 3},
"450": {
    "23045": 1,
    "43737": 4,
    "23042": 1,
    "16966": 3
},
"451": {
    "16055": 1,
    "43737": 7,
    "23042": 1,
    "16966": 4
},
"452": {
    "23045": 1,
    "43737": 6,
    "100": 1,
    "23042": 1,
    "16966": 1
},
"453":{
    "43737": 5,
    "16966": 5
},

    "454": {
        "43737": 5,
        "23042": 1,
        "47960": 1
    },

    "455": {
        "23045": 1,
        "43737": 6,
        "23042": 1
},
"456": {
    "23045": 1,
    "43737": 3,
    "100": 1,
    "16966": 2
},
"457": {"43737": 2},
"458": {
    "16055": 1,
    "43737": 4,
    "16966": 2
},
"459":{
    "43737": 4,
    "16966": 2
},

    "460": {
        "23045": 1,
    "43737": 7,
    "100": 1,
        "23042": 2,
        "16966": 1
    },

    "461": {
        "43737": 5,
    "47960": 1
},

    "462": {
        "43737": 6,
        "16966": 2
    },

    "463": {
        "43737": 4
    },
"464":{
    "43737": 3,
    "100": 1,
    "47960": 1,
    "16966": 1
},

    "465": {
        "23045": 3,
        "43737": 3,
        "23042": 1,
        "16966": 1
    },

    "466": {
        "23045": 1,
        "43737": 4,
        "16966": 2
    },

    "467": {
        "43737": 4,
    "16966": 3
},

    "468": {
        "43737": 5,
        "100": 1,
    "23042": 1,
    "47960": 2,
    "16966": 1
},
"469":{
    "43737": 4,
    "23042": 1,
    "16966": 3
},

    "470": {
        "23045": 2,
        "43737": 4,
        "23042": 2,
        "16966": 1
    },

    "471":{
    "43737": 6,
        "23042": 1,
        "47960": 1
    },

    "472": {
        "43737": 6,
        "100": 1,
    "16966": 2
},
"473":{
    "43737": 1,
    "47960": 1
},
"474":{
    "43737": 2,
    "16966": 1
},
"475": {
    "23045": 1,
    "43737": 4,
    "23042": 1
},

    "476": {
    "23045": 1,
    "43737": 3,
    "100": 1,
    "47960": 1,
    "16966": 1
},

    "477": {
        "43737": 6
    },

    "478": {
        "43737": 4,
        "23042": 1,
        "16966": 1
    },

    "479":{
    "43737": 5,
    "5429": 1,
    "16966": 4
},
"480": {
    "23045": 2,
    "43737": 3,
    "100": 1,
    "23042": 1,
    "16966": 2
},

    "481": {
        "43737": 4
    },

    "482": {
        "23045": 1,
        "43737": 3,
    "47960": 2
},
"483":{
    "43737": 4,
    "16966": 3
},
"484": {
    "23045": 1,
    "43737": 3,
    "100": 1,
    "16966": 1
},
"485": {
    "23045": 1,
    "16055": 1,
    "43737": 2,
    "23042": 1
},
"486":{
    "43737": 3,
    "16966": 2
},
"487": {"43737": 5},
"488":{
    "43737": 5,
    "100": 1,
    "23042": 1,
    "16966": 1
},
"489": {
    "23045": 1,
    "43737": 4,
    "23042": 1,
    "16966": 1
},
"490": {
    "23045": 2,
    "43737": 4,
    "23042": 1,
    "16966": 1
},
"491": {
    "23045": 1,
    "16055": 2,
    "43737": 3,
    "16966": 1
},
"492":{
    "43737": 4,
    "100": 1,
    "16966": 5
},
"493":{
    "43737": 3,
    "16966": 1
},
"494":{
    "43737": 4,
    "16966": 1
},
"495": {
    "23045": 2,
    "43737": 3,
    "23042": 1,
    "47960": 1
},
"496":{
    "43737": 4,
    "100": 1
},
"497": {"43737": 4},
"498": {"43737": 2},
"499": {"43737": 8},
"43737": {"43737": 1},
"43736": {"43737": 2},
"4th":{
    "47960": 8,
    "16966": 1
},
"4to": {"16966": 1},
"43940": {"16966": 1},
"454543": {"16966": 1},
"448452": {"23045": 1},
"419421": {"23046": 1},
"40000000": {"16055": 1}
}
