{
    "5": {
        "16055": 23,
        "23045": 31,
        "1286": 1,
        "43737": 114,
        "23046": 14,
        "1041": 1,
        "27726": 15,
        "20657": 1,
        "1514": 1,
        "1513": 1,
        "1533": 1,
        "1532": 1,
        "23042": 13,
        "1531": 1,
        "1112": 1,
        "23044": 52,
        "1430": 10,
        "27761": 2,
        "1519": 1,
        "1539": 1,
        "1515": 1,
        "18143": 2,
        "47960": 112,
        "2265": 1,
        "2264": 1,
        "100": 3,
        "1524": 1,
        "1523": 1,
        "1522": 1,
        "1508": 1,
        "5429": 1,
        "16966": 28,
        "1526": 1
    },
    "50": {
        "16055": 5,
        "23045": 17,
        "1286": 1,
        "43737": 63,
        "23046": 16,
        "1041": 1,
        "27726": 1,
        "20657": 1,
        "1514": 1,
        "1513": 1,
        "1533": 1,
        "1532": 1,
        "23042": 11,
        "1531": 1,
        "1112": 1,
        "23044": 33,
        "1430": 1,
        "27761": 2,
        "1519": 1,
        "1539": 1,
        "1515": 1,
        "18143": 2,
        "47960": 25,
        "2265": 1,
        "2264": 1,
        "100": 2,
        "1524": 1,
        "1523": 1,
        "1522": 1,
        "1508": 1,
        "5429": 1,
        "16966": 7,
        "1526": 1
    },
    "51": {
        "16055": 6,
        "100": 1,
        "18143": 1,
        "47960": 15,
        "23044": 6,
        "1430": 1,
        "23045": 3,
        "43737": 66,
        "23046": 1,
        "5429": 1,
        "16966": 3
    },
    "52": {
        "16055": 2,
        "100": 2,
        "18143": 1,
        "47960": 15,
        "23044": 4,
        "23045": 4,
        "43737": 66,
        "23046": 1,
        "16966": 7
    },
    "53": {
        "16055": 7,
        "100": 1,
        "23042": 3,
        "18143": 1,
        "47960": 9,
        "23044": 3,
        "23045": 4,
        "43737": 65,
        "23046": 3,
        "20657": 1,
        "16966": 6
    },
    "54": {
        "16055": 4,
        "100": 1,
        "23042": 1,
        "18143": 1,
        "47960": 13,
        "23044": 2,
        "1430": 3,
        "23045": 3,
        "43737": 63,
        "23046": 2,
        "16966": 4
    },
    "55": {
        "16055": 5,
        "100": 1,
        "23042": 9,
        "18143": 1,
        "47960": 13,
        "23044": 34,
        "23045": 15,
        "43737": 70,
        "23046": 14,
        "16966": 5
    },
    "56": {
        "16055": 4,
        "100": 2,
        "23042": 3,
        "18143": 1,
        "47960": 11,
        "23044": 7,
        "1430": 1,
        "23045": 6,
        "43737": 68,
        "23046": 4,
        "27726": 1,
        "16966": 2
    },
    "57": {
        "16055": 6,
        "100": 1,
        "23042": 1,
        "47960": 19,
        "23044": 3,
        "1430": 1,
        "23045": 5,
        "43737": 61,
        "23046": 1,
        "16966": 12
    },
    "58": {
        "16055": 5,
        "100": 1,
        "23042": 2,
        "18143": 1,
        "47960": 9,
        "23044": 4,
        "23045": 3,
        "43737": 62,
        "23046": 1,
        "16966": 5
    },
    "59": {
        "16055": 3,
        "100": 1,
        "23042": 3,
        "18143": 1,
        "47960": 6,
        "23044": 2,
        "23045": 2,
        "43737": 70,
        "23046": 2,
        "16966": 6
    },
    "5s": {
        "100": 1,
        "16966": 1
    },
    "560000": {
        "16055": 1
    },
    "57they": {
        "18143": 1
    },
    "5961887": {
        "16055": 1,
        "23045": 1,
        "1286": 1,
        "43737": 1,
        "23046": 1,
        "1041": 1,
        "27726": 1,
        "20657": 1,
        "1514": 1,
        "1513": 1,
        "1533": 1,
        "1532": 1,
        "23042": 1,
        "1531": 1,
        "1112": 1,
        "23044": 1,
        "1430": 1,
        "27761": 1,
        "1519": 1,
        "1539": 1,
        "1515": 1,
        "18143": 1,
        "47960": 1,
        "2265": 1,
        "2264": 1,
        "100": 1,
        "1524": 1,
        "1523": 1,
        "1522": 1,
        "1508": 1,
        "5429": 1,
        "16966": 1,
        "1526": 1
    },
    "500": {
        "23045": 2,
        "43737": 4,
        "100": 1,
        "23042": 1,
        "47960": 2,
        "16966": 2
    },
    "501": {
        "43737": 3,
        "16966": 1
    },
    "502": {
        "43737": 3
    },
    "503": {
        "43737": 4
    },
    "504": {
        "43737": 5,
        "100": 1
    },
    "505": {
        "23045": 1,
        "43737": 6
    },
    "506": {
        "43737": 7,
        "47960": 1
    },
    "507": {
        "23045": 1,
        "43737": 9
    },
    "508": {
        "43737": 5,
        "100": 1
    },
    "509": {
        "43737": 3
    },
    "510": {
        "23045": 1,
        "43737": 4
    },
    "511": {
        "43737": 5,
        "47960": 1
    },
    "512": {
        "16055": 1,
        "43737": 2,
        "100": 1,
        "47960": 1
    },
    "513": {
        "43737": 5,
        "47960": 1
    },
    "514": {
        "43737": 6
    },
    "515": {
        "23045": 1,
        "43737": 4,
        "47960": 2,
        "16966": 1
    },
    "516": {
        "43737": 4,
        "100": 1,
        "47960": 1,
        "16966": 1
    },
    "517": {
        "43737": 5,
        "47960": 1
    },
    "518": {
        "43737": 5
    },
    "519": {
        "23045": 1,
        "43737": 2,
        "47960": 1
    },
    "520": {
        "23045": 1,
        "43737": 6,
        "100": 1
    },
    "521": {
        "43737": 3
    },
    "522": {
        "23045": 1,
        "43737": 4
    },
    "523": {
        "43737": 3
    },
    "524": {
        "43737": 4,
        "100": 1,
        "47960": 1
    },
    "525": {
        "23045": 1,
        "43737": 4,
        "47960": 1
    },
    "526": {
        "43737": 4
    },
    "527": {
        "43737": 3,
        "47960": 1
    },
    "528": {
        "43737": 6,
        "100": 1,
        "47960": 1
    },
    "529": {
        "43737": 4
    },
    "530": {
        "23045": 1,
        "43737": 4,
        "47960": 3
    },
    "531": {
        "16055": 1,
        "43737": 4
    },
    "532": {
        "43737": 7,
        "100": 1
    },
    "533": {
        "43737": 5
    },
    "534": {
        "43737": 7,
        "16966": 1
    },
    "535": {
        "23045": 1,
        "43737": 6
    },
    "536": {
        "100": 1
    },
    "537": {
        "23045": 1,
        "43737": 2,
        "47960": 1
    },
    "538": {
        "43737": 4
    },
    "539": {
        "43737": 6
    },
    "540": {
        "43737": 3,
        "100": 1
    },
    "541": {
        "43737": 5,
        "47960": 1
    },
    "542": {
        "16055": 2,
        "43737": 4
    },
    "543": {
        "43737": 7,
        "47960": 1
    },
    "544": {
        "43737": 3,
        "100": 1
    },
    "545": {
        "43737": 1,
        "16966": 2
    },
    "546": {
        "43737": 3
    },
    "547": {
        "43737": 4
    },
    "548": {
        "43737": 3,
        "100": 1,
        "16966": 1
    },
    "549": {
        "43737": 5
    },
    "550": {
        "43737": 6,
        "16966": 1
    },
    "551": {
        "43737": 6
    },
    "552": {
        "43737": 7,
        "100": 1,
        "47960": 1
    },
    "553": {
        "43737": 7
    },
    "554": {
        "43737": 1
    },
    "555": {
        "43737": 3
    },
    "556": {
        "43737": 3,
        "100": 1,
        "47960": 1
    },
    "557": {
        "43737": 2
    },
    "558": {
        "43737": 2
    },
    "559": {
        "43737": 4
    },
    "560": {
        "43737": 3
    },
    "561": {
        "43737": 3,
        "27726": 1,
        "100": 1
    },
    "562": {
        "43737": 1,
        "27726": 1
    },
    "563": {
        "43737": 2,
        "27726": 1,
        "47960": 2
    },
    "564": {
        "43737": 1,
        "27726": 1,
        "100": 1
    },
    "565": {
        "43737": 3,
        "16966": 1
    },
    "566": {
        "43737": 1,
        "27726": 1,
        "47960": 1
    },
    "567": {
        "43737": 2
    },
    "568": {
        "43737": 3,
        "100": 1
    },
    "569": {
        "43737": 1
    },
    "570": {
        "43737": 2
    },
    "571": {
        "43737": 4,
        "27726": 1
    },
    "572": {
        "43737": 1,
        "27726": 1,
        "100": 1
    },
    "573": {
        "43737": 3
    },
    "574": {
        "43737": 3
    },
    "575": {
        "43737": 1
    },
    "576": {
        "43737": 2
    },
    "577": {
        "100": 1
    },
    "578": {
        "43737": 3,
        "16966": 2
    },
    "579": {
        "43737": 1
    },
    "580": {
        "43737": 2,
        "100": 1,
        "47960": 1
    },
    "581": {
        "43737": 1
    },
    "582": {
        "43737": 2
    },
    "583": {
        "43737": 2
    },
    "584": {
        "43737": 4,
        "100": 1
    },
    "585": {
        "43737": 3
    },
    "586": {
        "43737": 2,
        "16966": 1
    },
    "587": {
        "43737": 2
    },
    "588": {
        "43737": 1,
        "100": 1
    },
    "589": {
        "16055": 1,
        "43737": 2,
        "18143": 1
    },
    "590": {
        "43737": 1
    },
    "591": {
        "43737": 2
    },
    "592": {
        "43737": 3,
        "100": 1,
        "47960": 1
    },
    "593": {
        "43737": 3
    },
    "594": {
        "43737": 1
    },
    "596": {
        "16055": 3,
        "100": 1
    },
    "597": {
        "43737": 3,
        "47960": 1
    },
    "598": {
        "43737": 2
    },
    "599": {
        "43737": 2
    },
    "5000": {
        "16055": 2,
        "23045": 1,
        "1286": 1,
        "43737": 1,
        "23046": 1,
        "1041": 1,
        "27726": 1,
        "20657": 1,
        "1514": 1,
        "1513": 1,
        "1533": 1,
        "1532": 1,
        "23042": 1,
        "1531": 1,
        "1112": 1,
        "23044": 1,
        "1430": 1,
        "27761": 1,
        "1519": 1,
        "1539": 1,
        "1515": 1,
        "18143": 1,
        "47960": 1,
        "2265": 1,
        "2264": 1,
        "100": 1,
        "1524": 1,
        "1523": 1,
        "1522": 1,
        "1508": 1,
        "5429": 1,
        "16966": 1,
        "1526": 1
    },
    "5053": {
        "23046": 1
    },
    "5054": {
        "23042": 1,
        "23046": 1
    },
    "5th": {
        "47960": 3
    },
    "5105": {
        "47960": 2
    },
    "5133": {
        "16055": 1
    },
    "5147": {
        "47960": 1
    },
    "5150": {
        "47960": 1
    },
    "5241": {
        "47960": 1
    },
    "5318": {
        "16966": 1
    },
    "5334": {
        "16055": 1
    },
    "5355": {
        "16966": 1
    },
    "5357": {
        "16055": 1
    },
    "5374": {
        "23044": 1
    },
    "5429": {
        "5429": 1
    },
    "5462": {
        "23046": 1
    },
    "5523": {
        "16055": 1
    },
    "5562": {
        "16966": 1
    },
    "5557": {
        "16966": 1
    },
    "5658": {
        "47960": 1
    },
    "590604": {
        "43737": 1
    },
    "5759": {
        "23042": 1
    },
    "5860": {
        "16966": 1
    },
    "5863": {
        "23045": 1
    },
    "5961": {
        "16055": 1
    },
    "527532": {
        "23045": 1
    },
    "50000": {
        "16055": 1
    },
    "501c3": {
        "16055": 1,
        "23045": 1,
        "1286": 1,
        "43737": 1,
        "23046": 1,
        "1041": 1,
        "27726": 1,
        "20657": 1,
        "1514": 1,
        "1513": 1,
        "1533": 1,
        "1532": 1,
        "23042": 1,
        "1531": 1,
        "1112": 1,
        "23044": 1,
        "1430": 1,
        "27761": 1,
        "1519": 1,
        "1539": 1,
        "1515": 1,
        "18143": 1,
        "47960": 1,
        "2265": 1,
        "2264": 1,
        "100": 1,
        "1524": 1,
        "1523": 1,
        "1522": 1,
        "1508": 1,
        "5429": 1,
        "16966": 1,
        "1526": 1
    },
    "500000": {
        "16055": 1
    }
}
