{
    "6": {
        "16055": 10,
        "100": 2,
        "23042": 1,
        "18143": 1,
        "47960": 58,
        "23044": 4,
        "1430": 3,
        "23045": 6,
        "43737": 126,
        "23046": 2,
        "27726": 2,
        "16966": 18
    },
    "60": {
        "16055": 1,
        "23045": 17,
        "1286": 1,
        "43737": 56,
        "23046": 14,
        "1041": 1,
        "27726": 1,
        "20657": 1,
        "1514": 1,
        "1513": 1,
        "1533": 1,
        "1532": 1,
        "23042": 16,
        "1531": 1,
        "1112": 1,
        "23044": 33,
        "1430": 2,
        "27761": 1,
        "1519": 1,
        "1539": 1,
        "1515": 1,
        "18143": 1,
        "47960": 26,
        "2265": 1,
        "2264": 1,
        "100": 3,
        "1524": 1,
        "1523": 1,
        "1522": 1,
        "1508": 1,
        "5429": 1,
        "16966": 5,
        "1526": 1
    },
    "61": {
        "16055": 3,
        "100": 1,
        "23042": 1,
        "18143": 1,
        "47960": 8,
        "23044": 3,
        "23045": 3,
        "43737": 68,
        "23046": 7,
        "16966": 9
    },
    "62": {
        "16055": 4,
        "100": 1,
        "23042": 3,
        "18143": 1,
        "47960": 7,
        "23044": 5,
        "1430": 1,
        "23045": 2,
        "43737": 62,
        "23046": 3,
        "16966": 12
    },
    "63": {
        "16055": 3,
        "100": 1,
        "23042": 3,
        "18143": 1,
        "47960": 6,
        "23044": 7,
        "23045": 4,
        "43737": 59,
        "16966": 13
    },
    "64": {
        "100": 2,
        "23042": 2,
        "18143": 1,
        "47960": 18,
        "23044": 3,
        "23045": 3,
        "43737": 50,
        "23046": 1,
        "16966": 7
    },
    "65": {
        "16055": 6,
        "100": 1,
        "23042": 11,
        "18143": 1,
        "47960": 9,
        "23044": 35,
        "1430": 1,
        "23045": 17,
        "43737": 60,
        "23046": 13,
        "16966": 5
    },
    "66": {
        "16055": 3,
        "100": 1,
        "23042": 1,
        "18143": 1,
        "47960": 12,
        "23044": 6,
        "23045": 2,
        "43737": 63,
        "23046": 3,
        "16966": 2
    },
    "67": {
        "100": 1,
        "23042": 1,
        "18143": 1,
        "47960": 10,
        "23044": 4,
        "1430": 2,
        "23045": 2,
        "43737": 51,
        "23046": 2,
        "16966": 6
    },
    "68": {
        "100": 2,
        "23042": 3,
        "18143": 1,
        "47960": 10,
        "23044": 2,
        "23045": 3,
        "43737": 56,
        "23046": 1,
        "16966": 1
    },
    "69": {
        "16055": 1,
        "100": 1,
        "23042": 1,
        "18143": 1,
        "47960": 11,
        "23044": 3,
        "1430": 1,
        "23045": 2,
        "43737": 51,
        "23046": 2,
        "16966": 5
    },
    "6d": {
        "100": 1,
        "16966": 2
    },
    "60000000": {
        "16055": 1
    },
    "60some": {
        "18143": 1
    },
    "62238": {
        "16966": 1
    },
    "600": {
        "16055": 1,
        "43737": 1,
        "100": 1
    },
    "601": {
        "43737": 2,
        "16966": 2
    },
    "602": {
        "43737": 1
    },
    "603": {
        "43737": 2
    },
    "604": {
        "43737": 3,
        "100": 1,
        "47960": 1
    },
    "608": {
        "100": 1
    },
    "609": {
        "16966": 1
    },
    "610": {
        "16966": 1
    },
    "612": {
        "100": 1,
        "47960": 1,
        "16966": 1
    },
    "614": {
        "16966": 1
    },
    "616": {
        "16055": 1,
        "100": 1
    },
    "617": {
        "16966": 1
    },
    "618": {
        "47960": 2
    },
    "620": {
        "100": 1
    },
    "623": {
        "16966": 1
    },
    "624": {
        "100": 1
    },
    "625": {
        "16966": 1
    },
    "628": {
        "100": 1,
        "16966": 1
    },
    "629": {
        "16055": 2
    },
    "632": {
        "100": 1
    },
    "633": {
        "16055": 2
    },
    "635": {
        "5429": 1
    },
    "637": {
        "100": 1,
        "47960": 2
    },
    "643": {
        "47960": 1
    },
    "644": {
        "100": 1
    },
    "646": {
        "47960": 1
    },
    "647": {
        "16966": 1
    },
    "649": {
        "100": 1
    },
    "652": {
        "100": 1
    },
    "656": {
        "100": 1,
        "47960": 1
    },
    "660": {
        "100": 1
    },
    "664": {
        "100": 1,
        "47960": 1
    },
    "668": {
        "100": 1
    },
    "672": {
        "100": 1
    },
    "676": {
        "100": 1
    },
    "680": {
        "100": 1
    },
    "682": {
        "43737": 1
    },
    "684": {
        "100": 1
    },
    "688": {
        "100": 1
    },
    "689": {
        "16966": 1
    },
    "691": {
        "100": 1
    },
    "694": {
        "47960": 1
    },
    "696": {
        "100": 1
    },
    "6th": {
        "47960": 2
    },
    "670739": {
        "16966": 1
    },
    "6063": {
        "16966": 1
    },
    "6365": {
        "16055": 1
    },
    "6466": {
        "16055": 1
    },
    "6583": {
        "23046": 1
    },
    "6671": {
        "23046": 1
    },
    "6669": {
        "47960": 1
    },
    "6769": {
        "47960": 1
    },
    "646221541": {
        "16055": 1,
        "23045": 1,
        "1286": 1,
        "43737": 1,
        "23046": 1,
        "1041": 1,
        "27726": 1,
        "20657": 1,
        "1514": 1,
        "1513": 1,
        "1533": 1,
        "1532": 1,
        "23042": 1,
        "1531": 1,
        "1112": 1,
        "23044": 1,
        "1430": 1,
        "27761": 1,
        "1519": 1,
        "1539": 1,
        "1515": 1,
        "18143": 1,
        "47960": 1,
        "2265": 1,
        "2264": 1,
        "100": 1,
        "1524": 1,
        "1523": 1,
        "1522": 1,
        "1508": 1,
        "5429": 1,
        "16966": 1,
        "1526": 1
    }
}
