{
    "7": {
        "16055": 10,
        "100": 2,
        "23042": 4,
        "18143": 1,
        "47960": 42,
        "23044": 10,
        "1430": 4,
        "23045": 3,
        "43737": 114,
        "23046": 2,
        "27726": 6,
        "16966": 28
    },
    "70": {
        "16055": 1,
        "100": 1,
        "23042": 8,
        "18143": 1,
        "47960": 28,
        "23044": 27,
        "23045": 18,
        "43737": 54,
        "23046": 14,
        "16966": 4
    },
    "71": {
        "100": 1,
        "18143": 1,
        "47960": 9,
        "23044": 3,
        "23045": 2,
        "43737": 52,
        "23046": 3,
        "20657": 1,
        "16966": 11
    },
    "72": {
        "100": 2,
        "23042": 4,
        "47960": 10,
        "23044": 2,
        "23045": 2,
        "43737": 43,
        "23046": 3,
        "27726": 1,
        "16966": 9
    },
    "73": {
        "100": 1,
        "47960": 13,
        "23044": 2,
        "1430": 1,
        "23045": 4,
        "43737": 52,
        "23046": 2,
        "16966": 7
    },
    "74": {
        "16055": 1,
        "100": 1,
        "23042": 2,
        "47960": 11,
        "23044": 7,
        "1430": 2,
        "23045": 3,
        "43737": 59,
        "23046": 5,
        "16966": 4
    },
    "75": {
        "16055": 5,
        "100": 1,
        "23042": 9,
        "47960": 10,
        "23044": 33,
        "23045": 15,
        "43737": 63,
        "23046": 16,
        "16966": 3
    },
    "76": {
        "16055": 1,
        "100": 2,
        "23042": 1,
        "47960": 11,
        "23044": 2,
        "1430": 1,
        "23045": 4,
        "43737": 60,
        "23046": 4,
        "16966": 4
    },
    "77": {
        "16055": 3,
        "100": 1,
        "47960": 10,
        "23044": 3,
        "43737": 54,
        "23046": 1,
        "16966": 1
    },
    "78": {
        "16055": 2,
        "100": 1,
        "23042": 2,
        "47960": 9,
        "23044": 7,
        "1430": 1,
        "23045": 2,
        "43737": 50,
        "16966": 7
    },
    "79": {
        "16055": 1,
        "100": 1,
        "23042": 1,
        "47960": 7,
        "23044": 2,
        "23045": 2,
        "43737": 54,
        "23046": 4,
        "5429": 1,
        "16966": 5
    },
    "700": {
        "100": 1
    },
    "703": {
        "47960": 1
    },
    "704": {
        "100": 1
    },
    "708": {
        "100": 1
    },
    "711": {
        "43737": 1
    },
    "712": {
        "16055": 1,
        "100": 1
    },
    "715": {
        "16966": 1
    },
    "716": {
        "100": 1,
        "16966": 1
    },
    "720": {
        "100": 1
    },
    "723": {
        "100": 1
    },
    "728": {
        "100": 1
    },
    "732": {
        "100": 1
    },
    "736": {
        "100": 1
    },
    "738": {
        "16966": 1
    },
    "740": {
        "100": 1
    },
    "744": {
        "100": 1
    },
    "745": {
        "16966": 1
    },
    "748": {
        "16055": 1,
        "100": 1
    },
    "749": {
        "16055": 2
    },
    "750": {
        "16055": 1
    },
    "752": {
        "100": 1
    },
    "756": {
        "100": 1,
        "47960": 1,
        "16966": 1
    },
    "760": {
        "100": 1
    },
    "761": {
        "47960": 1
    },
    "762": {
        "47960": 1
    },
    "764": {
        "100": 1
    },
    "768": {
        "100": 1
    },
    "772": {
        "100": 1,
        "16966": 1
    },
    "775": {
        "16966": 1
    },
    "776": {
        "100": 1
    },
    "780": {
        "100": 1
    },
    "781": {
        "47960": 1
    },
    "784": {
        "100": 1
    },
    "790": {
        "100": 1
    },
    "792": {
        "100": 1
    },
    "796": {
        "100": 1,
        "47960": 1
    },
    "7518860": {
        "20657": 1
    },
    "7th": {
        "47960": 1
    },
    "7175": {
        "23045": 1
    },
    "7178": {
        "16966": 1
    },
    "7174": {
        "23046": 1
    },
    "7277": {
        "16966": 1
    },
    "7376": {
        "16966": 1
    },
    "7989": {
        "16966": 1
    },
    "75285": {
        "16966": 1
    }
}
