{
    "8": {
        "16055": 9,
        "100": 3,
        "23042": 3,
        "18143": 1,
        "47960": 24,
        "23044": 4,
        "23045": 7,
        "43737": 113,
        "23046": 1,
        "27726": 1,
        "16966": 13
    },
    "80": {
        "100": 2,
        "23042": 10,
        "47960": 20,
        "23044": 30,
        "23045": 16,
        "43737": 47,
        "23046": 11,
        "27726": 2,
        "16966": 9
    },
    "81": {
        "16055": 3,
        "100": 1,
        "23042": 4,
        "47960": 7,
        "23044": 3,
        "23045": 2,
        "43737": 49,
        "23046": 1,
        "16966": 6
    },
    "82": {
        "16055": 2,
        "100": 1,
        "23042": 4,
        "47960": 9,
        "23044": 1,
        "23045": 3,
        "43737": 55,
        "16966": 13
    },
    "83": {
        "16055": 1,
        "100": 1,
        "23042": 3,
        "47960": 12,
        "23044": 3,
        "23045": 6,
        "43737": 52,
        "23046": 1,
        "16966": 6
    },
    "84": {
        "100": 1,
        "23042": 4,
        "47960": 12,
        "23044": 1,
        "23045": 2,
        "43737": 53,
        "23046": 2,
        "5429": 1,
        "16966": 4
    },
    "85": {
        "16055": 2,
        "100": 2,
        "23042": 8,
        "47960": 9,
        "23044": 28,
        "23045": 14,
        "43737": 53,
        "23046": 13,
        "20657": 1,
        "16966": 2
    },
    "86": {
        "100": 1,
        "23042": 1,
        "47960": 7,
        "23044": 4,
        "1430": 2,
        "23045": 3,
        "43737": 48,
        "23046": 3,
        "16966": 1
    },
    "87": {
        "16055": 2,
        "100": 1,
        "23042": 1,
        "47960": 10,
        "23045": 1,
        "43737": 39,
        "23046": 4,
        "16966": 4
    },
    "88": {
        "100": 2,
        "23042": 5,
        "47960": 4,
        "23044": 4,
        "23045": 4,
        "43737": 48,
        "23046": 3,
        "16966": 5
    },
    "89": {
        "16055": 2,
        "100": 1,
        "23042": 2,
        "47960": 10,
        "23044": 5,
        "23045": 1,
        "43737": 42,
        "23046": 4,
        "16966": 6
    },
    "8d": {
        "100": 1
    },
    "89were": {
        "43737": 1
    },
    "8284": {
        "23044": 1
    },
    "8285": {
        "23045": 1,
        "23044": 1
    },
    "8890": {
        "23044": 1
    },
    "8992": {
        "16966": 1
    },
    "8991": {
        "16055": 1
    },
    "82166": {
        "16966": 1
    },
    "800": {
        "27726": 1,
        "100": 1
    },
    "801": {
        "16055": 1,
        "23045": 1,
        "1286": 1,
        "43737": 1,
        "23046": 1,
        "1041": 1,
        "27726": 1,
        "20657": 1,
        "1514": 1,
        "1513": 1,
        "1533": 1,
        "1532": 1,
        "23042": 1,
        "1531": 1,
        "1112": 1,
        "23044": 1,
        "1430": 1,
        "27761": 1,
        "1519": 1,
        "1539": 1,
        "1515": 1,
        "18143": 1,
        "47960": 1,
        "2265": 1,
        "2264": 1,
        "100": 1,
        "1524": 1,
        "1523": 1,
        "1522": 1,
        "1508": 1,
        "5429": 1,
        "16966": 1,
        "1526": 1
    },
    "802": {
        "16966": 1
    },
    "804": {
        "100": 1
    },
    "808": {
        "100": 1,
        "47960": 1,
        "16966": 1
    },
    "809": {
        "16055": 1,
        "23045": 1,
        "1286": 1,
        "43737": 1,
        "23046": 1,
        "1041": 1,
        "27726": 1,
        "20657": 1,
        "1514": 1,
        "1513": 1,
        "1533": 1,
        "1532": 1,
        "23042": 1,
        "1531": 1,
        "1112": 1,
        "23044": 1,
        "1430": 1,
        "27761": 1,
        "1519": 1,
        "1539": 1,
        "1515": 1,
        "18143": 1,
        "47960": 1,
        "2265": 1,
        "2264": 1,
        "100": 1,
        "1524": 1,
        "1523": 1,
        "1522": 1,
        "1508": 1,
        "5429": 1,
        "16966": 1,
        "1526": 1
    },
    "811": {
        "100": 1
    },
    "812": {
        "16966": 3
    },
    "813": {
        "47960": 1,
        "16966": 1
    },
    "816": {
        "100": 1
    },
    "820": {
        "100": 1
    },
    "823": {
        "16966": 1
    },
    "824": {
        "100": 1
    },
    "828": {
        "100": 1
    },
    "832": {
        "100": 1
    },
    "834": {
        "16966": 6
    },
    "836": {
        "100": 1
    },
    "840": {
        "100": 1
    },
    "844": {
        "100": 1,
        "47960": 2
    },
    "845": {
        "16966": 1
    },
    "846": {
        "43737": 1
    },
    "848": {
        "100": 1
    },
    "852": {
        "100": 1
    },
    "856": {
        "100": 1,
        "16966": 1
    },
    "857": {
        "43737": 1
    },
    "859": {
        "16966": 1
    },
    "860": {
        "100": 1
    },
    "865": {
        "100": 1
    },
    "868": {
        "100": 1
    },
    "872": {
        "100": 1
    },
    "876": {
        "100": 1,
        "16966": 1
    },
    "878": {
        "16966": 1
    },
    "879": {
        "43737": 1
    },
    "880": {
        "100": 1
    },
    "884": {
        "100": 1
    },
    "885": {
        "47960": 1
    },
    "888": {
        "100": 1
    },
    "892": {
        "100": 1
    },
    "894": {
        "47960": 1
    },
    "896": {
        "100": 1
    },
    "898": {
        "43737": 1
    },
    "8th": {
        "47960": 1
    },
    "8vo": {
        "16966": 2
    },
    "87104": {
        "16966": 1
    },
    "88120": {
        "47960": 1
    },
    "84116": {
        "16055": 1,
        "23045": 1,
        "1286": 1,
        "43737": 1,
        "23046": 1,
        "1041": 1,
        "27726": 1,
        "20657": 1,
        "1514": 1,
        "1513": 1,
        "1533": 1,
        "1532": 1,
        "23042": 1,
        "1531": 1,
        "1112": 1,
        "23044": 1,
        "1430": 1,
        "27761": 1,
        "1519": 1,
        "1539": 1,
        "1515": 1,
        "18143": 1,
        "47960": 1,
        "2265": 1,
        "2264": 1,
        "100": 1,
        "1524": 1,
        "1523": 1,
        "1522": 1,
        "1508": 1,
        "5429": 1,
        "16966": 1,
        "1526": 1
    }
}
