{
    "9": {
        "16055": 5,
        "100": 2,
        "23042": 3,
        "18143": 1,
        "47960": 21,
        "23044": 5,
        "1430": 1,
        "23045": 8,
        "43737": 123,
        "23046": 1,
        "27726": 2,
        "16966": 18
    },
    "90": {
        "16055": 3,
        "23045": 14,
        "1286": 2,
        "43737": 52,
        "23046": 13,
        "1041": 2,
        "27726": 2,
        "20657": 2,
        "1514": 2,
        "1513": 2,
        "1533": 2,
        "1532": 2,
        "23042": 12,
        "1531": 2,
        "1112": 2,
        "23044": 23,
        "1430": 3,
        "27761": 2,
        "1519": 2,
        "1539": 2,
        "1515": 2,
        "18143": 2,
        "47960": 27,
        "2265": 2,
        "2264": 2,
        "100": 3,
        "1524": 2,
        "1523": 2,
        "1522": 2,
        "1508": 2,
        "5429": 2,
        "16966": 11,
        "1526": 2
    },
    "91": {
        "16055": 1,
        "100": 1,
        "23042": 2,
        "47960": 7,
        "23044": 1,
        "23045": 7,
        "43737": 40,
        "23046": 3,
        "16966": 10
    },
    "92": {
        "16055": 4,
        "100": 2,
        "23042": 2,
        "47960": 8,
        "23044": 1,
        "23045": 2,
        "43737": 56,
        "23046": 1,
        "5429": 1,
        "16966": 3
    },
    "93": {
        "100": 1,
        "23042": 3,
        "47960": 9,
        "23044": 5,
        "23045": 2,
        "43737": 47,
        "23046": 5,
        "16966": 4
    },
    "94": {
        "16055": 1,
        "100": 1,
        "23042": 1,
        "47960": 8,
        "23044": 2,
        "1430": 1,
        "23045": 6,
        "43737": 52,
        "23046": 1,
        "16966": 2
    },
    "95": {
        "100": 1,
        "23042": 9,
        "47960": 7,
        "23044": 29,
        "23045": 11,
        "43737": 44,
        "23046": 9,
        "16966": 2
    },
    "96": {
        "16055": 1,
        "100": 2,
        "23042": 3,
        "47960": 4,
        "23044": 6,
        "23045": 6,
        "43737": 33,
        "23046": 1,
        "27726": 1,
        "16966": 1
    },
    "97": {
        "16055": 3,
        "100": 1,
        "23042": 1,
        "47960": 12,
        "23044": 4,
        "23045": 3,
        "43737": 43,
        "23046": 2,
        "16966": 2
    },
    "98": {
        "16055": 1,
        "100": 1,
        "47960": 9,
        "23044": 5,
        "23045": 2,
        "43737": 42,
        "23046": 1,
        "16966": 2
    },
    "99": {
        "16055": 1,
        "100": 1,
        "23042": 3,
        "47960": 7,
        "23044": 2,
        "23045": 2,
        "43737": 41,
        "23046": 2,
        "16966": 7
    },
    "95109": {
        "47960": 1
    },
    "9086": {
        "43737": 1
    },
    "900": {
        "100": 1,
        "47960": 1
    },
    "901": {
        "43737": 1
    },
    "904": {
        "100": 1
    },
    "905": {
        "43737": 1
    },
    "908": {
        "16055": 1,
        "100": 1
    },
    "911": {
        "47960": 1,
        "16966": 1
    },
    "913": {
        "100": 1
    },
    "916": {
        "100": 1
    },
    "920": {
        "100": 1
    },
    "925": {
        "100": 1
    },
    "928": {
        "100": 1
    },
    "931": {
        "100": 1
    },
    "934": {
        "16966": 1
    },
    "935": {
        "47960": 1
    },
    "936": {
        "100": 1
    },
    "940": {
        "100": 1
    },
    "944": {
        "100": 1
    },
    "947": {
        "16966": 1
    },
    "948": {
        "100": 1
    },
    "952": {
        "100": 1
    },
    "956": {
        "100": 1
    },
    "957": {
        "16055": 2
    },
    "960": {
        "100": 1
    },
    "962": {
        "16055": 1
    },
    "963": {
        "16055": 1
    },
    "964": {
        "100": 1
    },
    "968": {
        "100": 1
    },
    "969": {
        "43737": 1,
        "47960": 1
    },
    "972": {
        "100": 1
    },
    "976": {
        "100": 1
    },
    "980": {
        "16055": 2,
        "100": 1
    },
    "985": {
        "100": 1
    },
    "988": {
        "100": 1
    },
    "992": {
        "100": 1
    },
    "996": {
        "100": 1
    },
    "97101": {
        "16966": 1
    },
    "98101": {
        "23045": 1
    }
}
