{"j": {
    "16055": 3,
    "47960": 7,
    "27761": 1,
    "23044": 2,
    "23045": 1,
    "43737": 3,
    "16966": 7
}}
{"jouissance": {"18143": 1}}
{"julietteelles": {"18143": 1}}
{"justicers": {
    "1532": 1,
    "100": 1,
    "16966": 1
}}
{"jugglers": {
    "100": 1,
    "23046": 1
}}
{"jeanje": {"18143": 1}}
{"jezebel": {
    "100": 1,
    "1526": 1
}}
{"jouitil": {"18143": 1}}
{"journal": {
    "23045": 1,
    "16055": 1,
    "100": 2,
    "16966": 1
}}
{"journey": {
    "47960": 1,
    "23045": 2,
    "1286": 16,
    "43737": 1,
    "1041": 2,
    "27726": 1,
    "20657": 16,
    "100": 28,
    "1513": 1,
    "1533": 1,
    "1532": 1,
    "1531": 1,
    "1430": 2,
    "1508": 2,
    "1539": 1,
    "5429": 1,
    "16966": 5
}}
{"joyau": {"18143": 1}}
{"joyed": {
    "1286": 1,
    "20657": 1,
    "100": 2
}}
{"jackalent": {
    "100": 2,
    "23044": 2
}}
{"jaquenetta": {"100": 29}}
{"javelins": {"100": 2}}
{"juliettetout": {"18143": 1}}
{"joltheads": {
    "100": 1,
    "1508": 1
}}
{"jouirez": {"18143": 1}}
{"joncherai": {"18143": 1}}
{"justicebear": {"100": 1}}
{"ja": {"16966": 1}}
{"jb": {"16055": 1}}
{"jc": {
    "47960": 24,
    "16966": 1
}}
{"je": {
    "100": 28,
    "18143": 461,
    "23044": 1
}}
{"jl": {"43737": 1}}
{"jr": {"47960": 1}}
{"ju": {"43737": 1}}
{"jw": {"16966": 1}}
{"jy": {"18143": 5}}
{"juliets": {
    "100": 11,
    "1513": 11,
    "47960": 33,
    "1430": 6,
    "1286": 6,
    "27726": 2,
    "20657": 6,
    "5429": 1,
    "16966": 1
}}
{"jouira": {"18143": 1}}
{"jewish": {
    "1286": 2,
    "100": 2,
    "20657": 2,
    "1515": 2
}}
{"jocund": {
    "100": 9,
    "1524": 1,
    "1513": 1,
    "1533": 1,
    "23042": 1,
    "47960": 2,
    "27761": 2,
    "16966": 1,
    "1526": 1
}}
{"juggling": {
    "1286": 1,
    "100": 5,
    "1533": 1,
    "20657": 1
}}
{"jewelled": {"16055": 1}}
{"jeweller": {
    "16055": 2,
    "43737": 1,
    "100": 12,
    "20657": 2
}}
{"jahrbcher": {"16966": 1}}
{"jennet": {"100": 1}}
{"jeunesse": {"18143": 6}}
{"japprends": {"18143": 1}}
{"justifyt": {
    "1539": 1,
    "100": 1
}}
{"joyeuses": {"18143": 2}}
{"judgement": {
    "23045": 4,
    "43737": 2,
    "1041": 6,
    "100": 80,
    "1524": 9,
    "1523": 2,
    "1522": 2,
    "1533": 2,
    "1532": 6,
    "1531": 7,
    "23044": 3,
    "1539": 1,
    "5429": 4,
    "16966": 2
}}
{"juliane": {"43737": 1}}
{"juliana": {
    "23046": 1,
    "47960": 1
}}
{"juliaor": {"1286": 1}}
{"julietteparlestu": {"18143": 1}}
{"jealoushood": {
    "100": 2,
    "1513": 2,
    "47960": 4
}}
{"jennys": {
    "100": 1,
    "23044": 2
}}
{"japprenne": {"100": 1}}
{"joyfully": {
    "1286": 6,
    "100": 3,
    "1524": 1,
    "20657": 7
}}
{"jouent": {"18143": 1}}
{"justicea": {"100": 1}}
{"justices": {
    "100": 12,
    "1523": 1,
    "27726": 1,
    "1539": 1,
    "23044": 1
}}
{"justicer": {
    "1532": 2,
    "27726": 1,
    "100": 3
}}
{"jewels": {
    "16055": 40,
    "1286": 13,
    "43737": 1,
    "23046": 1,
    "1041": 2,
    "20657": 13,
    "1514": 1,
    "100": 33,
    "1523": 1,
    "1533": 1,
    "1532": 1,
    "1531": 3,
    "1430": 11,
    "16966": 1,
    "1515": 4
}}
{"justice2": {"23045": 1}}
{"jeered": {"1430": 1}}
{"jewess": {
    "100": 1,
    "1515": 1
}}
{"jenverrai": {"18143": 3}}
{"justifying": {
    "27726": 1,
    "100": 1,
    "16966": 2
}}
{"juliettemadame": {"18143": 2}}
{"j251li244": {"1430": 1}}
{"jerkins": {"100": 2}}
{"juliettetrois": {"18143": 1}}
{"jocose": {
    "47960": 1,
    "16966": 1
}}
{"joyous": {
    "43737": 3,
    "100": 2,
    "1508": 1,
    "16966": 2
}}
{"juliettecela": {"18143": 1}}
{"juliettecest": {"18143": 3}}
{"jasper": {"16055": 1}}
{"julietteamour": {"18143": 1}}
{"jouissez": {"18143": 1}}
{"jonsons": {
    "16055": 1,
    "16966": 1
}}
{"judgment": {
    "47960": 5,
    "23045": 1,
    "1286": 10,
    "23046": 1,
    "27726": 3,
    "20657": 10,
    "1514": 3,
    "100": 42,
    "1513": 2,
    "27761": 8,
    "1430": 2,
    "1519": 3,
    "5429": 7,
    "16966": 19,
    "1515": 9,
    "1526": 1
}}
{"jephthah": {
    "100": 3,
    "1524": 3,
    "27761": 5
}}
{"jasons": {
    "100": 2,
    "1515": 2
}}
{"joubli": {"100": 1}}
{"juliettequelle": {"18143": 1}}
{"jaurais": {"18143": 4}}
{"joynot": {
    "1539": 1,
    "100": 1
}}
{"jeering": {
    "1286": 1,
    "20657": 1,
    "100": 2
}}
{"jouant": {"18143": 1}}
{"jutting": {
    "1286": 1,
    "43737": 1,
    "100": 1,
    "20657": 1
}}
{"judases": {"100": 1}}
{"jockey": {"100": 1}}
{"jonathan": {
    "23045": 2,
    "23046": 2,
    "23042": 2,
    "23044": 2
}}
{"jealousies": {
    "100": 11,
    "1533": 1,
    "1531": 1,
    "23044": 4,
    "1286": 1,
    "20657": 1,
    "1539": 4
}}
{"jesses": {
    "100": 1,
    "1531": 1
}}
{"japerois": {"18143": 3}}
{"jobirai": {"18143": 1}}
{"jurisdiction": {"100": 2}}
{"jeancherchant": {"18143": 1}}
{"jester": {
    "100": 7,
    "1524": 1,
    "23042": 1,
    "27761": 1,
    "23044": 1,
    "1430": 1,
    "1286": 3,
    "1519": 2,
    "20657": 3,
    "1526": 1
}}
{"jested": {
    "1286": 1,
    "100": 1,
    "1508": 1,
    "20657": 1,
    "16966": 1
}}
{"judgementday": {"100": 1}}
{"jacques": {
    "100": 2,
    "18143": 2
}}
{"johnunless": {"100": 1}}
{"joymust": {"100": 1}}
{"jesters": {
    "43737": 1,
    "100": 2,
    "1532": 1,
    "47960": 1
}}
{"judicature": {
    "1539": 1,
    "100": 1
}}
{"jespre": {"18143": 2}}
{"jalouse": {"18143": 4}}
{"jaquenettas": {"100": 1}}
{"judgmentplace": {"47960": 1}}
{"justlyboldly": {"20657": 1}}
{"jeansaint": {"18143": 1}}
{"judicial": {
    "27726": 1,
    "5429": 3,
    "16966": 1,
    "1430": 1
}}
{"jugier": {"43737": 1}}
{"julietteveuxtu": {"18143": 1}}
{"jointstool": {
    "1532": 1,
    "100": 3,
    "1508": 1
}}
{"jauncing": {
    "100": 2,
    "1513": 1
}}
{"judas": {
    "43737": 3,
    "100": 18
}}
{"judgd": {"100": 1}}
{"judge": {
    "16055": 1,
    "23045": 9,
    "1286": 9,
    "43737": 2,
    "27726": 3,
    "20657": 9,
    "1514": 1,
    "100": 93,
    "1524": 3,
    "1523": 3,
    "1522": 3,
    "1532": 1,
    "1531": 3,
    "23044": 1,
    "27761": 2,
    "1430": 3,
    "1539": 1,
    "5429": 3,
    "16966": 11,
    "1515": 21,
    "1526": 1
}}
{"juggle": {"100": 1}}
{"jousts": {"100": 1}}
{"jingling": {
    "23042": 1,
    "100": 2
}}
{"jourdain": {
    "100": 7,
    "18143": 1
}}
{"juliasay": {"100": 1}}
{"jettent": {"18143": 1}}
{"jailers": {"100": 16}}
{"juliasebastian": {"1430": 1}}
{"journe": {
    "43737": 1,
    "18143": 2
}}
{"johannis": {"1430": 1}}
{"junonian": {"47960": 1}}
{"jewelthe": {"100": 1}}
{"jesting": {
    "100": 5,
    "23042": 1,
    "47960": 2,
    "1430": 1,
    "1286": 1,
    "43737": 1,
    "1519": 1,
    "20657": 1,
    "1526": 1
}}
{"jeremiah": {"43737": 1}}
{"jour21": {"18143": 1}}
{"judgementplace": {
    "100": 1,
    "1513": 1
}}
{"jackslave": {"100": 1}}
{"jurement": {"100": 1}}
{"juint": {"43737": 1}}
{"juice": {
    "1514": 4,
    "100": 8,
    "1524": 1,
    "27761": 2,
    "23044": 1,
    "1430": 8,
    "1286": 8,
    "20657": 8
}}
{"juieu": {"43737": 1}}
{"jackson": {
    "23045": 9,
    "23046": 7,
    "23044": 7
}}
{"julys": {
    "1539": 1,
    "100": 1
}}
{"jules": {"18143": 3}}
{"julia": {
    "1286": 36,
    "100": 144,
    "23046": 1,
    "20657": 37,
    "47960": 1,
    "1430": 33
}}
{"julio": {
    "1286": 1,
    "100": 1,
    "20657": 1,
    "1539": 1
}}
{"jangling": {
    "1286": 3,
    "1514": 1,
    "100": 3,
    "20657": 3
}}
{"jewellers": {"16055": 6}}
{"jewellery": {
    "16055": 3,
    "20657": 1
}}
{"jest145": {"16966": 1}}
{"junes": {
    "100": 1,
    "1041": 1
}}
{"junos": {
    "1539": 1,
    "100": 6,
    "1523": 2
}}
{"jumps": {
    "100": 5,
    "1523": 1,
    "27726": 2,
    "1539": 1
}}
{"juliettebon": {"18143": 1}}
{"juliettemaudite": {"18143": 1}}
{"joyless": {
    "100": 3,
    "47960": 2
}}
{"juliettesils": {"18143": 1}}
{"jarret": {"18143": 1}}
{"juvenile": {"5429": 1}}
{"jeronimy": {
    "100": 1,
    "1508": 1
}}
{"juror": {"100": 1}}
{"jobserverai": {"18143": 1}}
{"jealousy": {
    "47960": 4,
    "1286": 14,
    "23046": 2,
    "1041": 1,
    "27726": 4,
    "20657": 14,
    "1514": 2,
    "100": 41,
    "1524": 2,
    "1531": 7,
    "23044": 9,
    "1430": 8,
    "1519": 1,
    "1539": 1,
    "16966": 20,
    "1515": 1,
    "1526": 2
}}
{"julietteoui": {"18143": 5}}
{"juncture": {
    "1286": 2,
    "20657": 2
}}
{"jurer": {"18143": 1}}
{"jures": {"18143": 1}}
{"juliettefrre": {"18143": 1}}
{"jacknape": {
    "100": 1,
    "23044": 1
}}
{"juliettevieille": {"18143": 1}}
{"justicelike": {"100": 1}}
{"jaunting": {"47960": 1}}
{"juliettenon": {"18143": 3}}
{"jutty": {
    "100": 2,
    "16966": 2,
    "1533": 1
}}
{"judgment60": {"27761": 1}}
{"juliettemon": {"18143": 3}}
{"jcrirai": {"18143": 1}}
{"jusqu": {"18143": 22}}
{"juste": {"18143": 5}}
{"juliettelaissezmoi": {"18143": 1}}
{"juliettealors": {"18143": 1}}
{"jamesons": {
    "47960": 1,
    "16966": 1
}}
{"jubiter": {"100": 1}}
{"joignent": {"18143": 1}}
{"julietteles": {"18143": 1}}
{"junius": {
    "27726": 3,
    "100": 5
}}
{"junior": {
    "100": 1,
    "16966": 1
}}
{"justling": {"100": 1}}
{"juliette": {"18143": 111}}
{"julietta": {
    "23045": 1,
    "100": 1
}}
{"jeanfrre": {"18143": 1}}
{"jocosity": {"16966": 1}}
{"jumping": {"100": 1}}
{"juliettejai": {"18143": 1}}
{"julietteils": {"18143": 1}}
{"justled": {
    "23042": 1,
    "100": 1
}}
{"justles": {"100": 1}}
{"jerome": {"43737": 1}}
{"jattendrai": {"18143": 1}}
{"joyful": {
    "100": 32,
    "1513": 5,
    "1523": 1,
    "1533": 2,
    "47960": 5,
    "23044": 1,
    "1430": 1,
    "1286": 14,
    "43737": 1,
    "23046": 1,
    "1508": 1,
    "20657": 14
}}
{"jaggard": {"16055": 6}}
{"jouerons": {"18143": 1}}
{"justle": {
    "23042": 1,
    "100": 1
}}
{"justly": {
    "47960": 2,
    "23045": 1,
    "1286": 4,
    "23046": 1,
    "20657": 3,
    "100": 31,
    "1513": 1,
    "1524": 3,
    "1523": 1,
    "1532": 3,
    "23042": 1,
    "1531": 3,
    "27761": 5,
    "1430": 2,
    "1519": 1,
    "1539": 1,
    "5429": 4,
    "16966": 7,
    "1526": 1
}}
{"joliment": {"18143": 1}}
{"jerkin": {
    "100": 11,
    "1508": 1,
    "23042": 4,
    "23044": 1
}}
{"julietjuliet": {"47960": 1}}
{"jugeant": {"18143": 1}}
{"jameson": {
    "47960": 10,
    "16966": 4
}}
{"joyeux": {"18143": 4}}
{"jigmaker71": {"27761": 1}}
{"jamaiso": {"18143": 1}}
{"juliettequi": {"18143": 3}}
{"juliettequy": {"18143": 1}}
{"jcrivis": {"18143": 1}}
{"justify": {
    "100": 10,
    "23042": 1,
    "23045": 1,
    "1041": 1,
    "1539": 1,
    "5429": 3,
    "16966": 5
}}
{"justice": {
    "16055": 3,
    "18143": 2,
    "47960": 2,
    "23045": 32,
    "1286": 13,
    "43737": 5,
    "23046": 7,
    "27726": 10,
    "20657": 14,
    "100": 257,
    "1513": 1,
    "1524": 1,
    "1523": 2,
    "1522": 2,
    "1533": 3,
    "1532": 7,
    "1531": 4,
    "23044": 7,
    "1430": 8,
    "1519": 1,
    "1539": 8,
    "5429": 11,
    "16966": 49,
    "1515": 18
}}
{"justifiably": {"27761": 1}}
{"justifiable": {"27761": 1}}
{"jesik229": {"1430": 1}}
{"jeweled": {"1430": 1}}
{"jeweler": {
    "1286": 2,
    "1430": 1
}}
{"jewelry": {
    "1286": 1,
    "16055": 3,
    "1430": 1
}}
{"jackpriest": {"100": 1}}
{"jusquici": {"18143": 1}}
{"joyaux": {"16055": 1}}
{"juxtaposition": {"16966": 1}}
{"justest": {"100": 1}}
{"jerusalem": {
    "16055": 2,
    "43737": 1,
    "100": 12
}}
{"juliettenourrice": {"18143": 1}}
{"jarring": {
    "1286": 1,
    "100": 4,
    "1508": 1,
    "1532": 1,
    "20657": 1
}}
{"jpouserai": {"18143": 1}}
{"javenturerais": {"18143": 1}}
{"jewelling": {"16055": 2}}
{"jewellike": {
    "1286": 1,
    "20657": 1,
    "100": 1
}}
{"juxtapositions": {"16966": 1}}
{"jessica": {
    "100": 58,
    "27726": 1,
    "1430": 3,
    "1515": 58
}}
{"justement": {"18143": 2}}
{"julietteallons": {"18143": 1}}
{"jouissances": {"18143": 1}}
{"jocular": {"43737": 1}}
{"jusquaux": {"18143": 2}}
{"juliettejuliette": {"18143": 1}}
{"jogging": {
    "100": 1,
    "1508": 1
}}
{"johnsons": {
    "23046": 1,
    "27726": 1,
    "47960": 1,
    "23044": 1,
    "16966": 3
}}
{"julietteamen": {"18143": 1}}
{"joyously": {"43737": 1}}
{"jaques": {
    "1286": 2,
    "100": 85,
    "1523": 79,
    "27726": 2,
    "20657": 2,
    "16966": 2
}}
{"justborne": {"100": 1}}
{"joshua": {"100": 1}}
{"jahrbuch": {"16966": 3}}
{"joseph": {
    "100": 2,
    "47960": 1,
    "1508": 2
}}
{"joindre": {"18143": 2}}
{"julietteeh": {"18143": 4}}
{"julietteet": {"18143": 2}}
{"julietteen": {"18143": 2}}
{"julietteil": {"18143": 2}}
{"javais": {"18143": 3}}
{"julietteje": {"18143": 12}}
{"juliettela": {"18143": 1}}
{"juliettele": {"18143": 3}}
{"juliettema": {"18143": 1}}
{"julietteme": {"18143": 1}}
{"juliettene": {"18143": 1}}
{"julietteny": {"18143": 1}}
{"julietteoh": {"18143": 4}}
{"juliettesi": {"18143": 3}}
{"juliettest": {"18143": 1}}
{"juliettete": {"18143": 1}}
{"juliettetu": {"18143": 1}}
{"joineth": {"100": 1}}
{"julietteah": {"18143": 3}}
{"juliettece": {"18143": 1}}
{"juliettede": {"18143": 1}}
{"juices": {"27761": 1}}
{"julietteun": {"18143": 2}}
{"julietteva": {"18143": 2}}
{"jointure": {
    "100": 5,
    "1513": 1,
    "1523": 1,
    "47960": 2,
    "23044": 1,
    "1286": 1,
    "1508": 1,
    "20657": 1
}}
{"justinian": {"43737": 1}}
{"jamess": {
    "16055": 2,
    "16966": 1
}}
{"jumped": {"27726": 2}}
{"joining": {
    "43737": 1,
    "27726": 1,
    "27761": 1,
    "16966": 2
}}
{"jambes": {"18143": 3}}
{"joy162": {"16966": 1}}
{"jonson": {
    "16055": 2,
    "27726": 1,
    "47960": 5,
    "16966": 7,
    "1430": 2
}}
{"jamany": {
    "100": 1,
    "23044": 1
}}
{"jointstools": {"47960": 3}}
{"jills": {
    "100": 1,
    "1508": 1
}}
{"julietteapproche": {"18143": 1}}
{"jacksauce": {"100": 1}}
{"jeansoyez": {"18143": 1}}
{"jamais": {"18143": 37}}
{"jaquess": {"16966": 1}}
{"japheth": {"43737": 1}}
{"jointing": {"100": 1}}
{"jirai": {"18143": 2}}
{"julietteneuf": {"18143": 1}}
{"jesting234": {"16966": 1}}
{"jointress": {
    "100": 1,
    "1524": 1,
    "27761": 1,
    "16966": 1
}}
{"jehan": {"43737": 1}}
{"julietteromo": {"18143": 1}}
{"joinder": {
    "100": 1,
    "1526": 1
}}
{"jealous": {
    "47960": 4,
    "1286": 16,
    "23046": 3,
    "1041": 1,
    "27726": 2,
    "20657": 17,
    "1514": 2,
    "100": 50,
    "1513": 1,
    "1523": 2,
    "1522": 2,
    "1532": 2,
    "1531": 13,
    "23044": 8,
    "1430": 6,
    "1508": 1,
    "1519": 1,
    "1539": 2,
    "5429": 1,
    "16966": 13,
    "1515": 1,
    "1526": 1
}}
{"jaurai": {"18143": 1}}
{"jointring": {
    "100": 1,
    "1531": 1
}}
{"jackanape": {
    "100": 2,
    "23044": 2
}}
{"journeybated": {"100": 1}}
{"jelly": {
    "100": 3,
    "1524": 1,
    "1532": 1,
    "1539": 1,
    "27761": 1
}}
{"juvenal": {
    "1514": 1,
    "100": 7,
    "27761": 2
}}
{"jalousie": {"18143": 1}}
{"jealousyeleven": {"23044": 1}}
{"jolivet": {"43737": 1}}
{"jackdaw": {"43737": 1}}
{"jurors": {"100": 1}}
{"jardin": {"18143": 5}}
{"jumpeth": {"100": 1}}
{"jailer": {
    "1286": 3,
    "100": 87,
    "23046": 1
}}
{"jailor": {
    "20657": 3,
    "23046": 2
}}
{"jaille": {"18143": 2}}
{"jackdog": {
    "100": 1,
    "23044": 1
}}
{"juliettequun": {"18143": 1}}
{"jubilee": {"16055": 1}}
{"jostle": {"100": 1}}
{"jaded": {
    "1286": 1,
    "100": 3,
    "27726": 1,
    "20657": 1
}}
{"jades": {
    "100": 15,
    "1522": 1,
    "1508": 1,
    "1519": 1
}}
{"juliettequel": {"18143": 3}}
{"jacke": {"16055": 1}}
{"jacks": {
    "100": 7,
    "1513": 1,
    "47960": 4,
    "1041": 2,
    "1508": 1,
    "1519": 1,
    "1515": 1
}}
{"jacob": {
    "23045": 1,
    "100": 5,
    "1515": 4
}}
{"jarteerhave": {"23044": 1}}
{"jacet": {"100": 1}}
{"julietteestce": {"18143": 1}}
{"jawbone": {
    "100": 1,
    "1524": 1,
    "27761": 1
}}
{"juliettedonne": {"18143": 1}}
{"jerks": {"100": 1}}
{"jessicathou": {
    "100": 1,
    "1515": 1
}}
{"jesusoft": {"100": 1}}
{"jealousyeven": {"16966": 1}}
{"judgment149": {"16966": 1}}
{"jadry": {"100": 1}}
{"jeopardy": {"100": 1}}
{"jeusse": {"18143": 3}}
{"jette": {"18143": 3}}
{"juliettevous": {"18143": 2}}
{"juliettemille": {"18143": 1}}
{"judgments": {
    "100": 5,
    "27726": 1,
    "5429": 1,
    "27761": 1
}}
{"jetes": {"18143": 1}}
{"jeter": {"18143": 3}}
{"jetez": {"18143": 2}}
{"juliettecomment": {"18143": 2}}
{"jests": {
    "47960": 2,
    "1286": 5,
    "43737": 1,
    "23046": 2,
    "20657": 5,
    "100": 18,
    "1513": 1,
    "1523": 1,
    "23044": 2,
    "1430": 3,
    "1508": 1,
    "1519": 3,
    "5429": 2,
    "16966": 1,
    "1526": 2
}}
{"jesus": {
    "100": 3,
    "1430": 1
}}
{"junkets": {
    "100": 1,
    "1508": 1
}}
{"jureraije": {"18143": 1}}
{"jeshu": {
    "100": 2,
    "23044": 1
}}
{"jouezmoi": {"18143": 1}}
{"johnson": {
    "23042": 20,
    "18143": 2,
    "47960": 14,
    "27761": 9,
    "23044": 15,
    "1430": 1,
    "23045": 48,
    "23046": 12,
    "27726": 2,
    "5429": 4,
    "16966": 15
}}
{"jeudivous": {"18143": 1}}
{"jeunes": {"18143": 12}}
{"journalistcritics": {"27726": 1}}
{"jaime": {"18143": 4}}
{"jaind": {"43737": 1}}
{"jains": {"43737": 1}}
{"jeudi": {"18143": 13}}
{"junolike": {"100": 1}}
{"jeune": {
    "18143": 42,
    "47960": 1
}}
{"jointed": {"100": 2}}
{"johnadreams": {
    "100": 1,
    "1524": 1,
    "16966": 1
}}
{"jointly": {
    "100": 6,
    "1524": 1,
    "1533": 1,
    "1532": 1,
    "27761": 1,
    "1286": 1,
    "20657": 1
}}
{"jackets": {"43737": 1}}
{"jewel": {
    "16055": 17,
    "47960": 2,
    "23045": 1,
    "1286": 6,
    "43737": 1,
    "23046": 1,
    "1041": 4,
    "20657": 6,
    "1514": 1,
    "100": 65,
    "1513": 1,
    "1523": 2,
    "1533": 1,
    "1532": 1,
    "23042": 1,
    "1531": 2,
    "23044": 5,
    "1430": 5,
    "1508": 1,
    "1519": 1,
    "1539": 2,
    "16966": 1,
    "1515": 1,
    "1526": 3
}}
{"jakes": {
    "1532": 1,
    "27726": 1,
    "100": 1
}}
{"jewry": {
    "100": 7,
    "23044": 1
}}
{"janus": {
    "100": 2,
    "1531": 1,
    "1515": 1
}}
{"janet": {"20657": 2}}
{"jambe": {"18143": 2}}
{"james": {
    "16055": 6,
    "100": 10,
    "1513": 1,
    "47960": 3,
    "27761": 2,
    "1430": 1,
    "1286": 1,
    "43737": 2,
    "20657": 1,
    "16966": 4
}}
{"jaquescelia": {
    "100": 1,
    "1523": 1
}}
{"joinstools": {
    "100": 1,
    "1513": 1
}}
{"jordan": {
    "43737": 2,
    "100": 2
}}
{"judgements": {
    "100": 10,
    "1524": 3,
    "1523": 1,
    "1041": 1,
    "16966": 1
}}
{"journeys": {
    "100": 5,
    "1524": 1,
    "1531": 1,
    "47960": 1,
    "27761": 1,
    "43737": 1,
    "16966": 4,
    "1526": 1
}}
{"joncher": {"18143": 1}}
{"jallais": {"18143": 1}}
{"jarre": {"47960": 1}}
{"jusquau": {"18143": 2}}
{"juliettedans": {"18143": 1}}
{"juliettehlas": {"18143": 1}}
{"jetant": {"18143": 1}}
{"judging": {
    "1286": 2,
    "16055": 1,
    "100": 1,
    "27726": 1,
    "20657": 2,
    "5429": 1
}}
{"jai": {
    "43737": 1,
    "100": 1,
    "18143": 50
}}
{"jan": {"16966": 1}}
{"jar": {
    "100": 8,
    "27726": 1,
    "1539": 1,
    "16966": 1
}}
{"jaw": {
    "100": 2,
    "1524": 1
}}
{"jay": {
    "1539": 1,
    "100": 3,
    "1508": 1
}}
{"jen": {
    "23046": 1,
    "18143": 20
}}
{"jet": {
    "16055": 13,
    "100": 8,
    "23046": 1,
    "18143": 1,
    "1515": 1
}}
{"jeu": {
    "43737": 1,
    "18143": 10
}}
{"jew": {
    "1514": 1,
    "100": 69,
    "1533": 1,
    "47960": 1,
    "1286": 25,
    "43737": 1,
    "1519": 1,
    "27726": 1,
    "20657": 25,
    "16966": 1,
    "1515": 61
}}
{"jailors": {"27726": 1}}
{"jig": {
    "100": 8,
    "1524": 2,
    "1519": 2,
    "27761": 3,
    "16966": 1,
    "1526": 1
}}
{"jin": {"23046": 1}}
{"julius": {
    "16055": 4,
    "100": 19,
    "1524": 2,
    "1522": 9,
    "27761": 3,
    "1430": 5,
    "27726": 3,
    "16966": 36
}}
{"job": {
    "43737": 1,
    "100": 2,
    "23044": 1,
    "16966": 3
}}
{"jog": {
    "1539": 2,
    "100": 2
}}
{"jot": {
    "47960": 1,
    "23045": 2,
    "43737": 2,
    "100": 25,
    "1524": 2,
    "1523": 1,
    "1532": 1,
    "1531": 2,
    "27761": 1,
    "1430": 1,
    "1508": 1,
    "1539": 2,
    "16966": 1,
    "1515": 1,
    "1526": 2
}}
{"joy": {
    "23045": 2,
    "1286": 37,
    "43737": 12,
    "23046": 2,
    "1041": 8,
    "20657": 37,
    "1514": 8,
    "1513": 14,
    "1533": 2,
    "1532": 3,
    "23042": 3,
    "1531": 6,
    "23044": 1,
    "1430": 18,
    "27761": 5,
    "1519": 10,
    "1539": 12,
    "1515": 6,
    "47960": 15,
    "100": 214,
    "1524": 8,
    "1523": 3,
    "1522": 3,
    "1508": 3,
    "5429": 4,
    "16966": 14
}}
{"jta": {"43737": 1}}
{"jug": {
    "100": 1,
    "1532": 1,
    "27761": 1,
    "1430": 1
}}
{"jul": {
    "23045": 7,
    "47960": 4
}}
{"jur": {"18143": 2}}
{"jut": {"100": 1}}
{"jaunt": {
    "100": 1,
    "1513": 1,
    "47960": 1
}}
{"juliettesentant": {"18143": 1}}
{"juliet": {
    "16055": 6,
    "100": 197,
    "1513": 183,
    "1112": 5,
    "47960": 290,
    "1430": 31,
    "23045": 14,
    "1286": 53,
    "27726": 3,
    "20657": 53,
    "5429": 5,
    "16966": 32
}}
{"julietteseulement": {"18143": 1}}
{"julian": {"16055": 2}}
{"julias": {
    "1286": 3,
    "100": 11,
    "20657": 3,
    "1430": 1
}}
{"judgest": {"100": 2}}
{"jade": {
    "100": 14,
    "1524": 1,
    "27761": 2,
    "23045": 1,
    "1041": 1,
    "1508": 2,
    "1526": 1
}}
{"jovial": {
    "100": 4,
    "1533": 1,
    "1532": 1,
    "16966": 1
}}
{"jack": {
    "1514": 1,
    "100": 80,
    "1513": 2,
    "23042": 1,
    "47960": 6,
    "23044": 12,
    "1430": 1,
    "43737": 1,
    "1508": 3,
    "1519": 1,
    "27726": 1
}}
{"jaie": {"18143": 3}}
{"journeyed": {
    "1286": 2,
    "20657": 2,
    "1430": 2
}}
{"jail": {
    "1286": 1,
    "100": 1,
    "1041": 1,
    "20657": 1,
    "1430": 1
}}
{"jamy": {
    "27726": 1,
    "100": 9,
    "1508": 1
}}
{"jane": {
    "100": 2,
    "1523": 1,
    "27726": 1,
    "47960": 2
}}
{"jape": {"47960": 1}}
{"jarl": {"43737": 1}}
{"jars": {
    "100": 8,
    "23046": 1,
    "1523": 1,
    "1508": 2
}}
{"jigmaker": {
    "100": 1,
    "1524": 1,
    "27761": 1
}}
{"jaws": {
    "1514": 1,
    "100": 11,
    "1524": 1,
    "1513": 1,
    "47960": 2,
    "27761": 1,
    "1286": 1,
    "1041": 1,
    "20657": 1,
    "1526": 1
}}
{"jays": {
    "43737": 1,
    "100": 2,
    "23042": 1,
    "23044": 1
}}
{"jayl": {"47960": 1}}
{"japhet": {"100": 1}}
{"jolthead": {"100": 1}}
{"jealouslyguarded": {"16055": 1}}
{"journalire": {"18143": 1}}
{"jaggards": {"16055": 1}}
{"jackanapes": {
    "100": 4,
    "23044": 1
}}
{"jealously": {"16966": 1}}
{"jean": {
    "43737": 1,
    "100": 1,
    "18143": 4
}}
{"jeer": {
    "100": 1,
    "23046": 1
}}
{"jene": {"27726": 1}}
{"jesuit": {"16966": 2}}
{"jerk": {"43737": 1}}
{"jets": {
    "100": 1,
    "1526": 1
}}
{"judicious": {
    "100": 5,
    "1524": 1,
    "1533": 1,
    "1532": 1,
    "27761": 1,
    "23044": 1,
    "1286": 1,
    "43737": 2,
    "20657": 1,
    "5429": 1,
    "16966": 4
}}
{"jesu": {
    "100": 21,
    "1513": 3,
    "47960": 3
}}
{"jest": {
    "18143": 4,
    "47960": 6,
    "23045": 3,
    "1286": 16,
    "43737": 1,
    "23046": 10,
    "20657": 16,
    "1514": 4,
    "100": 108,
    "1513": 6,
    "1524": 3,
    "23042": 1,
    "23044": 12,
    "27761": 3,
    "1430": 2,
    "1508": 10,
    "1519": 5,
    "1539": 1,
    "16966": 3,
    "1515": 1,
    "1526": 3
}}
{"jeun": {"18143": 1}}
{"jeux": {"18143": 3}}
{"jews": {
    "16055": 1,
    "43737": 1,
    "100": 11,
    "1515": 11
}}
{"jangled": {
    "1286": 1,
    "100": 1,
    "1524": 1,
    "20657": 1,
    "27761": 1
}}
{"jangler": {"43737": 1}}
{"justified": {
    "16055": 1,
    "100": 4,
    "27726": 1,
    "1539": 2,
    "5429": 1,
    "16966": 3
}}
{"justifier": {"18143": 1}}
{"justifies": {"27726": 2}}
{"jollity": {
    "1514": 2,
    "100": 6,
    "1286": 1,
    "23046": 1,
    "1041": 1,
    "20657": 1,
    "1539": 1
}}
{"justesse": {"18143": 1}}
{"julietteadieudieu": {"18143": 1}}
{"jovially": {"1430": 1}}
{"jephthahs": {"100": 1}}
{"joies": {"18143": 3}}
{"johns": {
    "100": 5,
    "1519": 3
}}
{"joubliais": {"18143": 1}}
{"jealoustempered": {
    "1286": 1,
    "20657": 1
}}
{"juliettecette": {"18143": 1}}
{"jarteer": {
    "100": 3,
    "23044": 3
}}
{"judith": {
    "47960": 1,
    "1430": 1
}}
{"juggled": {
    "100": 1,
    "1524": 1,
    "27761": 1
}}
{"juggler": {
    "1514": 1,
    "100": 3,
    "23046": 1,
    "1430": 1
}}
{"jigs": {
    "100": 1,
    "27761": 1
}}
{"jill": {
    "43737": 1,
    "1514": 1,
    "100": 2,
    "47960": 2,
    "1430": 1
}}
{"jetted": {"100": 1}}
{"jokes": {
    "1286": 1,
    "27726": 8,
    "20657": 1,
    "47960": 1,
    "23044": 1,
    "1430": 1
}}
{"jaunis": {"18143": 1}}
{"jugement": {
    "43737": 1,
    "18143": 4
}}
{"joublie": {"100": 1}}
{"juelier": {"43737": 1}}
{"juliettefinis": {"18143": 1}}
{"joind": {
    "100": 14,
    "1513": 1,
    "1522": 2,
    "23042": 1,
    "47960": 1,
    "16966": 1
}}
{"joins": {
    "43737": 2,
    "100": 2,
    "16966": 3
}}
{"joint": {
    "18143": 1,
    "47960": 2,
    "23045": 7,
    "1286": 1,
    "43737": 1,
    "20657": 1,
    "100": 24,
    "1513": 2,
    "1524": 1,
    "1531": 1,
    "1430": 1,
    "5429": 1,
    "16966": 2
}}
{"judged": {
    "1286": 2,
    "100": 9,
    "20657": 2,
    "5429": 1,
    "23044": 1,
    "16966": 2
}}
{"judges": {
    "100": 13,
    "1524": 1,
    "27761": 1,
    "23045": 2,
    "1286": 2,
    "20657": 2,
    "16966": 3,
    "1515": 3
}}
{"justness": {
    "100": 1,
    "5429": 3
}}
{"jolie": {"18143": 3}}
{"jolif": {"43737": 1}}
{"jolly": {
    "100": 11,
    "1523": 2,
    "1508": 1,
    "1532": 1,
    "1526": 1
}}
{"judean": {
    "100": 1,
    "1531": 1
}}
{"jentrevois": {"18143": 1}}
{"justeius": {"100": 1}}
{"jointlabourer": {
    "100": 1,
    "1524": 1
}}
{"joan": {
    "27726": 4,
    "100": 28,
    "1508": 1
}}
{"joie": {
    "43737": 1,
    "18143": 13
}}
{"join": {
    "47960": 2,
    "1286": 10,
    "1041": 1,
    "20657": 10,
    "1514": 2,
    "100": 59,
    "1524": 2,
    "1523": 4,
    "1533": 1,
    "1532": 1,
    "23042": 3,
    "27761": 2,
    "1430": 2,
    "1519": 1,
    "5429": 1,
    "16966": 5
}}
{"john": {
    "16055": 14,
    "47960": 35,
    "23045": 2,
    "1286": 7,
    "43737": 9,
    "23046": 2,
    "27726": 11,
    "20657": 7,
    "100": 508,
    "1513": 10,
    "23042": 2,
    "23044": 72,
    "27761": 4,
    "1430": 20,
    "1508": 1,
    "1519": 67,
    "16966": 12
}}
{"jole": {
    "1514": 1,
    "100": 1
}}
{"joke": {
    "27726": 1,
    "47960": 2,
    "1430": 3
}}
{"joli": {"18143": 2}}
{"jove": {
    "47960": 5,
    "23045": 2,
    "1514": 1,
    "100": 82,
    "1513": 1,
    "1524": 2,
    "1523": 3,
    "1532": 1,
    "1531": 2,
    "23044": 4,
    "27761": 1,
    "1430": 2,
    "1508": 1,
    "1519": 3,
    "1539": 2,
    "1526": 8
}}
{"jour": {
    "100": 1,
    "18143": 59,
    "47960": 1
}}
{"joue": {"18143": 7}}
{"joug": {"18143": 2}}
{"joui": {"18143": 1}}
{"jowl": {"100": 1}}
{"joyd": {"100": 2}}
{"joyn": {"23045": 1}}
{"joys": {
    "47960": 4,
    "23045": 1,
    "1286": 4,
    "20657": 4,
    "100": 34,
    "1513": 2,
    "1524": 2,
    "1533": 1,
    "1532": 1,
    "23042": 1,
    "27761": 1,
    "1430": 1,
    "1539": 1,
    "16966": 2,
    "1515": 1
}}
{"joncs": {"18143": 2}}
{"joists": {"43737": 1}}
{"jigging": {
    "100": 1,
    "1522": 1,
    "16966": 1
}}
{"jestings": {"100": 1}}
{"juliettevoici": {"18143": 1}}
{"journeymen": {
    "100": 1,
    "1524": 1,
    "27761": 1,
    "1430": 1
}}
{"jlantt": {"43737": 1}}
{"judass": {
    "100": 2,
    "1523": 2
}}
{"justification": {
    "100": 1,
    "1532": 1,
    "47960": 1,
    "16966": 3
}}
{"jelaleddin": {"16055": 1}}
{"journeyman": {"100": 1}}
{"josse": {"16055": 1}}
{"jtais": {"18143": 4}}
{"journeying": {
    "1286": 1,
    "20657": 1,
    "100": 1
}}
{"joyeuse": {"18143": 2}}
{"jsus": {"18143": 2}}
{"jourl": {"18143": 2}}
{"jours": {"18143": 11}}
{"joust": {
    "100": 1,
    "1430": 2
}}
{"jaundice": {
    "100": 1,
    "1515": 1
}}
{"joints": {
    "43737": 1,
    "100": 21,
    "1513": 3,
    "23042": 2,
    "47960": 3
}}
{"jointo": {"27761": 1}}
{"jackcome": {"47960": 1}}
{"joinst": {"100": 2}}
{"jointe": {"18143": 1}}
{"jaundies": {"100": 1}}
{"jouer": {"18143": 5}}
{"jouet": {"18143": 1}}
{"joues": {"18143": 9}}
{"juan": {"16055": 1}}
{"jouez": {"18143": 1}}
{"juel": {"43737": 1}}
{"jude": {
    "43737": 1,
    "100": 2
}}
{"jugs": {
    "100": 1,
    "1508": 1
}}
{"january": {
    "100": 4,
    "1533": 1,
    "47960": 1,
    "27761": 3,
    "1519": 1,
    "27726": 1,
    "1539": 1
}}
{"jump": {
    "1286": 1,
    "43737": 1,
    "1041": 1,
    "27726": 2,
    "20657": 1,
    "100": 15,
    "1524": 2,
    "1533": 1,
    "1531": 2,
    "27761": 3,
    "1508": 1,
    "1539": 1,
    "16966": 4,
    "1515": 1,
    "1526": 1
}}
{"july": {
    "16055": 1,
    "100": 2,
    "47960": 1,
    "1430": 1,
    "2265": 1,
    "2264": 1,
    "1508": 1,
    "1519": 1,
    "1539": 1,
    "1526": 1
}}
{"jule": {
    "100": 3,
    "1513": 3
}}
{"june": {
    "16055": 1,
    "1514": 1,
    "100": 3,
    "1513": 1,
    "1532": 1,
    "47960": 2,
    "1519": 1,
    "1515": 1
}}
{"juno": {
    "100": 22,
    "1532": 1,
    "23042": 12,
    "1286": 1,
    "43737": 2,
    "20657": 1,
    "5429": 1
}}
{"jure": {
    "100": 1,
    "18143": 11
}}
{"jupe": {"18143": 1}}
{"just": {
    "16055": 2,
    "23045": 15,
    "1286": 43,
    "43737": 17,
    "23046": 2,
    "1041": 4,
    "27726": 9,
    "20657": 44,
    "1513": 2,
    "1533": 3,
    "1532": 6,
    "23042": 2,
    "1531": 8,
    "23044": 3,
    "1430": 23,
    "27761": 5,
    "1519": 10,
    "1539": 4,
    "1515": 2,
    "47960": 23,
    "2265": 1,
    "2264": 1,
    "100": 153,
    "1524": 2,
    "1523": 5,
    "1522": 2,
    "1508": 1,
    "5429": 18,
    "16966": 116,
    "1526": 1
}}
{"jury": {
    "23045": 1,
    "100": 2,
    "27761": 1
}}
{"jacobson": {"16055": 1}}
{"jupiter": {
    "100": 37,
    "1523": 2,
    "1532": 2,
    "23042": 1,
    "18143": 1,
    "23044": 1,
    "1286": 2,
    "43737": 1,
    "20657": 2,
    "1539": 1
}}
{"juliettea": {"18143": 1}}
{"juliettas": {
    "23045": 1,
    "100": 1
}}
{"julietthe": {"47960": 1}}
{"julietteo": {"18143": 10}}
{"jowls": {
    "100": 1,
    "1524": 1,
    "27761": 1
}}
{"joy26": {"27761": 1}}
{"joy31": {"27761": 1}}
{"joined": {
    "100": 15,
    "47960": 2,
    "1430": 3,
    "1286": 6,
    "43737": 4,
    "20657": 6,
    "16966": 2
}}
{"joiner": {
    "1514": 4,
    "100": 5,
    "1513": 1,
    "27726": 1,
    "47960": 1
}}
{"jacobs": {
    "100": 3,
    "1515": 3
}}
{"jovem": {"100": 1}}
{"joves": {
    "100": 18,
    "1523": 2,
    "23042": 2,
    "1539": 1,
    "1531": 1,
    "1526": 1
}}
{"jovis": {"100": 1}}
