{"kindnes": {"23044": 2}}
{"kostr": {"43737": 1}}
{"k": {
    "43737": 3,
    "2265": 1,
    "23042": 1,
    "47960": 17,
    "16966": 7
}}
{"knolls": {"100": 1}}
{"kitchen": {
    "100": 4,
    "1513": 1,
    "1112": 1,
    "47960": 2,
    "1286": 2,
    "43737": 1,
    "20657": 2
}}
{"korte": {"43737": 1}}
{"knokke": {"43737": 2}}
{"korea": {"43737": 1}}
{"knolld": {
    "100": 1,
    "2264": 1,
    "1533": 1
}}
{"kinsmanprince": {"47960": 1}}
{"kg": {"16055": 2}}
{"ki": {"43737": 1}}
{"kl": {"16966": 1}}
{"kt": {"43737": 21}}
{"kitchin": {"23044": 1}}
{"killedst": {"100": 1}}
{"kissedthe": {"100": 1}}
{"kitten": {"100": 1}}
{"kreyssig": {"47960": 2}}
{"kindless71": {"27761": 1}}
{"kindled": {
    "100": 8,
    "1523": 1,
    "23044": 1
}}
{"kneesno": {"27726": 1}}
{"knave118": {"27761": 1}}
{"kindles": {
    "2265": 1,
    "47960": 1
}}
{"kindlen": {"43737": 1}}
{"kaka": {"43737": 1}}
{"kalf": {"43737": 1}}
{"knewest": {"100": 1}}
{"knolled": {
    "1286": 2,
    "100": 2,
    "1523": 2,
    "20657": 2
}}
{"kane": {
    "43737": 1,
    "23044": 3
}}
{"kast": {"43737": 2}}
{"kasi": {"43737": 1}}
{"kare": {"43737": 1}}
{"kate": {
    "100": 108,
    "23042": 1,
    "1430": 9,
    "23045": 1,
    "1286": 14,
    "1508": 62,
    "20657": 14
}}
{"knotgrass": {
    "1514": 1,
    "100": 1
}}
{"keightley": {"23045": 1}}
{"knitters": {
    "1286": 1,
    "100": 1,
    "20657": 1,
    "1526": 1
}}
{"knitteth": {
    "1514": 1,
    "100": 1
}}
{"klbigk": {"43737": 1}}
{"knocks": {
    "47960": 2,
    "43737": 1,
    "27726": 1,
    "100": 27,
    "1513": 2,
    "1522": 3,
    "1533": 1,
    "1532": 1,
    "1531": 1,
    "1112": 1,
    "23044": 2,
    "1508": 2,
    "1515": 1
}}
{"knockd": {
    "100": 8,
    "1522": 1,
    "1508": 1
}}
{"knocke": {
    "43737": 1,
    "2265": 1,
    "2264": 4,
    "1112": 5,
    "47960": 1
}}
{"knockt": {"2265": 1}}
{"keynges": {"43737": 1}}
{"kneedeep": {
    "1539": 1,
    "100": 2
}}
{"katharines": {
    "1286": 4,
    "100": 1,
    "20657": 4,
    "1430": 2
}}
{"kean": {
    "27761": 5,
    "16966": 3
}}
{"keen": {
    "16055": 2,
    "47960": 1,
    "23045": 2,
    "1286": 3,
    "43737": 2,
    "1041": 2,
    "27726": 2,
    "20657": 3,
    "1514": 3,
    "100": 25,
    "1524": 2,
    "1523": 2,
    "1533": 2,
    "1430": 1,
    "16966": 9,
    "1515": 3
}}
{"keel": {
    "100": 4,
    "1531": 1,
    "16966": 1
}}
{"keep": {
    "16055": 5,
    "23045": 18,
    "1286": 20,
    "43737": 21,
    "23046": 10,
    "1041": 11,
    "27726": 8,
    "20657": 20,
    "1514": 11,
    "1513": 18,
    "1533": 14,
    "1532": 21,
    "23042": 18,
    "1531": 18,
    "1112": 2,
    "23044": 22,
    "1430": 19,
    "27761": 14,
    "1519": 10,
    "1539": 10,
    "1515": 12,
    "18143": 2,
    "47960": 34,
    "2265": 3,
    "2264": 2,
    "100": 521,
    "1524": 20,
    "1523": 13,
    "1522": 12,
    "1508": 15,
    "5429": 3,
    "16966": 25,
    "1526": 18
}}
{"kele": {"43737": 3}}
{"kent": {
    "100": 194,
    "1532": 174,
    "1430": 6,
    "1286": 16,
    "43737": 1,
    "27726": 42,
    "20657": 16,
    "16966": 96
}}
{"kene": {"43737": 1}}
{"kept": {
    "23045": 2,
    "1286": 25,
    "43737": 3,
    "23046": 3,
    "1041": 3,
    "27726": 1,
    "20657": 25,
    "1513": 1,
    "1532": 1,
    "23042": 3,
    "1531": 1,
    "1112": 1,
    "23044": 3,
    "1430": 8,
    "27761": 5,
    "1519": 1,
    "1515": 2,
    "47960": 8,
    "2265": 4,
    "100": 112,
    "1524": 4,
    "1523": 2,
    "1508": 2,
    "5429": 4,
    "16966": 8,
    "1526": 2
}}
{"kepe": {
    "43737": 7,
    "47960": 1
}}
{"kest": {"43737": 5}}
{"kern": {"100": 2}}
{"keys": {
    "100": 15,
    "1513": 1,
    "47960": 1,
    "23044": 1,
    "23045": 1,
    "1286": 1,
    "43737": 1,
    "20657": 1,
    "1539": 2,
    "1515": 1
}}
{"kindless": {
    "100": 1,
    "1524": 1,
    "27761": 1
}}
{"kindred": {
    "47960": 3,
    "23045": 1,
    "1286": 1,
    "43737": 2,
    "27726": 2,
    "20657": 1,
    "1514": 1,
    "100": 29,
    "1513": 1,
    "1523": 1,
    "1531": 1,
    "1112": 1,
    "27761": 1,
    "1508": 2,
    "1519": 1,
    "1539": 1,
    "16966": 1
}}
{"keuere": {"43737": 2}}
{"knackynge": {"43737": 1}}
{"kelley": {"16055": 1}}
{"kitchenvestal": {
    "100": 1,
    "23046": 1
}}
{"kerelybonto": {"100": 1}}
{"kimbolton": {"100": 4}}
{"kibe": {
    "2265": 1,
    "100": 1,
    "27726": 1,
    "23042": 2
}}
{"kick": {
    "100": 3,
    "1524": 1,
    "23046": 1
}}
{"kils": {"1112": 1}}
{"kild": {
    "2265": 2,
    "2264": 1,
    "1112": 7,
    "23044": 1
}}
{"kill": {
    "23045": 1,
    "1286": 20,
    "43737": 5,
    "23046": 2,
    "1041": 5,
    "27726": 13,
    "20657": 20,
    "1514": 9,
    "1513": 10,
    "1533": 3,
    "1532": 9,
    "23042": 2,
    "1531": 12,
    "1112": 10,
    "23044": 9,
    "1430": 13,
    "27761": 3,
    "1519": 9,
    "1539": 2,
    "1515": 2,
    "47960": 18,
    "2265": 4,
    "2264": 3,
    "100": 229,
    "1524": 4,
    "1523": 9,
    "1522": 6,
    "1508": 1,
    "5429": 4,
    "16966": 28,
    "1526": 5
}}
{"kins": {"23046": 1}}
{"king": {
    "16055": 14,
    "23045": 5,
    "1286": 228,
    "43737": 12,
    "1041": 2,
    "27726": 77,
    "20657": 229,
    "1514": 6,
    "1513": 2,
    "1533": 34,
    "1532": 78,
    "23042": 34,
    "1531": 1,
    "1112": 2,
    "23044": 3,
    "1430": 182,
    "27761": 159,
    "1519": 1,
    "1539": 51,
    "1515": 3,
    "18143": 1,
    "47960": 15,
    "2265": 172,
    "2264": 53,
    "100": 3019,
    "1524": 196,
    "1523": 1,
    "1522": 4,
    "1508": 1,
    "5429": 3,
    "16966": 407,
    "1526": 3
}}
{"kind": {
    "16055": 4,
    "23045": 12,
    "1286": 50,
    "43737": 18,
    "23046": 3,
    "1041": 12,
    "27726": 14,
    "20657": 49,
    "1514": 6,
    "1513": 7,
    "1533": 5,
    "1532": 15,
    "23042": 13,
    "1531": 10,
    "1112": 7,
    "23044": 10,
    "1430": 16,
    "27761": 14,
    "1519": 8,
    "1539": 6,
    "1515": 13,
    "18143": 2,
    "47960": 25,
    "2265": 1,
    "2264": 2,
    "100": 301,
    "1524": 13,
    "1523": 11,
    "1522": 5,
    "1508": 8,
    "5429": 9,
    "16966": 88,
    "1526": 11
}}
{"kine": {"100": 1}}
{"kiss": {
    "16055": 4,
    "47960": 15,
    "1286": 12,
    "43737": 1,
    "1041": 3,
    "27726": 1,
    "20657": 12,
    "1514": 4,
    "100": 225,
    "1513": 10,
    "1523": 7,
    "1522": 3,
    "1533": 2,
    "1532": 3,
    "23042": 5,
    "1531": 7,
    "1430": 2,
    "1508": 12,
    "1519": 3,
    "1539": 8,
    "16966": 7,
    "1515": 5,
    "1526": 2
}}
{"kist": {"2265": 1}}
{"kite": {
    "1286": 1,
    "100": 6,
    "1532": 1,
    "20657": 1,
    "1539": 1,
    "16966": 1
}}
{"katefor": {"1430": 1}}
{"knaves": {
    "47960": 1,
    "23045": 4,
    "1286": 1,
    "43737": 1,
    "23046": 1,
    "27726": 2,
    "20657": 1,
    "100": 52,
    "1513": 1,
    "1524": 1,
    "1532": 3,
    "23042": 1,
    "1531": 2,
    "23044": 4,
    "27761": 1,
    "1508": 4,
    "1519": 4,
    "16966": 2,
    "1526": 1
}}
{"kipling": {"27726": 1}}
{"kidnaped": {"1430": 1}}
{"kauelacion": {"43737": 1}}
{"kentand": {"27726": 1}}
{"knowlage": {"43737": 1}}
{"knaw": {"43737": 2}}
{"knet": {"43737": 2}}
{"knew": {
    "16055": 3,
    "23045": 10,
    "1286": 92,
    "43737": 2,
    "23046": 2,
    "1041": 1,
    "27726": 3,
    "20657": 92,
    "1514": 1,
    "1513": 3,
    "23042": 1,
    "1531": 5,
    "1112": 3,
    "23044": 10,
    "1430": 40,
    "27761": 3,
    "1519": 6,
    "1539": 8,
    "1515": 6,
    "47960": 7,
    "2265": 4,
    "100": 169,
    "1524": 5,
    "1523": 6,
    "1522": 3,
    "1508": 11,
    "5429": 12,
    "16966": 47,
    "1526": 2
}}
{"knee": {
    "16055": 1,
    "23045": 1,
    "1286": 1,
    "43737": 3,
    "2265": 1,
    "27726": 1,
    "20657": 1,
    "100": 66,
    "1524": 1,
    "1522": 2,
    "1532": 1,
    "1531": 1,
    "23044": 1,
    "27761": 1
}}
{"kneo": {"43737": 2}}
{"knig": {"16966": 9}}
{"knit": {
    "47960": 1,
    "43737": 2,
    "2264": 1,
    "1041": 1,
    "1514": 3,
    "100": 37,
    "1513": 1,
    "1533": 1,
    "23042": 1,
    "1531": 1,
    "1112": 1,
    "23044": 1,
    "1508": 1,
    "1519": 1,
    "16966": 1
}}
{"knob": {"43737": 1}}
{"knog": {
    "100": 3,
    "23044": 3
}}
{"know": {
    "16055": 5,
    "23045": 69,
    "1286": 71,
    "43737": 20,
    "23046": 49,
    "1041": 18,
    "27726": 24,
    "20657": 71,
    "1514": 25,
    "1513": 36,
    "1533": 34,
    "1532": 77,
    "23042": 25,
    "1531": 67,
    "1112": 36,
    "23044": 81,
    "1430": 42,
    "27761": 55,
    "1519": 60,
    "1539": 57,
    "1515": 43,
    "18143": 1,
    "47960": 50,
    "2265": 70,
    "2264": 34,
    "100": 1759,
    "1524": 76,
    "1523": 42,
    "1522": 69,
    "1508": 54,
    "5429": 17,
    "16966": 96,
    "1526": 49
}}
{"knot": {
    "47960": 2,
    "1286": 1,
    "43737": 1,
    "27726": 1,
    "20657": 1,
    "100": 30,
    "1513": 1,
    "1522": 1,
    "23042": 1,
    "1531": 1,
    "1112": 1,
    "23044": 4,
    "1430": 1,
    "5429": 1,
    "1526": 1
}}
{"knyt": {"43737": 1}}
{"kunnen": {"43737": 2}}
{"kittend": {"100": 1}}
{"kort": {"43737": 4}}
{"kowe": {"43737": 3}}
{"knightly": {
    "43737": 1,
    "100": 6
}}
{"killen": {"100": 1}}
{"kickshaws": {"100": 1}}
{"killes": {"2265": 3}}
{"killed": {
    "47960": 2,
    "23045": 1,
    "1286": 14,
    "23046": 1,
    "27726": 8,
    "20657": 14,
    "1514": 1,
    "100": 65,
    "1524": 1,
    "1523": 3,
    "23042": 1,
    "23044": 3,
    "27761": 3,
    "1430": 22,
    "1519": 5,
    "5429": 2,
    "16966": 23
}}
{"knighted": {
    "100": 5,
    "23044": 2
}}
{"killst": {
    "100": 6,
    "1522": 1,
    "1519": 1,
    "1526": 1
}}
{"kalender": {"2264": 1}}
{"knowif": {
    "100": 1,
    "1526": 1
}}
{"knower": {"100": 2}}
{"knowes": {
    "23045": 1,
    "2265": 3,
    "2264": 7,
    "1112": 3,
    "23044": 4
}}
{"knowen": {"43737": 4}}
{"knowne": {
    "16055": 1,
    "2265": 7,
    "2264": 8,
    "1112": 4,
    "47960": 1,
    "23044": 1
}}
{"kyend": {"43737": 2}}
{"knowun": {"43737": 1}}
{"knotted": {
    "100": 2,
    "1524": 1,
    "27761": 1,
    "16966": 1
}}
{"knowth": {"47960": 1}}
{"knowst": {
    "16055": 1,
    "47960": 5,
    "23045": 1,
    "2265": 2,
    "23046": 6,
    "2264": 1,
    "1041": 4,
    "100": 83,
    "1513": 3,
    "1524": 2,
    "1523": 2,
    "1522": 2,
    "1533": 1,
    "1532": 6,
    "23042": 2,
    "1531": 2,
    "1112": 2,
    "23044": 1,
    "27761": 1,
    "1508": 1,
    "1539": 1,
    "16966": 5,
    "1515": 2,
    "1526": 5
}}
{"kilnhole": {
    "1539": 1,
    "100": 2,
    "23044": 2
}}
{"krna": {"43737": 1}}
{"kyegh": {"43737": 1}}
{"kingdomget": {"100": 1}}
{"knowas": {"100": 1}}
{"kilian": {"16966": 1}}
{"kindest": {
    "1286": 2,
    "100": 3,
    "1508": 1,
    "20657": 2,
    "16966": 2,
    "1515": 1
}}
{"kindnesses": {
    "1286": 1,
    "100": 4,
    "23046": 1,
    "20657": 1,
    "1526": 1
}}
{"keystone": {"16966": 1}}
{"kyghn": {"43737": 2}}
{"kemble": {"16966": 1}}
{"kentishman": {"100": 1}}
{"kingbecoming": {
    "100": 1,
    "2264": 1,
    "1533": 1
}}
{"kentishmen": {"100": 1}}
{"kinsmano": {"47960": 1}}
{"kinsmans": {
    "100": 3,
    "1513": 1,
    "1539": 1,
    "1112": 1,
    "47960": 1
}}
{"kneaded": {
    "23045": 1,
    "100": 1
}}
{"knotty": {
    "2265": 1,
    "100": 2,
    "1522": 1,
    "23042": 1
}}
{"kunz": {"16055": 4}}
{"kentish": {
    "43737": 2,
    "100": 3
}}
{"kingcardinal": {"100": 1}}
{"kecksies": {"100": 1}}
{"kylle": {"43737": 1}}
{"kicked": {
    "1532": 1,
    "27726": 1,
    "100": 2
}}
{"kneeled": {
    "1286": 2,
    "100": 8,
    "20657": 2,
    "1430": 1
}}
{"kneeles": {"2265": 1}}
{"keuvre": {"43737": 1}}
{"kneading": {"100": 2}}
{"knocked": {
    "1286": 2,
    "100": 2,
    "1524": 1,
    "20657": 2
}}
{"knockes": {
    "2264": 1,
    "1112": 2
}}
{"kyns": {"43737": 3}}
{"kyng": {
    "43737": 6,
    "16966": 1
}}
{"kynd": {"43737": 1}}
{"kyne": {"43737": 2}}
{"kyrk": {"43737": 1}}
{"kyth": {"43737": 1}}
{"kynne": {"43737": 2}}
{"knyghtfees": {"43737": 1}}
{"kachegh": {"43737": 1}}
{"kynda": {"43737": 1}}
{"kynde": {"43737": 6}}
{"kneeling": {
    "100": 23,
    "1522": 1,
    "1532": 3,
    "23045": 4,
    "1286": 2,
    "1508": 2,
    "27726": 2,
    "20657": 2,
    "16966": 1
}}
{"kratsen": {"43737": 1}}
{"knacks": {
    "1514": 1,
    "1539": 1,
    "100": 3
}}
{"knelande": {"43737": 1}}
{"klawdi244": {"1430": 1}}
{"keyhole": {
    "100": 1,
    "1523": 1
}}
{"knights269": {"16966": 1}}
{"kenilworth": {
    "100": 2,
    "1430": 1
}}
{"kneole": {"43737": 1}}
{"kirkman": {"16966": 1}}
{"kirtell": {"43737": 1}}
{"kissed": {
    "100": 18,
    "1531": 2,
    "27761": 1,
    "23044": 4,
    "1430": 7,
    "1286": 5,
    "20657": 5,
    "16966": 1
}}
{"kisses": {
    "16055": 1,
    "47960": 7,
    "23045": 1,
    "1286": 3,
    "43737": 2,
    "2265": 3,
    "20657": 3,
    "100": 50,
    "1513": 4,
    "1524": 3,
    "1523": 2,
    "1531": 3,
    "1112": 3,
    "23044": 3,
    "1430": 3,
    "1508": 1,
    "1519": 1,
    "1539": 1,
    "1526": 1
}}
{"kickshawses": {
    "100": 1,
    "1526": 1
}}
{"kinglypoor": {"100": 1}}
{"knokled": {"43737": 1}}
{"kingofarms": {"100": 1}}
{"kytte": {"43737": 1}}
{"kytes": {"2264": 1}}
{"kysse": {"43737": 3}}
{"knockwhos": {
    "100": 1,
    "1513": 1,
    "47960": 1
}}
{"knives": {
    "100": 11,
    "1533": 1,
    "1532": 1,
    "1531": 1,
    "47960": 3
}}
{"kettle73": {"27761": 1}}
{"kniues": {"2264": 1}}
{"knocking": {
    "47960": 4,
    "23045": 3,
    "2265": 1,
    "2264": 8,
    "100": 33,
    "1513": 4,
    "1524": 1,
    "1533": 16,
    "1531": 1,
    "27761": 1,
    "1430": 3,
    "1508": 1,
    "16966": 5
}}
{"kawrnwawl": {"1430": 1}}
{"kidneythink": {"23044": 1}}
{"klawdius": {"1430": 1}}
{"kingsirs": {
    "100": 1,
    "1524": 1,
    "27761": 1
}}
{"kishinef": {"27726": 2}}
{"kluge": {"43737": 1}}
{"kneeld": {
    "23045": 1,
    "23042": 1,
    "100": 2
}}
{"kneels": {
    "100": 35,
    "1524": 2,
    "23042": 2,
    "1531": 2,
    "1286": 1,
    "20657": 1,
    "1539": 1,
    "1515": 1
}}
{"kunne": {"43737": 1}}
{"kildares": {"100": 1}}
{"kingship": {"43737": 1}}
{"knee58": {"27761": 1}}
{"knowthat": {
    "100": 1,
    "16966": 1
}}
{"krysten": {"43737": 1}}
{"knighthood": {
    "43737": 1,
    "100": 13,
    "1532": 1,
    "27726": 1
}}
{"kindlyand": {"1430": 1}}
{"kyndill": {"43737": 1}}
{"keenness": {
    "100": 1,
    "1515": 1
}}
{"kiplings": {"27726": 1}}
{"knaues": {
    "2265": 1,
    "1112": 1,
    "23044": 4
}}
{"keptst": {"100": 1}}
{"kokeney": {"43737": 1}}
{"keycold": {"100": 2}}
{"knarre": {"43737": 1}}
{"keeperback": {"100": 1}}
{"keeping": {
    "16055": 3,
    "23045": 2,
    "1286": 7,
    "43737": 3,
    "23046": 2,
    "1041": 2,
    "27726": 4,
    "20657": 7,
    "1514": 2,
    "1513": 2,
    "1533": 2,
    "1532": 2,
    "23042": 2,
    "1531": 2,
    "1112": 2,
    "23044": 2,
    "1430": 4,
    "27761": 2,
    "1519": 2,
    "1539": 3,
    "1515": 3,
    "18143": 2,
    "47960": 10,
    "2265": 2,
    "2264": 2,
    "100": 23,
    "1524": 2,
    "1523": 3,
    "1522": 2,
    "1508": 2,
    "5429": 4,
    "16966": 3,
    "1526": 2
}}
{"knobbed": {"43737": 1}}
{"kibehow": {
    "100": 1,
    "1524": 1
}}
{"kyndely": {"43737": 1}}
{"koleplantes": {"43737": 2}}
{"keueregh": {"43737": 1}}
{"kingdom": {
    "1286": 16,
    "43737": 6,
    "1041": 1,
    "27726": 2,
    "20657": 16,
    "1514": 1,
    "100": 98,
    "1524": 5,
    "1522": 1,
    "1533": 1,
    "1532": 12,
    "23042": 2,
    "27761": 3,
    "1430": 12,
    "1539": 2,
    "5429": 1,
    "16966": 20,
    "1515": 1
}}
{"kesteven": {"43737": 2}}
{"knaveries": {
    "1514": 1,
    "100": 4,
    "23044": 1
}}
{"katharineand": {"1430": 2}}
{"kissing": {
    "18143": 1,
    "47960": 2,
    "1286": 1,
    "2265": 1,
    "1041": 1,
    "27726": 1,
    "20657": 1,
    "1514": 1,
    "100": 34,
    "1513": 1,
    "1524": 1,
    "1523": 2,
    "1522": 1,
    "23042": 1,
    "1531": 2,
    "27761": 2,
    "1539": 2,
    "1515": 1
}}
{"knoweleche": {"43737": 2}}
{"killing": {
    "47960": 3,
    "2264": 1,
    "27726": 2,
    "1514": 1,
    "100": 24,
    "1513": 1,
    "1522": 1,
    "1533": 1,
    "1531": 2,
    "1112": 1,
    "1430": 1,
    "1519": 1,
    "16966": 6
}}
{"keenedgd": {"100": 1}}
{"knewen": {"43737": 1}}
{"knewst": {
    "100": 8,
    "1524": 1,
    "1523": 1,
    "27761": 1,
    "2265": 1,
    "1539": 1,
    "16966": 1
}}
{"kitchenwench": {
    "23046": 1,
    "47960": 1
}}
{"knokele": {"43737": 2}}
{"kaupfr": {"43737": 1}}
{"kettle": {
    "1286": 1,
    "2265": 2,
    "100": 1,
    "1524": 1,
    "20657": 1,
    "27761": 2
}}
{"kitchend": {
    "100": 1,
    "23046": 1
}}
{"kitchens": {
    "23045": 1,
    "1286": 1,
    "100": 2,
    "20657": 1,
    "1531": 1
}}
{"kernels": {
    "23042": 1,
    "100": 2,
    "1508": 1
}}
{"ketten": {"43737": 2}}
{"keepdown": {
    "23045": 1,
    "100": 1
}}
{"killest": {"100": 1}}
{"killeth": {"100": 1}}
{"kingif": {"27726": 1}}
{"kingas": {"100": 1}}
{"kissingcomfits": {
    "100": 1,
    "47960": 1,
    "23044": 1
}}
{"kinged": {"100": 1}}
{"kingly": {
    "100": 27,
    "1524": 1,
    "1522": 1,
    "27761": 1,
    "2265": 1,
    "1041": 1,
    "1539": 1
}}
{"king65": {"16966": 1}}
{"king57": {"27761": 1}}
{"kindness": {
    "47960": 1,
    "23045": 2,
    "1286": 17,
    "43737": 1,
    "23046": 1,
    "1041": 2,
    "20657": 19,
    "100": 59,
    "1523": 1,
    "1522": 1,
    "1533": 1,
    "1532": 3,
    "23042": 1,
    "1531": 1,
    "23044": 1,
    "1430": 10,
    "27761": 1,
    "1508": 6,
    "1519": 2,
    "1539": 2,
    "5429": 1,
    "16966": 9,
    "1515": 3,
    "1526": 3
}}
{"kindst": {
    "100": 1,
    "2264": 1,
    "1533": 1,
    "16966": 1
}}
{"kindle": {
    "43737": 2,
    "100": 11,
    "1523": 1,
    "1522": 1,
    "1532": 1
}}
{"kindly": {
    "18143": 1,
    "47960": 6,
    "23045": 1,
    "1286": 7,
    "43737": 2,
    "2264": 1,
    "27726": 2,
    "20657": 7,
    "100": 39,
    "1513": 1,
    "1523": 3,
    "1533": 1,
    "1532": 1,
    "1112": 1,
    "1430": 8,
    "1508": 3,
    "1519": 1,
    "16966": 1,
    "1526": 1
}}
{"kicke": {"2265": 1}}
{"kickd": {
    "100": 1,
    "23046": 1
}}
{"kvirt": {"43737": 1}}
{"king18": {"27761": 1}}
{"killcourtesy": {
    "1514": 1,
    "100": 1
}}
{"kibes": {
    "1532": 1,
    "100": 2,
    "23044": 1
}}
{"kitenow": {"100": 1}}
{"knackeris": {"43737": 1}}
{"kindel": {"43737": 1}}
{"kinder": {
    "1514": 1,
    "100": 7,
    "1532": 1,
    "1430": 1,
    "1286": 3,
    "20657": 3,
    "16966": 1,
    "1515": 1
}}
{"kind31": {"27761": 1}}
{"kenneth": {"43737": 2}}
{"kenneld": {"100": 1}}
{"knaverys": {
    "100": 1,
    "1531": 1
}}
{"kidde": {"43737": 2}}
{"knavethe": {"27726": 1}}
{"knowingly": {
    "100": 2,
    "16966": 2
}}
{"kingsdisarm": {"100": 1}}
{"knavish": {
    "1514": 2,
    "100": 7,
    "1524": 2,
    "27761": 1,
    "1286": 1,
    "20657": 1,
    "1539": 1
}}
{"koester": {"16966": 1}}
{"kirkja": {"43737": 1}}
{"kohinr": {"16055": 3}}
{"knitted": {
    "1286": 1,
    "20657": 1
}}
{"karollyng": {"43737": 1}}
{"kasi244": {"1430": 1}}
{"keans": {
    "27761": 1,
    "16966": 1
}}
{"knavery": {
    "16055": 1,
    "1514": 2,
    "100": 17,
    "1524": 2,
    "1523": 1,
    "1531": 1,
    "1508": 4,
    "1519": 1,
    "1539": 1,
    "16966": 1,
    "1526": 1
}}
{"kinde": {
    "43737": 4,
    "2265": 11,
    "2264": 3
}}
{"kinds": {
    "1514": 1,
    "100": 9,
    "23042": 2,
    "1531": 1,
    "43737": 4,
    "2265": 1,
    "2264": 1,
    "1041": 1,
    "1539": 1,
    "5429": 1,
    "16966": 4
}}
{"king3": {"27761": 1}}
{"kings": {
    "16055": 7,
    "47960": 2,
    "23045": 1,
    "1286": 44,
    "43737": 3,
    "2265": 9,
    "2264": 12,
    "1041": 2,
    "27726": 8,
    "20657": 44,
    "100": 320,
    "1513": 1,
    "1524": 10,
    "1533": 16,
    "23042": 10,
    "1112": 1,
    "23044": 1,
    "27761": 9,
    "1430": 31,
    "1539": 17,
    "5429": 5,
    "16966": 27,
    "1515": 2
}}
{"kingd": {"100": 1}}
{"kinga": {"16966": 1}}
{"knowledge": {
    "16055": 9,
    "23045": 5,
    "1286": 8,
    "43737": 7,
    "23046": 1,
    "1041": 3,
    "27726": 4,
    "20657": 8,
    "1533": 3,
    "1532": 4,
    "23042": 1,
    "1531": 1,
    "23044": 1,
    "1430": 3,
    "27761": 1,
    "1539": 10,
    "1515": 1,
    "47960": 4,
    "2265": 2,
    "2264": 4,
    "100": 82,
    "1524": 1,
    "1523": 6,
    "1508": 1,
    "5429": 24,
    "16966": 20,
    "1526": 2
}}
{"kills": {
    "47960": 2,
    "23045": 1,
    "1286": 1,
    "1041": 1,
    "27726": 3,
    "20657": 1,
    "1514": 2,
    "100": 31,
    "1524": 2,
    "1531": 2,
    "27761": 1,
    "1430": 1,
    "1508": 1,
    "1519": 1,
    "1539": 1,
    "16966": 9
}}
{"kille": {"43737": 1}}
{"killd": {
    "47960": 7,
    "2265": 4,
    "2264": 4,
    "1514": 1,
    "100": 72,
    "1513": 7,
    "1524": 6,
    "1522": 2,
    "1533": 5,
    "1532": 2,
    "23042": 1,
    "1531": 12,
    "27761": 2,
    "1508": 1,
    "1519": 2,
    "1539": 5,
    "5429": 1,
    "16966": 4,
    "1515": 1,
    "1526": 1
}}
{"kyssedes": {"43737": 1}}
{"keepers": {
    "100": 14,
    "1513": 1,
    "23042": 1,
    "1112": 1,
    "47960": 2,
    "23044": 2,
    "1286": 3,
    "1508": 1,
    "27726": 1,
    "20657": 3
}}
{"keepeth": {"47960": 2}}
{"keepest": {
    "100": 3,
    "23046": 1,
    "1531": 1,
    "47960": 1
}}
{"kaliban": {"1430": 1}}
{"knights": {
    "47960": 1,
    "1286": 11,
    "43737": 3,
    "1041": 1,
    "27726": 1,
    "20657": 11,
    "100": 72,
    "1532": 12,
    "23044": 3,
    "27761": 1,
    "1430": 7,
    "16966": 5,
    "1526": 1
}}
{"kinne": {"2265": 1}}
{"knighte": {"43737": 2}}
{"kirke": {"43737": 3}}
{"kings130": {"27761": 1}}
{"kyngdome": {"43737": 2}}
{"keels": {"100": 1}}
{"keene": {
    "2265": 2,
    "2264": 2,
    "23044": 1
}}
{"keepe": {
    "2265": 17,
    "2264": 12,
    "1112": 16,
    "47960": 2,
    "23044": 5,
    "16966": 1
}}
{"keeps": {
    "16055": 1,
    "47960": 7,
    "23045": 3,
    "43737": 1,
    "23046": 2,
    "1041": 5,
    "27726": 6,
    "100": 80,
    "1513": 4,
    "1524": 5,
    "1523": 3,
    "1522": 1,
    "1533": 4,
    "1532": 3,
    "1531": 4,
    "1112": 1,
    "27761": 2,
    "1430": 1,
    "1508": 1,
    "1519": 2,
    "5429": 1,
    "16966": 10,
    "1526": 2
}}
{"kylleth": {"47960": 1}}
{"kingkiller": {"100": 1}}
{"k229mil244": {"1430": 1}}
{"kinship": {"16966": 1}}
{"keech": {"100": 2}}
{"kites": {
    "100": 10,
    "1524": 1,
    "1522": 1,
    "1533": 1,
    "47960": 1,
    "27761": 1,
    "1430": 1,
    "2265": 1,
    "1508": 1,
    "1539": 1
}}
{"knaue": {
    "43737": 1,
    "2265": 5,
    "1112": 4,
    "23044": 10
}}
{"knave": {
    "47960": 5,
    "23045": 1,
    "1286": 1,
    "43737": 1,
    "23046": 4,
    "27726": 3,
    "20657": 1,
    "100": 167,
    "1513": 4,
    "1524": 5,
    "1523": 3,
    "1522": 4,
    "1532": 18,
    "23042": 1,
    "1531": 12,
    "23044": 19,
    "27761": 6,
    "1430": 1,
    "1508": 6,
    "1519": 2,
    "16966": 13,
    "1515": 2,
    "1526": 8
}}
{"knawe": {"43737": 2}}
{"knack": {
    "1539": 1,
    "100": 2,
    "1508": 1
}}
{"knafe": {"43737": 1}}
{"knape": {"43737": 1}}
{"kisso": {"100": 1}}
{"kisse": {
    "2264": 2,
    "1112": 11
}}
{"kissd": {
    "1514": 1,
    "100": 17,
    "1524": 1,
    "23042": 2,
    "1531": 2,
    "1430": 1,
    "1508": 2
}}
{"keill": {"43737": 2}}
{"kynggis": {"43737": 1}}
{"knight": {
    "16055": 2,
    "47960": 17,
    "23045": 7,
    "1286": 1,
    "43737": 12,
    "2265": 1,
    "23046": 2,
    "27726": 2,
    "20657": 1,
    "1514": 4,
    "100": 165,
    "1513": 2,
    "1524": 1,
    "1523": 4,
    "1532": 8,
    "23042": 1,
    "1112": 2,
    "23044": 35,
    "27761": 2,
    "1430": 2,
    "1519": 1,
    "16966": 2,
    "1526": 22
}}
{"knowingthe": {"1286": 1}}
{"keies": {"1112": 1}}
{"knauish": {"2265": 2}}
{"knifes": {
    "100": 4,
    "1519": 2
}}
{"knele": {"43737": 1}}
{"knell": {
    "100": 13,
    "1533": 3,
    "23042": 1,
    "1430": 1,
    "1286": 1,
    "2264": 3,
    "20657": 1,
    "1539": 1,
    "1515": 1
}}
{"knelt": {
    "1286": 1,
    "20657": 1,
    "1430": 3
}}
{"knorned": {"43737": 1}}
{"knewe": {"43737": 1}}
{"knead": {"100": 1}}
{"knees": {
    "47960": 5,
    "23045": 3,
    "1286": 10,
    "43737": 1,
    "2265": 2,
    "2264": 1,
    "27726": 4,
    "20657": 10,
    "100": 62,
    "1513": 3,
    "1524": 2,
    "1523": 1,
    "1522": 2,
    "1533": 1,
    "1532": 1,
    "1531": 2,
    "1112": 3,
    "27761": 2,
    "1430": 2,
    "1508": 1,
    "1519": 2,
    "1539": 2,
    "16966": 3
}}
{"kneel": {
    "23045": 5,
    "1286": 6,
    "43737": 1,
    "23046": 1,
    "27726": 1,
    "20657": 6,
    "1514": 1,
    "100": 71,
    "1522": 3,
    "1532": 2,
    "23042": 2,
    "1531": 2,
    "27761": 1,
    "1508": 1,
    "1539": 5,
    "16966": 7
}}
{"kindnesse": {"2264": 1}}
{"kesteuene": {"43737": 1}}
{"kenna": {"43737": 1}}
{"kenne": {"43737": 1}}
{"kents": {
    "100": 1,
    "1532": 1,
    "27726": 1,
    "16966": 15
}}
{"kinsfolk": {
    "43737": 2,
    "47960": 1
}}
{"kingdome": {
    "2265": 5,
    "2264": 1
}}
{"kingdomd": {"100": 1}}
{"kingdoms": {
    "16055": 1,
    "100": 37,
    "1523": 2,
    "1533": 2,
    "23042": 1,
    "1430": 2,
    "1286": 5,
    "1041": 1,
    "20657": 5,
    "1539": 2,
    "5429": 1
}}
{"kempe": {"47960": 3}}
{"knowing": {
    "47960": 2,
    "1286": 22,
    "43737": 1,
    "2265": 1,
    "23046": 2,
    "1041": 4,
    "27726": 2,
    "20657": 23,
    "1514": 1,
    "100": 48,
    "1524": 1,
    "1523": 1,
    "1532": 1,
    "23042": 2,
    "1531": 1,
    "23044": 2,
    "1430": 6,
    "27761": 1,
    "1508": 1,
    "1519": 2,
    "1539": 2,
    "5429": 2,
    "16966": 5,
    "1515": 1
}}
{"kapall": {"43737": 1}}
{"kyngegh": {"43737": 1}}
{"knits": {
    "100": 4,
    "2264": 1,
    "1533": 1,
    "1430": 1
}}
{"knife": {
    "47960": 10,
    "1286": 6,
    "2265": 1,
    "2264": 2,
    "1041": 4,
    "27726": 2,
    "20657": 7,
    "100": 62,
    "1513": 4,
    "1524": 1,
    "1533": 2,
    "1532": 2,
    "23042": 2,
    "1112": 4,
    "23044": 2,
    "27761": 1,
    "1430": 1,
    "1539": 1,
    "16966": 1,
    "1515": 4,
    "1526": 1
}}
{"knigs": {"16966": 6}}
{"kniht": {"43737": 1}}
{"kache": {"43737": 2}}
{"koyntly": {"43737": 2}}
{"kerns": {
    "100": 7,
    "1533": 3
}}
{"kerve": {"47960": 1}}
{"kickywicky": {
    "100": 1,
    "1430": 3
}}
{"knowest": {
    "100": 20,
    "1524": 1,
    "1513": 2,
    "1532": 2,
    "1112": 3,
    "23045": 2,
    "2265": 1,
    "23046": 2,
    "1508": 1,
    "1519": 1,
    "5429": 1
}}
{"kindreds": {
    "100": 6,
    "1513": 2,
    "1112": 3,
    "47960": 2
}}
{"kinsmen": {
    "100": 26,
    "1513": 4,
    "1533": 2,
    "1531": 1,
    "1112": 4,
    "47960": 9,
    "1286": 1,
    "2264": 2,
    "20657": 1,
    "16966": 7
}}
{"kinsman": {
    "47960": 17,
    "23045": 1,
    "1286": 6,
    "43737": 1,
    "23046": 2,
    "2264": 2,
    "20657": 6,
    "1514": 1,
    "100": 57,
    "1513": 12,
    "1523": 1,
    "1533": 2,
    "1531": 1,
    "1112": 10,
    "23044": 1,
    "1430": 2,
    "1519": 1,
    "1539": 1,
    "16966": 1,
    "1515": 1,
    "1526": 6
}}
{"kettledrum": {
    "100": 1,
    "1524": 1,
    "27761": 1
}}
{"knauerie": {"23044": 1}}
{"ketly": {"100": 1}}
{"kirtel": {"43737": 1}}
{"kaght": {"43737": 1}}
{"keste": {"43737": 2}}
{"kirtle": {
    "43737": 1,
    "100": 2
}}
{"kryste": {"43737": 1}}
{"kesar": {"23044": 1}}
{"knottypated": {"100": 1}}
{"kutten": {"43737": 2}}
{"kinswoman": {
    "100": 3,
    "23046": 1,
    "1519": 1
}}
{"knacken": {"43737": 2}}
{"knots": {
    "100": 9,
    "1533": 1,
    "1532": 1,
    "47960": 3,
    "2264": 1,
    "1508": 1,
    "16966": 1
}}
{"knowe": {
    "43737": 5,
    "2265": 1,
    "23044": 2
}}
{"knyghte": {"43737": 3}}
{"known": {
    "16055": 13,
    "23045": 5,
    "1286": 24,
    "43737": 10,
    "23046": 1,
    "1041": 1,
    "27726": 5,
    "20657": 24,
    "1514": 3,
    "1513": 4,
    "1533": 10,
    "1532": 11,
    "23042": 2,
    "1531": 11,
    "23044": 8,
    "1430": 14,
    "27761": 8,
    "1519": 7,
    "1539": 11,
    "1515": 3,
    "47960": 13,
    "2265": 1,
    "2264": 2,
    "100": 201,
    "1524": 8,
    "1523": 2,
    "1522": 4,
    "1508": 4,
    "5429": 20,
    "16966": 20,
    "1526": 3
}}
{"knowt": {
    "100": 17,
    "1524": 1,
    "1533": 1,
    "1532": 3,
    "1531": 4,
    "2264": 1,
    "1539": 2
}}
{"knows": {
    "23045": 13,
    "1286": 2,
    "43737": 1,
    "23046": 6,
    "1041": 11,
    "27726": 2,
    "20657": 2,
    "1514": 2,
    "1513": 3,
    "1533": 7,
    "1532": 5,
    "23042": 1,
    "1531": 9,
    "23044": 4,
    "1430": 5,
    "27761": 2,
    "1519": 9,
    "1539": 5,
    "1515": 5,
    "47960": 7,
    "100": 223,
    "1524": 3,
    "1523": 5,
    "1522": 3,
    "1508": 4,
    "5429": 7,
    "16966": 34,
    "1526": 3
}}
{"knappes": {"43737": 1}}
{"knobs": {"100": 1}}
{"knock": {
    "47960": 1,
    "23045": 1,
    "1286": 1,
    "43737": 2,
    "23046": 4,
    "2264": 16,
    "20657": 1,
    "100": 73,
    "1513": 2,
    "1524": 1,
    "1522": 2,
    "1533": 11,
    "23042": 2,
    "1531": 1,
    "1112": 1,
    "23044": 5,
    "27761": 2,
    "1430": 1,
    "1508": 19,
    "1539": 1,
    "16966": 1
}}
{"knapped": {
    "1532": 1,
    "100": 2,
    "1515": 1
}}
{"kaies": {"43737": 1}}
{"knoll": {"43737": 1}}
{"kercher": {"23044": 1}}
{"keyes": {"23044": 1}}
{"kalla": {"43737": 1}}
{"kidfox": {
    "100": 1,
    "1519": 1
}}
{"kendale": {"43737": 1}}
{"kowarde": {"43737": 2}}
{"knowelechen": {"43737": 1}}
{"kyndom": {"43737": 1}}
{"king167": {"16966": 1}}
{"kanel": {"43737": 2}}
{"kanne": {"43737": 1}}
{"kitchenmaid": {
    "100": 1,
    "23046": 1
}}
{"kroppa": {"43737": 1}}
{"knavepray": {"47960": 1}}
{"kongons": {"43737": 1}}
{"keyle": {"43737": 2}}
{"katharine": {
    "1286": 60,
    "100": 82,
    "20657": 59,
    "27761": 1,
    "1430": 27
}}
{"keyng": {"43737": 1}}
{"kyndis": {"43737": 1}}
{"keyra": {"43737": 1}}
{"kawrd234li229": {"1430": 1}}
{"kad": {"23044": 5}}
{"kan": {
    "43737": 1,
    "16966": 1
}}
{"king275": {"16966": 1}}
{"ken": {
    "43737": 9,
    "100": 7,
    "23044": 2
}}
{"key": {
    "47960": 1,
    "23045": 2,
    "1286": 1,
    "2265": 1,
    "23046": 2,
    "2264": 2,
    "1041": 1,
    "27726": 1,
    "20657": 1,
    "1514": 2,
    "100": 30,
    "1524": 1,
    "1533": 2,
    "1532": 3,
    "23042": 1,
    "1531": 2,
    "23044": 2,
    "27761": 3,
    "1430": 2,
    "1519": 2,
    "16966": 2,
    "1515": 3
}}
{"kid": {"47960": 1}}
{"kin": {
    "47960": 1,
    "23045": 4,
    "2265": 15,
    "100": 35,
    "1513": 1,
    "1524": 2,
    "1532": 1,
    "1531": 1,
    "1112": 1,
    "27761": 3,
    "1430": 1,
    "1539": 3,
    "16966": 2,
    "1515": 1,
    "1526": 2
}}
{"kerchief": {
    "100": 3,
    "1522": 1,
    "23044": 2
}}
{"kne": {"43737": 2}}
{"knowings": {
    "100": 1,
    "2264": 1,
    "1533": 1
}}
{"kud": {"43737": 2}}
{"kun": {"43737": 1}}
{"kye": {"43737": 3}}
{"kyd": {"43737": 2}}
{"kyn": {"43737": 11}}
{"karpa": {"43737": 1}}
{"knighterrant": {"100": 1}}
{"kartr": {"43737": 1}}
{"knauery": {
    "2265": 1,
    "23044": 2
}}
{"knauene": {"43737": 1}}
{"kingdom37": {"27761": 1}}
{"kated": {
    "100": 1,
    "1508": 1
}}
{"kates": {
    "100": 2,
    "1508": 2
}}
{"koopman": {"47960": 2}}
{"kasta": {"43737": 3}}
{"karolle": {"43737": 2}}
{"kingdomes": {"2264": 2}}
{"kap251let": {"1430": 1}}
{"kayes": {"43737": 1}}
{"kindhearted": {
    "1286": 3,
    "100": 1,
    "1041": 1,
    "27726": 2,
    "20657": 3,
    "1430": 1
}}
{"kennst": {"100": 1}}
{"keenest": {
    "5429": 1,
    "16966": 2
}}
{"kennel": {
    "23045": 1,
    "1286": 1,
    "100": 6,
    "1508": 1,
    "1532": 1,
    "20657": 1
}}
{"kenned": {"100": 1}}
{"knighthoods": {
    "16055": 1,
    "100": 2,
    "23044": 1
}}
{"keynote": {
    "47960": 1,
    "16966": 2
}}
{"kissdthe": {"16055": 1}}
{"knig284": {"16966": 1}}
{"knig288": {"16966": 1}}
{"knarregh": {"43737": 1}}
{"keepst": {
    "23045": 1,
    "100": 8,
    "1041": 1,
    "1508": 1
}}
{"keepes": {
    "2265": 6,
    "2264": 4,
    "1112": 3
}}
{"keeper": {
    "100": 56,
    "47960": 1,
    "23044": 2,
    "43737": 1,
    "1508": 1,
    "1539": 1,
    "16966": 2
}}
{"keenly": {
    "27726": 4,
    "16966": 6
}}
{"kronykeles": {"43737": 1}}
{"keruen": {"43737": 1}}
{"kindlier": {
    "23042": 1,
    "100": 1
}}
{"kertel": {"43737": 2}}
{"kindling": {
    "23042": 1,
    "100": 2
}}
{"kepynge": {"43737": 1}}
{"kersey": {
    "23045": 1,
    "100": 3,
    "1508": 1
}}
{"knuckle": {"43737": 1}}
{"kendal": {
    "43737": 1,
    "100": 2
}}
{"koppel": {"16966": 9}}
{"killingworth": {"100": 2}}
{"kernes": {
    "27726": 1,
    "2264": 3
}}
{"kernel": {
    "1539": 1,
    "100": 3
}}
{"kindliest": {"16966": 1}}
{"kidney": {
    "100": 1,
    "23044": 1
}}
{"katherine": {
    "100": 84,
    "1508": 19,
    "27726": 1,
    "1430": 1
}}
{"katherina": {
    "100": 112,
    "1508": 112
}}
{"konne": {"43737": 2}}
{"kernal": {"100": 1}}
{"keisar": {"23044": 1}}
{"keiser": {"100": 1}}
{"kneecrooking": {
    "100": 1,
    "1531": 1
}}
