{"nibble": {"43737": 1}}
{"n": {
    "23045": 3,
    "43737": 1823,
    "18143": 2,
    "23044": 2,
    "16966": 4
}}
{"newstore": {"100": 1}}
{"noahs": {
    "100": 1,
    "23046": 1
}}
{"nayll": {"43737": 1}}
{"nayle": {
    "43737": 1,
    "47960": 2
}}
{"nightcrow": {"100": 1}}
{"nomment": {"18143": 1}}
{"nobility": {
    "16055": 2,
    "100": 37,
    "1524": 1,
    "1531": 1,
    "47960": 1,
    "1286": 6,
    "43737": 1,
    "2265": 1,
    "27726": 4,
    "20657": 6,
    "16966": 4
}}
{"nourricebien": {"18143": 2}}
{"nostrils": {
    "23042": 5,
    "100": 4
}}
{"nostrill": {"23044": 1}}
{"numbers": {
    "16055": 3,
    "47960": 3,
    "23045": 2,
    "1286": 3,
    "43737": 2,
    "2265": 1,
    "23046": 1,
    "2264": 2,
    "1041": 4,
    "27726": 1,
    "20657": 3,
    "100": 44,
    "1513": 1,
    "1524": 2,
    "1522": 1,
    "1533": 2,
    "23042": 1,
    "1112": 1,
    "23044": 6,
    "27761": 1,
    "1519": 1,
    "5429": 3,
    "16966": 4,
    "1526": 1
}}
{"nominate": {
    "100": 3,
    "1523": 1
}}
{"numberd": {
    "1514": 1,
    "100": 4,
    "1531": 1
}}
{"naturalize": {"100": 1}}
{"noces": {
    "100": 1,
    "18143": 3
}}
{"nocht": {"43737": 1}}
{"nobot": {"43737": 1}}
{"nobly": {
    "47960": 2,
    "1286": 1,
    "43737": 1,
    "2264": 1,
    "20657": 1,
    "100": 39,
    "1513": 1,
    "1522": 1,
    "1533": 1,
    "1532": 1,
    "23042": 2,
    "1112": 1,
    "1430": 4,
    "1539": 1,
    "16966": 1,
    "1526": 2
}}
{"nayword": {
    "100": 3,
    "23044": 2,
    "1526": 1
}}
{"nothingill": {"23045": 1}}
{"naturalness": {"16966": 1}}
{"nimbler": {"100": 2}}
{"nauratelle": {"18143": 1}}
{"newhealed": {"100": 2}}
{"nobel": {"43737": 1}}
{"n1": {"43737": 50}}
{"n2": {"43737": 46}}
{"n3": {"43737": 2}}
{"n4": {"43737": 1}}
{"na": {
    "1286": 1,
    "43737": 14,
    "18143": 23
}}
{"nd": {"43737": 1}}
{"ne": {
    "43737": 23,
    "100": 7,
    "18143": 284,
    "5429": 1,
    "47960": 7,
    "16966": 2
}}
{"noble": {
    "16055": 2,
    "23045": 9,
    "1286": 74,
    "43737": 15,
    "27726": 16,
    "20657": 74,
    "1514": 6,
    "1513": 8,
    "1533": 12,
    "1532": 19,
    "23042": 10,
    "1531": 21,
    "1112": 9,
    "1430": 15,
    "27761": 13,
    "1519": 9,
    "1539": 10,
    "1515": 7,
    "18143": 9,
    "47960": 17,
    "2265": 16,
    "2264": 13,
    "100": 666,
    "1524": 17,
    "1523": 3,
    "1522": 39,
    "1508": 9,
    "5429": 2,
    "16966": 38,
    "1526": 9
}}
{"ng": {"43737": 1}}
{"ni": {"18143": 22}}
{"nk": {"43737": 1}}
{"no": {
    "16055": 30,
    "23045": 123,
    "1286": 319,
    "43737": 81,
    "23046": 83,
    "1041": 89,
    "27726": 135,
    "20657": 322,
    "1514": 93,
    "1513": 111,
    "1533": 77,
    "1532": 165,
    "23042": 107,
    "1531": 112,
    "1112": 111,
    "23044": 150,
    "1430": 129,
    "27761": 129,
    "1519": 140,
    "1539": 137,
    "1515": 102,
    "18143": 16,
    "47960": 241,
    "2265": 147,
    "2264": 77,
    "100": 4078,
    "1524": 152,
    "1523": 148,
    "1522": 103,
    "1508": 102,
    "5429": 94,
    "16966": 624,
    "1526": 134
}}
{"nr": {"43737": 1}}
{"ns": {
    "43737": 1,
    "18143": 3
}}
{"nu": {"43737": 2}}
{"ny": {"18143": 18}}
{"nobis": {
    "100": 1,
    "5429": 1
}}
{"noand": {"100": 1}}
{"newbleeding": {"100": 1}}
{"naturalism": {"16966": 1}}
{"nightlong": {"27726": 1}}
{"norrir": {"43737": 1}}
{"noeles": {"43737": 2}}
{"napless": {"100": 1}}
{"nommait": {"18143": 1}}
{"numbing": {"16966": 1}}
{"noday": {"100": 1}}
{"nonewould": {"100": 1}}
{"noddy": {"100": 3}}
{"nommant": {"18143": 1}}
{"nightcome": {"47960": 1}}
{"niggardly": {
    "100": 4,
    "23046": 1,
    "23044": 1,
    "1526": 1
}}
{"nettle": {"100": 6}}
{"nemeled": {"43737": 1}}
{"nephew": {
    "47960": 3,
    "1286": 3,
    "2265": 1,
    "20657": 3,
    "100": 32,
    "1513": 3,
    "1524": 2,
    "1112": 1,
    "27761": 2,
    "1430": 1,
    "1519": 1,
    "1515": 1,
    "1526": 1
}}
{"noght": {"43737": 11}}
{"numeration": {"16966": 1}}
{"negligence": {
    "16055": 1,
    "23045": 1,
    "1286": 2,
    "43737": 1,
    "23046": 1,
    "1041": 1,
    "27726": 1,
    "20657": 2,
    "1514": 2,
    "1513": 1,
    "1533": 1,
    "1532": 3,
    "23042": 1,
    "1531": 3,
    "1112": 1,
    "23044": 1,
    "1430": 1,
    "27761": 2,
    "1519": 1,
    "1539": 3,
    "1515": 1,
    "18143": 1,
    "47960": 1,
    "2265": 2,
    "2264": 1,
    "100": 16,
    "1524": 2,
    "1523": 1,
    "1522": 1,
    "1508": 1,
    "5429": 11,
    "16966": 2,
    "1526": 3
}}
{"number": {
    "16055": 11,
    "23045": 4,
    "1286": 5,
    "43737": 10,
    "23046": 4,
    "1041": 6,
    "27726": 5,
    "20657": 6,
    "1514": 4,
    "1513": 5,
    "1533": 3,
    "1532": 6,
    "23042": 3,
    "1531": 3,
    "1112": 5,
    "23044": 5,
    "1430": 7,
    "27761": 3,
    "1519": 3,
    "1539": 3,
    "1515": 3,
    "18143": 3,
    "47960": 18,
    "2265": 4,
    "2264": 4,
    "100": 60,
    "1524": 3,
    "1523": 4,
    "1522": 7,
    "1508": 3,
    "5429": 5,
    "16966": 32,
    "1526": 5
}}
{"nevermore": {"1430": 1}}
{"northnortheast": {"100": 1}}
{"norths": {"47960": 1}}
{"nostrae": {"5429": 1}}
{"nourriceallez": {"18143": 1}}
{"noblestminded": {
    "100": 1,
    "1522": 1
}}
{"nostril": {
    "1539": 1,
    "100": 5,
    "23044": 1
}}
{"noblerwhither": {"100": 1}}
{"nightoblations": {"100": 1}}
{"norwayes": {"2264": 1}}
{"noeud": {"18143": 1}}
{"nicepreserved": {"100": 1}}
{"numbre": {"43737": 1}}
{"nothinggift": {"100": 1}}
{"nookshotten": {"100": 1}}
{"netherlands": {
    "100": 1,
    "23046": 1
}}
{"nonino": {
    "100": 4,
    "1523": 4
}}
{"nobodyi": {"1430": 1}}
{"norway": {
    "100": 15,
    "1524": 13,
    "1533": 2,
    "27761": 1,
    "1286": 1,
    "2265": 4,
    "2264": 2,
    "20657": 1,
    "16966": 1
}}
{"noire": {"18143": 2}}
{"newfalln": {
    "100": 3,
    "1523": 1
}}
{"necromancy": {"43737": 1}}
{"norweg": {"43737": 1}}
{"norwey": {"2265": 5}}
{"noirs": {"18143": 1}}
{"noise": {
    "23045": 3,
    "1286": 5,
    "43737": 16,
    "23046": 1,
    "27726": 2,
    "20657": 5,
    "1514": 2,
    "1513": 7,
    "1533": 5,
    "1532": 3,
    "23042": 8,
    "1531": 6,
    "1112": 3,
    "23044": 5,
    "1430": 2,
    "27761": 4,
    "1519": 1,
    "1539": 2,
    "1515": 2,
    "47960": 7,
    "2265": 7,
    "2264": 2,
    "100": 116,
    "1524": 8,
    "1523": 1,
    "1522": 4,
    "16966": 6
}}
{"noisy": {"1430": 1}}
{"nishapur": {"16055": 1}}
{"noier": {"43737": 6}}
{"nowder": {"43737": 2}}
{"ninemensmorris": {
    "1514": 1,
    "100": 1
}}
{"nineteen": {
    "23045": 3,
    "1539": 1,
    "100": 3
}}
{"nyhtegales": {"43737": 1}}
{"nonproprietary": {
    "16055": 1,
    "23045": 1,
    "1286": 1,
    "43737": 1,
    "23046": 1,
    "1041": 1,
    "27726": 1,
    "20657": 1,
    "1514": 1,
    "1513": 1,
    "1533": 1,
    "1532": 1,
    "23042": 1,
    "1531": 1,
    "1112": 1,
    "23044": 1,
    "1430": 1,
    "27761": 1,
    "1519": 1,
    "1539": 1,
    "1515": 1,
    "18143": 1,
    "47960": 1,
    "2265": 1,
    "2264": 1,
    "100": 1,
    "1524": 1,
    "1523": 1,
    "1522": 1,
    "1508": 1,
    "5429": 1,
    "16966": 1,
    "1526": 1
}}
{"negros": {
    "100": 1,
    "1515": 1
}}
{"nubibus": {"100": 1}}
{"niggarding": {
    "100": 1,
    "47960": 1,
    "1041": 1
}}
{"ngociations": {"18143": 1}}
{"notthat": {
    "100": 1,
    "1531": 1
}}
{"noblenesse": {"2264": 1}}
{"niceness": {"100": 2}}
{"nicholl": {"43737": 1}}
{"notthen": {
    "100": 1,
    "1523": 1
}}
{"nourricesommesnous": {"18143": 1}}
{"nyllan": {"43737": 1}}
{"nightwalking": {"100": 1}}
{"nationsegyptians": {"27726": 1}}
{"nimblepiniond": {
    "100": 1,
    "1513": 1,
    "47960": 1
}}
{"nellantonyand": {"47960": 1}}
{"notesthe": {"47960": 1}}
{"naphtali": {"43737": 1}}
{"noublie": {"18143": 1}}
{"nonce": {
    "43737": 1,
    "2265": 1,
    "100": 3,
    "1524": 1,
    "27761": 1
}}
{"nothingyet": {"100": 1}}
{"nettleseed": {
    "23042": 1,
    "100": 1
}}
{"newdated": {"100": 1}}
{"napping": {
    "100": 2,
    "1508": 1
}}
{"nibbling": {
    "23042": 1,
    "100": 3,
    "1523": 1
}}
{"neverconquered": {"100": 1}}
{"neertheless": {"100": 1}}
{"nikita": {"27726": 1}}
{"nourricequestce": {"18143": 1}}
{"numbred": {"100": 1}}
{"noman": {"43737": 2}}
{"nowiht": {"43737": 1}}
{"needlessly": {"16966": 1}}
{"nolde": {"43737": 2}}
{"nursest": {"100": 1}}
{"nursery": {
    "1286": 1,
    "100": 5,
    "1508": 1,
    "1532": 1,
    "20657": 1,
    "16966": 1
}}
{"nurseth": {
    "100": 1,
    "1041": 1
}}
{"nowise": {
    "16055": 2,
    "47960": 1
}}
{"neckes": {"2264": 1}}
{"neyther": {
    "43737": 3,
    "2265": 2,
    "2264": 2
}}
{"niowan": {"43737": 1}}
{"nooks": {"100": 1}}
{"noone": {
    "2264": 1,
    "1112": 1
}}
{"nouvelle": {"18143": 14}}
{"noose": {"27761": 1}}
{"newbeloved": {"47960": 1}}
{"nones": {"43737": 6}}
{"noyance": {
    "2265": 1,
    "100": 1,
    "1524": 1
}}
{"nonny": {
    "100": 14,
    "1524": 3,
    "1519": 4,
    "1532": 1
}}
{"noisette": {"18143": 2}}
{"nomore": {"43737": 4}}
{"norweyan": {
    "100": 3,
    "2264": 3,
    "1533": 3,
    "16966": 1
}}
{"nightcaps": {
    "27726": 1,
    "100": 1,
    "1522": 1
}}
{"neighborstained": {"1112": 1}}
{"negligence19": {"27761": 1}}
{"neodian": {"43737": 1}}
{"newsletter": {
    "16055": 1,
    "23045": 1,
    "1286": 1,
    "43737": 1,
    "23046": 1,
    "1041": 1,
    "27726": 2,
    "20657": 1,
    "1514": 1,
    "1513": 1,
    "1533": 1,
    "1532": 1,
    "23042": 1,
    "1531": 1,
    "1112": 1,
    "23044": 1,
    "1430": 1,
    "27761": 1,
    "1519": 1,
    "1539": 1,
    "1515": 1,
    "18143": 1,
    "47960": 1,
    "2265": 1,
    "2264": 1,
    "100": 1,
    "1524": 1,
    "1523": 1,
    "1522": 1,
    "1508": 1,
    "5429": 1,
    "16966": 1,
    "1526": 1
}}
{"nursing": {
    "23045": 1,
    "1286": 1,
    "100": 5,
    "1532": 1,
    "20657": 1
}}
{"napkin": {
    "2265": 1,
    "100": 15,
    "1524": 1,
    "1523": 3,
    "1508": 2,
    "1531": 3
}}
{"noviciate": {"20657": 1}}
{"nakedness": {
    "1286": 1,
    "100": 4,
    "1519": 1,
    "1532": 1,
    "20657": 1,
    "16966": 1
}}
{"naples": {
    "16055": 1,
    "100": 33,
    "23042": 26,
    "1531": 1,
    "47960": 1,
    "1430": 3,
    "1286": 11,
    "20657": 11
}}
{"notch": {"43737": 1}}
{"nourricepleurants": {"18143": 1}}
{"newgate": {"100": 1}}
{"notes": {
    "16055": 1,
    "18143": 1,
    "47960": 35,
    "23045": 27,
    "43737": 3,
    "2265": 4,
    "23046": 17,
    "2264": 3,
    "27726": 2,
    "100": 24,
    "1513": 1,
    "1524": 1,
    "23042": 19,
    "23044": 42,
    "27761": 6,
    "1508": 2,
    "1519": 4,
    "1539": 1,
    "5429": 18,
    "16966": 23,
    "1515": 1
}}
{"nightgown": {
    "100": 8,
    "1522": 1,
    "1533": 3,
    "1531": 1,
    "47960": 3,
    "2264": 1,
    "1508": 1,
    "1519": 1,
    "16966": 3
}}
{"noted": {
    "16055": 9,
    "47960": 5,
    "1286": 3,
    "43737": 1,
    "2265": 1,
    "1041": 2,
    "27726": 1,
    "20657": 3,
    "100": 24,
    "1513": 1,
    "1524": 1,
    "1522": 1,
    "1532": 1,
    "1531": 1,
    "1112": 1,
    "1508": 1,
    "1519": 1,
    "1539": 3,
    "16966": 4
}}
{"nobleending": {"100": 1}}
{"noton": {"100": 1}}
{"nontheological": {"16966": 1}}
{"neverdying": {"100": 1}}
{"ntais": {"18143": 1}}
{"ntait": {"18143": 5}}
{"neertouchd": {"100": 1}}
{"numbers15": {"27761": 1}}
{"nergique": {"18143": 1}}
{"nothings": {
    "2265": 1,
    "100": 5,
    "1524": 1,
    "1539": 1,
    "27761": 1
}}
{"nomsil": {"18143": 1}}
{"noses": {
    "100": 14,
    "1513": 1,
    "1532": 2,
    "23042": 1,
    "1531": 1,
    "1112": 1,
    "47960": 1,
    "1519": 1,
    "27726": 1,
    "1539": 2,
    "16966": 2
}}
{"norns": {"16966": 1}}
{"norse": {"43737": 3}}
{"not41": {"27761": 1}}
{"not47": {"16966": 1}}
{"north": {
    "16055": 3,
    "23045": 1,
    "1286": 2,
    "43737": 4,
    "23046": 1,
    "1041": 1,
    "27726": 1,
    "20657": 2,
    "1514": 1,
    "1513": 2,
    "1533": 1,
    "1532": 1,
    "23042": 2,
    "1531": 2,
    "1112": 2,
    "23044": 1,
    "1430": 2,
    "27761": 1,
    "1519": 2,
    "1539": 2,
    "1515": 1,
    "18143": 1,
    "47960": 3,
    "2265": 2,
    "2264": 1,
    "100": 42,
    "1524": 1,
    "1523": 1,
    "1522": 2,
    "1508": 1,
    "5429": 2,
    "16966": 2,
    "1526": 2
}}
{"nouelrie": {"43737": 1}}
{"novel": {
    "16055": 1,
    "100": 1,
    "47960": 7,
    "1041": 1,
    "27726": 3,
    "5429": 2,
    "16966": 3
}}
{"nedfull": {"43737": 1}}
{"nouur": {"43737": 1}}
{"now66": {"27761": 1}}
{"nouveaux": {"18143": 3}}
{"nouel": {"47960": 1}}
{"nebour": {"100": 1}}
{"nouht": {"43737": 2}}
{"nouer": {"43737": 2}}
{"nothingcome": {"100": 1}}
{"nimbleset": {"100": 1}}
{"nacion": {"43737": 2}}
{"noncome": {
    "100": 1,
    "1519": 1
}}
{"now23": {"27761": 1}}
{"nouns": {
    "43737": 4,
    "100": 2,
    "23044": 2
}}
{"notre": {
    "100": 1,
    "18143": 38,
    "47960": 1
}}
{"nevertheless": {
    "47960": 2,
    "1430": 3,
    "1286": 2,
    "43737": 3,
    "27726": 1,
    "20657": 2,
    "16966": 9
}}
{"notto": {"100": 1}}
{"navarre": {
    "16055": 1,
    "100": 13
}}
{"numberless": {
    "100": 2,
    "16966": 1
}}
{"nouvrira": {"18143": 1}}
{"northnorthwest": {
    "100": 1,
    "1524": 1
}}
{"nyghys": {"43737": 2}}
{"narbons": {
    "1286": 2,
    "20657": 2
}}
{"nurselike": {
    "1286": 1,
    "20657": 1,
    "100": 1
}}
{"nourricetout": {"18143": 1}}
{"nower": {"43737": 2}}
{"newlighted": {"27761": 1}}
{"nowno": {"100": 1}}
{"nayled": {"43737": 1}}
{"novum": {"100": 1}}
{"nayward": {
    "1539": 1,
    "100": 1
}}
{"notsdeath": {"27726": 1}}
{"niggard": {
    "100": 10,
    "1524": 1,
    "1522": 1,
    "1533": 1,
    "43737": 1,
    "2265": 1,
    "23046": 1,
    "2264": 1,
    "1041": 2
}}
{"newtaen": {"100": 1}}
{"nourriceestce": {"18143": 1}}
{"noyne": {"43737": 1}}
{"noynk": {"43737": 1}}
{"navigation": {
    "100": 1,
    "1533": 1
}}
{"noyse": {
    "43737": 1,
    "2265": 2,
    "2264": 3,
    "1112": 3,
    "23044": 1
}}
{"nonsense": {
    "43737": 2,
    "5429": 3,
    "47960": 1,
    "23044": 1,
    "16966": 1,
    "1430": 5
}}
{"nestelle": {"18143": 1}}
{"nephews": {
    "100": 10,
    "1524": 2,
    "1531": 1,
    "16966": 2
}}
{"naughtothers": {"100": 1}}
{"niobes": {"100": 1}}
{"nuptials": {
    "1286": 4,
    "100": 1,
    "20657": 4,
    "23042": 1,
    "47960": 1
}}
{"nuptiall": {
    "23042": 1,
    "1112": 1
}}
{"napkins": {
    "100": 5,
    "1522": 1,
    "1533": 1,
    "1112": 1,
    "47960": 2,
    "23044": 3,
    "2264": 1
}}
{"nuptiale": {"18143": 1}}
{"newbornebabe": {"2264": 1}}
{"nether": {
    "100": 4,
    "1532": 1,
    "1531": 2,
    "16966": 1
}}
{"numbering": {
    "100": 2,
    "23044": 2
}}
{"nuitvoyez": {"18143": 1}}
{"numberhoo": {"100": 1}}
{"nutrimento": {"18143": 1}}
{"needlework": {
    "100": 1,
    "1508": 1
}}
{"notthough": {"23045": 1}}
{"necessaries": {
    "100": 7,
    "1524": 1,
    "1513": 1,
    "23042": 1,
    "1531": 1,
    "1112": 1,
    "47960": 1,
    "27761": 1,
    "2265": 1
}}
{"necessarily": {
    "16055": 2,
    "23045": 1,
    "1286": 2,
    "43737": 1,
    "23046": 1,
    "1041": 1,
    "27726": 2,
    "20657": 2,
    "1514": 1,
    "1513": 1,
    "1533": 1,
    "1532": 1,
    "23042": 1,
    "1531": 1,
    "1112": 1,
    "23044": 1,
    "1430": 1,
    "27761": 1,
    "1519": 2,
    "1539": 1,
    "1515": 1,
    "18143": 1,
    "47960": 1,
    "2265": 1,
    "2264": 1,
    "100": 2,
    "1524": 1,
    "1523": 1,
    "1522": 1,
    "1508": 1,
    "5429": 2,
    "16966": 1,
    "1526": 1
}}
{"nestorwhose": {"100": 1}}
{"notfearing": {"100": 1}}
{"neutral": {
    "100": 4,
    "1524": 1,
    "1533": 1,
    "1532": 1,
    "27761": 1,
    "16966": 4
}}
{"nauseam": {"27726": 1}}
{"northumbrians": {"43737": 1}}
{"noseless": {"100": 1}}
{"nighttripping": {"100": 1}}
{"nygromansye": {"43737": 1}}
{"nafflige": {"18143": 1}}
{"ncessaire": {"18143": 2}}
{"nonchalant": {"16966": 1}}
{"newfired": {
    "100": 1,
    "1041": 1
}}
{"newmaried": {"47960": 1}}
{"naught": {
    "16055": 1,
    "47960": 5,
    "2265": 2,
    "2264": 1,
    "1514": 1,
    "100": 59,
    "1513": 2,
    "1524": 2,
    "1523": 4,
    "1533": 2,
    "1532": 3,
    "1531": 3,
    "1112": 1,
    "1519": 1,
    "16966": 1,
    "1515": 1
}}
{"noires": {"18143": 1}}
{"newborn": {
    "100": 5,
    "1524": 1,
    "1533": 1,
    "23042": 1,
    "47960": 2,
    "1286": 2,
    "20657": 2,
    "1539": 1,
    "16966": 3
}}
{"navarres": {"100": 10}}
{"newwaxen": {"100": 1}}
{"nonage": {"100": 1}}
{"nicelygauded": {"100": 1}}
{"noised": {"100": 2}}
{"nymmeth": {"43737": 1}}
{"noises": {
    "100": 4,
    "1532": 1,
    "27726": 1,
    "23042": 2,
    "16966": 1
}}
{"normal": {
    "43737": 3,
    "27726": 1,
    "47960": 1,
    "16966": 2
}}
{"norman": {
    "43737": 1,
    "2265": 3,
    "100": 3,
    "1524": 2
}}
{"nihtegale": {"43737": 1}}
{"nonceuse": {"43737": 1}}
{"newappearing": {
    "100": 2,
    "1041": 1
}}
{"newscrammed": {
    "100": 1,
    "1523": 1
}}
{"narrowprying": {
    "100": 1,
    "1508": 1
}}
{"natheles": {"43737": 2}}
{"ninety": {"100": 1}}
{"nonpayment": {"100": 1}}
{"noisome": {
    "100": 5,
    "1519": 1
}}
{"nombreuse": {"18143": 1}}
{"newcrownd": {"100": 1}}
{"ninecome": {"100": 1}}
{"noprait": {"18143": 1}}
{"namewestern": {"43737": 1}}
{"novelrie": {"43737": 1}}
{"nightingales": {
    "43737": 1,
    "100": 3,
    "1508": 1,
    "47960": 1,
    "1526": 1
}}
{"newtuned": {"100": 1}}
{"nombre": {
    "43737": 3,
    "18143": 5
}}
{"nation": {
    "1286": 2,
    "43737": 1,
    "2265": 2,
    "23046": 1,
    "2264": 1,
    "27726": 2,
    "20657": 2,
    "100": 30,
    "1524": 3,
    "1533": 1,
    "1531": 1,
    "27761": 1,
    "5429": 8,
    "16966": 2,
    "1515": 3
}}
{"nightcap": {
    "100": 1,
    "1531": 1,
    "16966": 1
}}
{"natiue": {
    "2265": 4,
    "1112": 2
}}
{"nevilles": {"100": 6}}
{"northcountry": {"23045": 1}}
{"natifs": {"100": 1}}
{"nerissas": {
    "1286": 2,
    "100": 1,
    "20657": 2,
    "1515": 1
}}
{"newtrothed": {
    "100": 1,
    "1519": 1
}}
{"northgate": {"43737": 1}}
{"native": {
    "16055": 2,
    "47960": 3,
    "1286": 6,
    "43737": 1,
    "23046": 1,
    "27726": 1,
    "20657": 6,
    "100": 43,
    "1513": 2,
    "1524": 4,
    "1523": 3,
    "1522": 1,
    "1531": 2,
    "27761": 2,
    "1430": 3,
    "5429": 6,
    "16966": 9,
    "1515": 1
}}
{"nunnery": {
    "100": 7,
    "1524": 5,
    "27761": 6,
    "1430": 1,
    "23045": 1,
    "1286": 1,
    "2265": 4,
    "20657": 1
}}
{"neverresting": {
    "100": 1,
    "1041": 1
}}
{"nearness": {
    "1286": 1,
    "20657": 1,
    "100": 3
}}
{"newhaven": {"47960": 1}}
{"nohwer": {"43737": 1}}
{"nightill": {"47960": 1}}
{"noirceur": {"18143": 1}}
{"newplanted": {
    "100": 1,
    "1522": 1
}}
{"neighed": {
    "43737": 1,
    "100": 1
}}
{"nothing": {
    "16055": 7,
    "23045": 17,
    "1286": 79,
    "43737": 17,
    "23046": 14,
    "1041": 19,
    "27726": 16,
    "20657": 80,
    "1514": 13,
    "1513": 14,
    "1533": 16,
    "1532": 34,
    "23042": 16,
    "1531": 26,
    "1112": 14,
    "23044": 16,
    "1430": 59,
    "27761": 20,
    "1519": 25,
    "1539": 34,
    "1515": 23,
    "47960": 26,
    "2265": 27,
    "2264": 16,
    "100": 676,
    "1524": 30,
    "1523": 13,
    "1522": 10,
    "1508": 13,
    "5429": 22,
    "16966": 160,
    "1526": 20
}}
{"nottobeendured": {
    "1532": 1,
    "100": 1
}}
{"nonpareil": {
    "100": 5,
    "1533": 1,
    "23042": 1,
    "1526": 1
}}
{"nuthook": {"100": 2}}
{"nonprofit": {
    "16055": 1,
    "23045": 1,
    "1286": 1,
    "43737": 1,
    "23046": 1,
    "1041": 1,
    "27726": 1,
    "20657": 1,
    "1514": 1,
    "1513": 1,
    "1533": 1,
    "1532": 1,
    "23042": 1,
    "1531": 1,
    "1112": 1,
    "23044": 1,
    "1430": 1,
    "27761": 1,
    "1519": 1,
    "1539": 1,
    "1515": 1,
    "18143": 1,
    "47960": 1,
    "2265": 1,
    "2264": 1,
    "100": 1,
    "1524": 1,
    "1523": 1,
    "1522": 1,
    "1508": 1,
    "5429": 1,
    "16966": 1,
    "1526": 1
}}
{"numismatic": {"16055": 2}}
{"narrowly": {
    "1286": 1,
    "100": 3,
    "1508": 1,
    "1519": 1,
    "20657": 1,
    "16966": 1
}}
{"nycht": {"43737": 2}}
{"narrower": {"5429": 1}}
{"nessus": {"100": 2}}
{"normans": {
    "43737": 3,
    "100": 3
}}
{"normant": {"43737": 1}}
{"nedefull": {"43737": 1}}
{"nestil": {"18143": 3}}
{"nestce": {"18143": 6}}
{"nightrest": {"100": 1}}
{"nestor": {
    "1286": 1,
    "100": 68,
    "20657": 1,
    "1515": 1
}}
{"newfound": {
    "1286": 1,
    "100": 2,
    "1041": 1,
    "20657": 1
}}
{"neighboursnay": {"100": 1}}
{"ninnys": {
    "1514": 3,
    "23042": 1,
    "100": 4
}}
{"neoptolemus": {"100": 1}}
{"nonexistent": {
    "27726": 1,
    "16966": 1
}}
{"nyhte": {"43737": 2}}
{"novelist": {"16966": 1}}
{"neptunes": {
    "1514": 1,
    "100": 12,
    "1524": 2,
    "1533": 1,
    "27761": 1,
    "2265": 1,
    "2264": 1,
    "16966": 2
}}
{"nombreuses": {"18143": 1}}
{"nyght": {"43737": 7}}
{"nickname": {
    "100": 3,
    "1524": 1,
    "1513": 1,
    "1112": 1,
    "47960": 2,
    "27761": 1,
    "43737": 5,
    "2265": 1,
    "16966": 1
}}
{"nakedie": {"27726": 1}}
{"nuthooks": {
    "100": 1,
    "23044": 2
}}
{"nerissa": {
    "1286": 16,
    "100": 65,
    "20657": 16,
    "47960": 2,
    "1515": 65
}}
{"newmade": {
    "100": 9,
    "1513": 2,
    "1112": 1,
    "47960": 2,
    "1515": 1
}}
{"naglas": {"43737": 1}}
{"nanmoins": {"100": 2}}
{"nyghtolde": {"43737": 1}}
{"notorious": {
    "100": 15,
    "1531": 2,
    "23044": 1,
    "23045": 3,
    "23046": 1,
    "1508": 1,
    "27726": 1,
    "1526": 2
}}
{"novell": {"47960": 1}}
{"novels": {
    "43737": 1,
    "5429": 1,
    "47960": 2,
    "27761": 1
}}
{"neither": {
    "16055": 2,
    "23045": 6,
    "1286": 14,
    "43737": 8,
    "23046": 8,
    "1041": 2,
    "27726": 8,
    "20657": 14,
    "1514": 1,
    "1513": 2,
    "1533": 3,
    "1532": 8,
    "23042": 3,
    "1531": 7,
    "1112": 2,
    "23044": 8,
    "1430": 7,
    "27761": 6,
    "1519": 7,
    "1539": 6,
    "1515": 12,
    "47960": 5,
    "2265": 6,
    "2264": 1,
    "100": 209,
    "1524": 10,
    "1523": 9,
    "1522": 3,
    "1508": 3,
    "5429": 18,
    "16966": 50,
    "1526": 4
}}
{"nothave": {"20657": 1}}
{"noticeable": {
    "27726": 1,
    "16966": 4
}}
{"neversurfeited": {
    "23042": 1,
    "100": 1
}}
{"nommer": {"18143": 2}}
{"namessure": {
    "100": 1,
    "23044": 1
}}
{"nomenclature": {"27726": 1}}
{"night59": {"27761": 1}}
{"norhymbre": {"43737": 1}}
{"night11": {"27761": 1}}
{"neatherds": {
    "1539": 1,
    "100": 2
}}
{"nationality": {
    "27726": 1,
    "16966": 2
}}
{"nightly": {
    "47960": 6,
    "1286": 3,
    "2265": 2,
    "2264": 1,
    "1041": 2,
    "20657": 3,
    "1514": 2,
    "100": 24,
    "1513": 4,
    "1524": 1,
    "1533": 1,
    "1531": 2,
    "1112": 4,
    "23044": 2,
    "1526": 1
}}
{"nutmegs": {
    "43737": 1,
    "1539": 1,
    "100": 1
}}
{"nighted": {
    "100": 2,
    "1524": 1,
    "1532": 1,
    "27761": 2,
    "16966": 1
}}
{"negligently": {"16966": 1}}
{"nimphes": {"16966": 1}}
{"nointed": {
    "1514": 1,
    "1539": 1,
    "100": 2
}}
{"nativity": {
    "1514": 2,
    "100": 16,
    "1523": 1,
    "1532": 1,
    "23044": 1,
    "1286": 1,
    "23046": 5,
    "1041": 1,
    "20657": 1
}}
{"notwithstandingto": {
    "100": 1,
    "23044": 1
}}
{"negotiate": {
    "1286": 1,
    "100": 2,
    "1519": 1,
    "20657": 1,
    "1526": 1
}}
{"niaisement": {"18143": 1}}
{"nymbelieve": {"100": 1}}
{"nourricecest": {"18143": 2}}
{"netherstocks": {
    "1532": 1,
    "100": 2
}}
{"northern": {
    "100": 11,
    "1522": 1,
    "27761": 1,
    "1430": 1,
    "43737": 17,
    "1539": 1,
    "16966": 1
}}
{"novice": {
    "23045": 1,
    "1286": 2,
    "100": 3,
    "20657": 2
}}
{"napier": {"43737": 2}}
{"nature": {
    "16055": 5,
    "23045": 10,
    "1286": 24,
    "43737": 5,
    "23046": 4,
    "1041": 10,
    "27726": 16,
    "20657": 24,
    "1514": 2,
    "1513": 4,
    "1533": 20,
    "1532": 36,
    "23042": 7,
    "1531": 15,
    "1112": 4,
    "23044": 4,
    "1430": 9,
    "27761": 21,
    "1519": 3,
    "1539": 15,
    "1515": 4,
    "18143": 7,
    "47960": 22,
    "2265": 24,
    "2264": 20,
    "100": 371,
    "1524": 27,
    "1523": 12,
    "1522": 5,
    "1508": 1,
    "5429": 29,
    "16966": 146,
    "1526": 11
}}
{"nightowl": {
    "1286": 1,
    "100": 2,
    "20657": 1,
    "1526": 1
}}
{"neighbouring": {
    "20657": 2,
    "100": 6
}}
{"norfolks": {"100": 2}}
{"nattestera": {"18143": 1}}
{"newgot": {"47960": 1}}
{"narrowmouthed": {
    "100": 1,
    "1523": 1
}}
{"negotiation": {
    "1286": 1,
    "20657": 1
}}
{"nabban": {"43737": 1}}
{"nought": {
    "47960": 4,
    "43737": 8,
    "23046": 2,
    "2264": 1,
    "1041": 3,
    "1514": 1,
    "100": 33,
    "1513": 1,
    "23042": 2,
    "1531": 1,
    "1112": 1,
    "23044": 1,
    "1430": 2,
    "1508": 1,
    "1539": 1,
    "16966": 1,
    "1515": 1,
    "1526": 1
}}
{"nonseulement": {"18143": 1}}
{"nymph": {
    "1514": 3,
    "100": 12,
    "1524": 1,
    "23042": 1,
    "27761": 1,
    "1430": 1,
    "1286": 1,
    "20657": 1
}}
{"notyour": {"23045": 1}}
{"naughte": {"43737": 2}}
{"naughts": {
    "100": 1,
    "1533": 1
}}
{"naughty": {
    "100": 15,
    "1522": 1,
    "1532": 2,
    "1430": 3,
    "23045": 1,
    "1286": 4,
    "43737": 1,
    "1519": 2,
    "20657": 4,
    "1515": 3
}}
{"nationalities": {"27726": 2}}
{"numbcold": {"100": 1}}
{"nakedlet": {"20657": 1}}
{"nourriceadieu": {"18143": 1}}
{"neighbours": {
    "1514": 2,
    "100": 28,
    "1523": 1,
    "1522": 1,
    "23044": 1,
    "1508": 1,
    "1519": 3,
    "20657": 2,
    "1539": 1,
    "16966": 2,
    "1515": 1
}}
{"neighbourd": {
    "2265": 1,
    "100": 2,
    "1524": 1,
    "1532": 1,
    "27726": 1,
    "16966": 1
}}
{"nuggets": {"16055": 1}}
{"nommtil": {"18143": 1}}
{"nighttis": {
    "1532": 1,
    "100": 1
}}
{"nightmare": {
    "100": 1,
    "1532": 1,
    "16966": 1,
    "1430": 1
}}
{"nightwandering": {
    "1286": 1,
    "20657": 1
}}
{"nominated": {
    "100": 3,
    "1515": 2
}}
{"notlest": {"27761": 1}}
{"nightshrieke": {"2264": 1}}
{"nourricedans": {"18143": 1}}
{"nauigation": {"2264": 1}}
{"nyghtis": {"43737": 1}}
{"nourisheth": {
    "100": 2,
    "1508": 1
}}
{"newborne": {"2265": 1}}
{"nervous": {"16966": 2}}
{"nyghtes": {"43737": 4}}
{"nytes": {"43737": 3}}
{"nesbit": {"1430": 2}}
{"nightwanderers": {
    "1514": 1,
    "100": 2
}}
{"nyste": {"43737": 1}}
{"newkilled": {"100": 1}}
{"negatives": {
    "100": 1,
    "47960": 2,
    "1526": 1
}}
{"nowthir": {"43737": 1}}
{"nautical": {
    "47960": 1,
    "16966": 1
}}
{"necklace": {
    "16055": 1,
    "1539": 1,
    "100": 1
}}
{"nowther": {"43737": 1}}
{"nourricepierre": {"18143": 3}}
{"nathaniels": {
    "100": 1,
    "1508": 1
}}
{"nieces": {
    "100": 2,
    "1513": 1,
    "47960": 1,
    "1526": 1
}}
{"notched": {"100": 1}}
{"nevererring": {"100": 1}}
{"nellantoine": {"18143": 1}}
{"newcome": {"100": 2}}
{"nightbrawler": {
    "100": 1,
    "1531": 1
}}
{"nuitl": {"18143": 1}}
{"nicknames": {"27726": 1}}
{"nuits": {"18143": 3}}
{"notifies": {
    "16055": 1,
    "23045": 1,
    "1286": 1,
    "43737": 1,
    "23046": 1,
    "1041": 1,
    "27726": 1,
    "20657": 1,
    "1514": 1,
    "1513": 1,
    "1533": 1,
    "1532": 1,
    "23042": 1,
    "1531": 1,
    "1112": 1,
    "23044": 1,
    "1430": 1,
    "27761": 1,
    "1519": 1,
    "1539": 1,
    "1515": 1,
    "18143": 1,
    "47960": 1,
    "2265": 1,
    "2264": 1,
    "100": 1,
    "1524": 1,
    "1523": 1,
    "1522": 1,
    "1508": 1,
    "5429": 1,
    "16966": 1,
    "1526": 1
}}
{"notified": {"47960": 1}}
{"nerve98": {"27761": 1}}
{"numbd": {
    "1532": 1,
    "100": 1
}}
{"numbs": {"100": 1}}
{"numas": {"100": 1}}
{"numen": {"43737": 1}}
{"nonesparing": {"100": 1}}
{"nephewes": {"2265": 2}}
{"newtrimmed": {"100": 1}}
{"neatsleather": {
    "23042": 1,
    "100": 1
}}
{"nearly": {
    "16055": 2,
    "23045": 2,
    "1286": 8,
    "43737": 4,
    "23046": 2,
    "1041": 3,
    "27726": 2,
    "20657": 8,
    "1514": 3,
    "1513": 2,
    "1533": 3,
    "1532": 3,
    "23042": 2,
    "1531": 2,
    "1112": 2,
    "23044": 2,
    "1430": 10,
    "27761": 4,
    "1519": 3,
    "1539": 2,
    "1515": 2,
    "18143": 2,
    "47960": 8,
    "2265": 3,
    "2264": 3,
    "100": 8,
    "1524": 2,
    "1523": 2,
    "1522": 2,
    "1508": 2,
    "5429": 4,
    "16966": 32,
    "1526": 2
}}
{"northamptonshire": {"100": 1}}
{"nourishing": {
    "100": 1,
    "1531": 1
}}
{"noteworthy": {
    "16055": 1,
    "43737": 1,
    "100": 1,
    "27726": 2
}}
{"nightdogs": {
    "100": 1,
    "23044": 1
}}
{"nearer": {
    "1286": 2,
    "43737": 1,
    "20657": 2,
    "100": 22,
    "1524": 2,
    "1523": 2,
    "1522": 1,
    "1533": 1,
    "1531": 1,
    "23044": 2,
    "27761": 2,
    "1430": 3,
    "1539": 1,
    "5429": 4,
    "16966": 13
}}
{"nourri": {"18143": 1}}
{"ncessit": {"18143": 1}}
{"nulle": {"18143": 6}}
{"nearst": {
    "1539": 1,
    "100": 2,
    "1533": 1
}}
{"nightlymeadowfairies": {"23044": 1}}
{"nouerbes": {"23044": 1}}
{"newsad": {"100": 1}}
{"notwithdraw": {"27761": 1}}
{"niceties": {"5429": 1}}
{"nutmeg": {"100": 2}}
{"nugget": {"1430": 1}}
{"neatly": {"100": 1}}
{"nightwatch": {"100": 1}}
{"nousle": {"100": 1}}
{"nowborn": {"100": 1}}
{"newsmongers": {"100": 1}}
{"nations170": {"16966": 1}}
{"norwegian": {"1430": 1}}
{"newconceived": {
    "23045": 1,
    "100": 1
}}
{"nouthe": {"43737": 1}}
{"narrates": {"16966": 1}}
{"narrated": {"16966": 1}}
{"neitherthat": {"100": 1}}
{"novitiate": {"1286": 1}}
{"neverquenching": {"100": 1}}
{"nentendez": {"18143": 1}}
{"noughts": {
    "2264": 1,
    "16966": 1
}}
{"noughte": {"43737": 3}}
{"npargne": {"18143": 1}}
{"nemesis": {
    "100": 1,
    "16966": 1
}}
{"newshath": {"100": 1}}
{"nicholas": {
    "16055": 1,
    "43737": 1,
    "100": 13,
    "1508": 2,
    "27726": 1
}}
{"nourricemadame": {"18143": 3}}
{"nodded": {
    "1286": 1,
    "20657": 1,
    "100": 2
}}
{"noddle": {
    "100": 1,
    "1508": 1
}}
{"nonperformance": {
    "1539": 1,
    "100": 1
}}
{"nouvel": {"18143": 2}}
{"nightshriek": {
    "100": 1,
    "16966": 1,
    "1533": 1
}}
{"newfangled": {
    "100": 3,
    "1523": 1,
    "1041": 1
}}
{"notebook": {
    "100": 3,
    "1522": 1,
    "23044": 1,
    "16966": 1
}}
{"narines": {"100": 1}}
{"newlywedded": {"16966": 1}}
{"noreron": {"43737": 1}}
{"nimble": {
    "47960": 1,
    "43737": 1,
    "23046": 1,
    "1041": 2,
    "27726": 2,
    "1514": 1,
    "100": 25,
    "1513": 1,
    "1523": 2,
    "1532": 2,
    "23042": 3,
    "1112": 2,
    "1539": 1
}}
{"nimbly": {
    "43737": 1,
    "100": 5,
    "2264": 1,
    "1533": 1,
    "16966": 1
}}
{"norerne": {"43737": 1}}
{"noticing": {
    "16966": 3,
    "1430": 2
}}
{"nexiste": {"18143": 2}}
{"nobleborn": {"27726": 1}}
{"nurse": {
    "47960": 166,
    "23045": 2,
    "1286": 9,
    "23046": 1,
    "1041": 1,
    "27726": 2,
    "20657": 9,
    "100": 212,
    "1513": 146,
    "1523": 1,
    "1532": 1,
    "1112": 64,
    "23044": 5,
    "1430": 7,
    "1508": 1,
    "1519": 2,
    "1539": 2,
    "5429": 1
}}
{"nursd": {
    "100": 2,
    "1513": 2,
    "5429": 1,
    "47960": 2
}}
{"nurst": {
    "1112": 2,
    "47960": 1
}}
{"neeces": {"1112": 1}}
{"nourricequoi": {"18143": 1}}
{"nourricedoux": {"18143": 1}}
{"newdelivered": {"100": 2}}
{"needer": {"100": 1}}
{"needes": {
    "2265": 1,
    "2264": 2
}}
{"needed": {
    "100": 3,
    "1533": 1,
    "1532": 1,
    "47960": 2,
    "1430": 1,
    "1286": 2,
    "2264": 1,
    "1508": 1,
    "27726": 1,
    "20657": 2,
    "5429": 1,
    "16966": 2
}}
{"noontide": {
    "43737": 2,
    "1514": 1,
    "100": 5,
    "23042": 1,
    "47960": 2
}}
{"needst": {
    "100": 6,
    "1513": 1,
    "1041": 1,
    "1112": 1,
    "47960": 1
}}
{"needie": {"1112": 2}}
{"notedly": {
    "23045": 1,
    "100": 1
}}
{"needly": {
    "100": 1,
    "1513": 1,
    "1112": 1,
    "47960": 4
}}
{"needle": {
    "100": 9,
    "1531": 1,
    "1430": 1,
    "1286": 1,
    "43737": 1,
    "1508": 2,
    "20657": 1
}}
{"notions": {"16966": 2}}
{"novices": {
    "100": 2,
    "1508": 1
}}
{"nhabiterez": {"18143": 1}}
{"noughtrespecting": {"47960": 1}}
{"newness": {
    "23045": 1,
    "100": 3
}}
{"nyghtrest": {"43737": 1}}
{"nightwork": {"100": 3}}
{"nicolas": {"16055": 2}}
{"nibbler": {"100": 1}}
{"nuisance": {"16966": 1}}
{"newburnd": {"100": 1}}
{"neglected": {
    "16055": 1,
    "47960": 1,
    "23045": 1,
    "1286": 5,
    "2265": 2,
    "1041": 1,
    "27726": 1,
    "20657": 7,
    "100": 17,
    "1524": 2,
    "1523": 1,
    "1531": 1,
    "27761": 2,
    "1430": 1,
    "5429": 3,
    "16966": 3
}}
{"negotiations": {"100": 1}}
{"neglects": {
    "5429": 2,
    "16966": 1
}}
{"neglecting": {
    "100": 3,
    "1513": 1,
    "23042": 1,
    "1531": 1,
    "1112": 1,
    "47960": 2,
    "1286": 2,
    "20657": 2,
    "5429": 1
}}
{"neglection": {
    "27726": 1,
    "100": 3
}}
{"nonsensical": {"16966": 1}}
{"nahtlic": {"43737": 1}}
{"norways": {
    "100": 1,
    "1533": 1
}}
{"nashes": {"23045": 1}}
{"nosegay": {"100": 1}}
{"necessitated": {"16966": 1}}
{"nobleminded": {"100": 2}}
{"nightwaking": {"100": 1}}
{"neroes": {"100": 1}}
{"newtransformed": {"100": 1}}
{"nightraven": {
    "100": 1,
    "1519": 1
}}
{"neercloying": {
    "100": 1,
    "1041": 1
}}
{"neapolitan": {
    "100": 5,
    "1508": 1,
    "23042": 1,
    "1515": 1
}}
{"neglectst": {
    "23042": 1,
    "100": 1
}}
{"nourrissent": {"18143": 1}}
{"notpated": {"100": 1}}
{"nimbleness": {
    "100": 1,
    "1522": 1,
    "16966": 1
}}
{"newtrall": {"2265": 1}}
{"nawhere": {"43737": 3}}
{"napoleon": {"16966": 1}}
{"ndian": {"43737": 1}}
{"nightscenes": {"16966": 1}}
{"nolens": {"27761": 1}}
{"needles": {
    "1286": 1,
    "1514": 1,
    "100": 4,
    "20657": 1
}}
{"northafrican": {"16966": 1}}
{"needleworks": {
    "1286": 1,
    "20657": 1
}}
{"navezvous": {
    "100": 1,
    "18143": 2
}}
{"notprithee": {"100": 1}}
{"negligent": {
    "100": 7,
    "1539": 2,
    "5429": 1,
    "16966": 3
}}
{"nowmber": {"43737": 2}}
{"narrate": {
    "1286": 1,
    "20657": 1
}}
{"nmean": {"27761": 2}}
{"naissante": {"18143": 1}}
{"notredame": {"18143": 2}}
{"nineteenthcentury": {"27726": 1}}
{"naissance": {"18143": 4}}
{"nourriture": {"18143": 2}}
{"nouait": {"18143": 1}}
{"nonsuits": {
    "100": 1,
    "1531": 1
}}
{"nerues": {"2264": 1}}
{"necessitys": {
    "1532": 1,
    "100": 1
}}
{"newsprung": {"100": 1}}
{"noceestce": {"18143": 1}}
{"nourricetybalt": {"18143": 1}}
{"nouveau": {"18143": 7}}
{"nerves": {
    "23045": 1,
    "100": 8,
    "1041": 1,
    "1533": 1,
    "23042": 1,
    "16966": 4
}}
{"nerved": {"1430": 1}}
{"nervii": {
    "100": 1,
    "1522": 1
}}
{"newdevised": {"100": 1}}
{"newfangledness": {"43737": 1}}
{"nourricevraiment": {"18143": 2}}
{"necessitie": {"2265": 1}}
{"neadig": {"43737": 1}}
{"network": {
    "16055": 1,
    "23045": 1,
    "1286": 1,
    "43737": 1,
    "23046": 1,
    "1041": 1,
    "27726": 1,
    "20657": 1,
    "1514": 1,
    "1513": 1,
    "1533": 1,
    "1532": 1,
    "23042": 1,
    "1531": 1,
    "1112": 1,
    "23044": 1,
    "1430": 1,
    "27761": 1,
    "1519": 1,
    "1539": 1,
    "1515": 1,
    "18143": 1,
    "47960": 1,
    "2265": 1,
    "2264": 1,
    "100": 1,
    "1524": 1,
    "1523": 1,
    "1522": 1,
    "1508": 1,
    "5429": 1,
    "16966": 1,
    "1526": 1
}}
{"napprochera": {"18143": 1}}
{"naughtily": {"100": 1}}
{"noticed": {
    "16055": 2,
    "23042": 1,
    "47960": 2,
    "1430": 4,
    "1286": 1,
    "20657": 1,
    "16966": 27
}}
{"notices": {
    "18143": 1,
    "16966": 3
}}
{"nouvellement": {"18143": 2}}
{"newest": {
    "100": 5,
    "2264": 3,
    "1533": 3,
    "23042": 1,
    "16966": 1
}}
{"negative": {
    "43737": 1,
    "100": 1,
    "1539": 1,
    "47960": 1,
    "16966": 7
}}
{"norriss": {"43737": 1}}
{"neighboured": {"100": 1}}
{"neerer": {
    "2265": 3,
    "2264": 1
}}
{"nowwhats": {
    "100": 1,
    "1531": 1
}}
{"negation": {
    "100": 1,
    "47960": 1
}}
{"neeryetbeaten": {"100": 1}}
{"nourricedieu": {"18143": 1}}
{"noonnoyne": {"43737": 1}}
{"nightfall": {"16966": 1}}
{"neerst": {"2264": 1}}
{"neighbourly": {
    "100": 2,
    "1523": 1,
    "1515": 1
}}
{"notetaking": {"47960": 1}}
{"november": {
    "47960": 1,
    "27726": 1,
    "1514": 1,
    "1513": 1,
    "1524": 2,
    "1523": 1,
    "1522": 2,
    "1533": 1,
    "1532": 1,
    "1531": 1,
    "1112": 2,
    "23044": 1,
    "1519": 1,
    "1539": 1,
    "16966": 1,
    "1515": 1,
    "1526": 1
}}
{"naturenot": {"100": 1}}
{"nameout": {
    "100": 1,
    "23044": 1
}}
{"needfull": {
    "2265": 2,
    "1112": 1
}}
{"notedo": {"100": 1}}
{"nevero": {
    "1532": 1,
    "100": 1
}}
{"nevers": {"100": 1}}
{"noneyou": {"20657": 1}}
{"noblesse": {
    "43737": 3,
    "100": 1,
    "18143": 1
}}
{"naturelle": {"18143": 1}}
{"narrow": {
    "18143": 1,
    "47960": 2,
    "43737": 2,
    "2265": 1,
    "23046": 1,
    "27726": 2,
    "100": 18,
    "1513": 1,
    "1524": 1,
    "1522": 2,
    "1112": 1,
    "1430": 1,
    "5429": 3,
    "16966": 4,
    "1515": 2
}}
{"nonpareill": {"2264": 1}}
{"newhatched": {"1430": 1}}
{"nourricenon": {"18143": 1}}
{"notest": {
    "100": 1,
    "1522": 1
}}
{"noteth": {"100": 1}}
{"nuestra": {"16055": 1}}
{"notpeople": {"27726": 1}}
{"nemnan": {"43737": 2}}
{"nourriceoui": {"18143": 4}}
{"newdyed": {
    "23042": 1,
    "100": 1
}}
{"nursewhen": {"47960": 1}}
{"nourricetezvous": {"18143": 1}}
{"nursewhat": {
    "100": 1,
    "1513": 1,
    "47960": 1
}}
{"namesamaimon": {"23044": 1}}
{"nothis": {"47960": 1}}
{"nearing": {"16966": 1}}
{"needing": {
    "100": 2,
    "1041": 1
}}
{"nices": {"18143": 1}}
{"nicer": {"100": 1}}
{"notgod": {"100": 1}}
{"nicht": {"27726": 1}}
{"niche": {"27726": 1}}
{"nicks": {
    "100": 1,
    "23046": 1
}}
{"nowhich": {
    "1514": 1,
    "100": 1
}}
{"nourriceoh": {"18143": 3}}
{"nizhnitagilsk": {"16055": 1}}
{"nourricesi": {"18143": 1}}
{"nourriceils": {"18143": 1}}
{"notice": {
    "16055": 5,
    "23045": 7,
    "1286": 9,
    "43737": 5,
    "23046": 3,
    "1041": 3,
    "27726": 3,
    "20657": 9,
    "1514": 3,
    "1513": 4,
    "1533": 3,
    "1532": 5,
    "23042": 3,
    "1531": 4,
    "1112": 4,
    "23044": 3,
    "1430": 4,
    "27761": 3,
    "1519": 3,
    "1539": 3,
    "1515": 3,
    "18143": 4,
    "47960": 5,
    "2265": 3,
    "2264": 3,
    "100": 35,
    "1524": 3,
    "1523": 4,
    "1522": 4,
    "1508": 3,
    "5429": 10,
    "16966": 24,
    "1526": 3
}}
{"nourriceun": {"18143": 1}}
{"notify": {
    "100": 2,
    "1531": 1,
    "23044": 1
}}
{"northampton": {"100": 9}}
{"nourriceah": {"18143": 5}}
{"nothingwith": {"100": 1}}
{"nothow": {
    "1539": 1,
    "100": 1
}}
{"nourricece": {"18143": 1}}
{"nourriceen": {"18143": 1}}
{"nourriceet": {"18143": 2}}
{"nourricedu": {"18143": 1}}
{"nourriceeh": {"18143": 2}}
{"nourriceje": {"18143": 5}}
{"nourriceil": {"18143": 2}}
{"nourricejy": {"18143": 1}}
{"nourricema": {"18143": 3}}
{"needful": {
    "100": 33,
    "1524": 2,
    "1513": 1,
    "1533": 1,
    "1532": 2,
    "1531": 1,
    "47960": 3,
    "23045": 5,
    "1519": 1,
    "27726": 1,
    "1539": 2
}}
{"neverfinished": {"16966": 1}}
{"nervousness": {"16966": 1}}
{"noting": {
    "16055": 1,
    "100": 4,
    "1513": 1,
    "1112": 1,
    "47960": 1,
    "1519": 2,
    "16966": 2
}}
{"nourricejai": {"18143": 1}}
{"notion": {
    "100": 3,
    "1533": 1,
    "1532": 1,
    "47960": 3,
    "23045": 1,
    "1286": 1,
    "43737": 1,
    "2264": 1,
    "27726": 1,
    "20657": 1,
    "5429": 2,
    "16966": 19
}}
{"nicanor": {"100": 2}}
{"needeth": {"100": 1}}
{"nearest": {
    "16055": 1,
    "100": 14,
    "1533": 2,
    "47960": 1,
    "1286": 5,
    "43737": 1,
    "2264": 1,
    "20657": 5,
    "1539": 2,
    "16966": 6,
    "1515": 2
}}
{"notemuges": {"43737": 1}}
{"niece": {
    "100": 63,
    "1513": 1,
    "1523": 3,
    "1531": 1,
    "47960": 1,
    "1430": 1,
    "1286": 8,
    "1519": 14,
    "20657": 8,
    "1526": 17
}}
{"neglected16": {"16966": 1}}
{"noseherbs": {"100": 1}}
{"norysscht": {"43737": 1}}
{"nusera": {"18143": 1}}
{"noblemen": {
    "1286": 1,
    "100": 7,
    "20657": 1,
    "1430": 2
}}
{"neerchanging": {"100": 1}}
{"nobleman": {
    "100": 25,
    "1513": 2,
    "1533": 6,
    "47960": 2,
    "23045": 1,
    "1286": 1,
    "27726": 1,
    "20657": 1,
    "1539": 1
}}
{"nowhere": {
    "100": 4,
    "1524": 1,
    "1523": 1,
    "47960": 9,
    "27761": 1,
    "23044": 1,
    "1430": 1,
    "43737": 2,
    "16966": 11
}}
{"nietzsche": {"27726": 1}}
{"nihil": {"100": 1}}
{"night": {
    "16055": 9,
    "23045": 16,
    "1286": 88,
    "43737": 14,
    "23046": 5,
    "1041": 22,
    "27726": 5,
    "20657": 90,
    "1514": 43,
    "1513": 68,
    "1533": 23,
    "1532": 29,
    "23042": 8,
    "1531": 31,
    "1112": 73,
    "23044": 17,
    "1430": 36,
    "27761": 36,
    "1519": 21,
    "1539": 4,
    "1515": 22,
    "18143": 1,
    "47960": 98,
    "2265": 38,
    "2264": 29,
    "100": 717,
    "1524": 35,
    "1523": 4,
    "1522": 29,
    "1508": 8,
    "16966": 58,
    "1526": 17
}}
{"nigon": {"43737": 1}}
{"nobodies": {"100": 1}}
{"newcreate": {
    "100": 1,
    "1531": 1
}}
{"niges": {"43737": 1}}
{"neighs": {"100": 5}}
{"neighe": {"43737": 2}}
{"noiselessly": {"1430": 1}}
{"noonday": {
    "1286": 2,
    "100": 1,
    "1522": 1,
    "20657": 2
}}
{"naturalis": {"16055": 1}}
{"naturally": {
    "16055": 1,
    "47960": 6,
    "1286": 3,
    "43737": 3,
    "23046": 1,
    "27726": 7,
    "20657": 3,
    "100": 4,
    "27761": 1,
    "1508": 1,
    "1539": 1,
    "5429": 6,
    "16966": 47
}}
{"normandy": {
    "2265": 1,
    "100": 7,
    "1524": 1,
    "27761": 1
}}
{"newadded": {
    "100": 1,
    "1522": 1
}}
{"nawiht": {"43737": 2}}
{"neatstill": {
    "1539": 1,
    "100": 1
}}
{"nightbrawl": {"16966": 1}}
{"newcrowned": {
    "100": 1,
    "1515": 1
}}
{"neglect": {
    "47960": 1,
    "23045": 1,
    "1286": 9,
    "43737": 3,
    "2265": 1,
    "1041": 2,
    "20657": 9,
    "1514": 1,
    "100": 24,
    "1524": 1,
    "1523": 2,
    "1522": 1,
    "1532": 3,
    "27761": 1,
    "1539": 1,
    "5429": 3,
    "16966": 3
}}
{"nipping": {
    "100": 2,
    "1524": 1,
    "27761": 1,
    "1286": 1,
    "2265": 1,
    "23046": 1,
    "20657": 1
}}
{"noghte": {"43737": 3}}
{"nowhare": {"43737": 3}}
{"nourricetenez": {"18143": 1}}
{"ncessairement": {"18143": 2}}
{"nameles": {"43737": 1}}
{"nilly": {"43737": 1}}
{"neville": {"100": 1}}
{"nocturnes": {"18143": 1}}
{"newbuilt": {
    "1286": 1,
    "100": 1,
    "1508": 1,
    "20657": 1
}}
{"newlymade": {"1430": 1}}
{"nimpute": {"18143": 1}}
{"nourricevoil": {"18143": 1}}
{"newapparelled": {"23046": 1}}
{"nourricevous": {"18143": 1}}
{"najera": {"16055": 1}}
{"nicholson": {"23046": 1}}
{"neatstongue": {"100": 1}}
{"newyeares": {"23044": 1}}
{"nebuchadnezzar": {
    "100": 1,
    "16966": 1
}}
{"normally": {"16966": 3}}
{"nade": {"43737": 1}}
{"nach": {"23045": 1}}
{"naht": {"43737": 1}}
{"ninus": {
    "1514": 2,
    "100": 2
}}
{"nagl": {"43737": 1}}
{"nags": {"100": 1}}
{"nafs": {"18143": 1}}
{"ninth": {
    "100": 7,
    "1522": 1
}}
{"nail": {
    "100": 12,
    "23042": 1,
    "47960": 2,
    "43737": 2,
    "23046": 1,
    "1508": 1,
    "27726": 1,
    "1539": 1
}}
{"nait": {"18143": 1}}
{"nais": {"18143": 1}}
{"nale": {"43737": 3}}
{"nane": {"43737": 2}}
{"nama": {"43737": 3}}
{"name": {
    "16055": 8,
    "23045": 22,
    "1286": 86,
    "43737": 40,
    "23046": 21,
    "1041": 18,
    "27726": 11,
    "20657": 85,
    "1514": 15,
    "1513": 25,
    "1533": 15,
    "1532": 15,
    "23042": 9,
    "1531": 12,
    "1112": 21,
    "23044": 45,
    "1430": 34,
    "27761": 13,
    "1519": 22,
    "1539": 16,
    "1515": 9,
    "18143": 1,
    "47960": 55,
    "2265": 11,
    "2264": 16,
    "100": 698,
    "1524": 12,
    "1523": 13,
    "1522": 16,
    "1508": 26,
    "5429": 11,
    "16966": 34,
    "1526": 16
}}
{"namd": {
    "100": 10,
    "1513": 1,
    "1533": 2,
    "1532": 2,
    "1112": 1,
    "47960": 1,
    "2264": 2,
    "1508": 1,
    "1519": 1,
    "1526": 1
}}
{"naps": {
    "100": 1,
    "1508": 1
}}
{"neare": {"1112": 2}}
{"neara": {"43737": 1}}
{"nare": {"43737": 2}}
{"nourriceavezvous": {"18143": 1}}
{"nearu": {"43737": 1}}
{"nears": {
    "1532": 1,
    "100": 1,
    "16966": 3
}}
{"nase": {"23044": 1}}
{"nearo": {
    "1532": 1,
    "100": 1
}}
{"nash": {"47960": 2}}
{"naso": {"100": 2}}
{"navy": {
    "16055": 1,
    "43737": 1,
    "100": 9
}}
{"nave": {
    "100": 3,
    "1524": 1,
    "1533": 1,
    "16966": 4
}}
{"nauy": {"43737": 2}}
{"naue": {
    "2265": 1,
    "2264": 1
}}
{"neats": {
    "100": 3,
    "1522": 1,
    "1508": 1,
    "1430": 1,
    "1515": 1
}}
{"naye": {"43737": 1}}
{"nimph": {"2265": 1}}
{"nihtld": {"43737": 1}}
{"noblest": {
    "47960": 1,
    "1286": 1,
    "43737": 1,
    "2265": 1,
    "27726": 2,
    "20657": 1,
    "100": 18,
    "1524": 1,
    "1523": 1,
    "1522": 3,
    "23042": 1,
    "27761": 1,
    "1430": 1,
    "5429": 1,
    "16966": 5,
    "1526": 1
}}
{"nilus": {
    "100": 6,
    "16966": 1
}}
{"nightrule": {
    "1514": 1,
    "100": 1
}}
{"nourricebon": {"18143": 1}}
{"nutshell": {
    "2265": 1,
    "100": 2,
    "1524": 1,
    "23042": 1,
    "16966": 1
}}
{"natural": {
    "16055": 2,
    "47960": 19,
    "23045": 3,
    "1286": 11,
    "43737": 5,
    "23046": 1,
    "27726": 21,
    "20657": 11,
    "1514": 1,
    "100": 60,
    "1513": 2,
    "1524": 5,
    "1523": 6,
    "1522": 1,
    "1533": 2,
    "1532": 2,
    "23042": 4,
    "1531": 1,
    "1430": 2,
    "27761": 5,
    "1539": 2,
    "5429": 13,
    "16966": 51,
    "1526": 3
}}
{"nothingness": {"16966": 4}}
{"nihtes": {"43737": 3}}
{"nobleie": {"43737": 2}}
{"niman": {"43737": 1}}
{"natures": {
    "23045": 2,
    "1286": 3,
    "1041": 6,
    "20657": 3,
    "1514": 1,
    "1513": 2,
    "1533": 6,
    "1532": 4,
    "23042": 1,
    "1531": 6,
    "1112": 2,
    "1430": 2,
    "27761": 1,
    "1519": 1,
    "1539": 2,
    "1515": 1,
    "47960": 3,
    "2265": 2,
    "2264": 6,
    "100": 72,
    "1524": 3,
    "1523": 5,
    "1522": 1,
    "16966": 10,
    "1526": 1
}}
{"naturel": {"18143": 1}}
{"nicely": {
    "100": 8,
    "1532": 2,
    "5429": 2,
    "27761": 1,
    "1526": 1
}}
{"nonce49": {"27761": 1}}
{"nedan": {"43737": 1}}
{"neighbor": {"2265": 1}}
{"nowwill": {"100": 1}}
{"nedes": {"43737": 2}}
{"nedid": {"43737": 1}}
{"nedig": {"43737": 1}}
{"newbegot": {"100": 1}}
{"nedle": {
    "43737": 1,
    "47960": 1
}}
{"nicety": {
    "23045": 1,
    "100": 1,
    "5429": 2,
    "27761": 1
}}
{"newmarried": {
    "23045": 1,
    "1286": 2,
    "100": 3,
    "20657": 1,
    "47960": 1
}}
{"nowwhat": {
    "100": 2,
    "1533": 1
}}
{"nourisher": {
    "100": 1,
    "2264": 1,
    "1533": 1,
    "1430": 1
}}
{"nourishes": {
    "1286": 1,
    "20657": 1,
    "100": 1
}}
{"neverdaunted": {"100": 1}}
{"necks": {
    "100": 12,
    "1523": 1,
    "1533": 1
}}
{"necke": {
    "2265": 2,
    "1112": 2
}}
{"niowe": {"43737": 1}}
{"nourished": {
    "43737": 1,
    "100": 8,
    "1515": 1
}}
{"natureof": {"16966": 1}}
{"naturels": {"18143": 1}}
{"nimblefooted": {"100": 2}}
{"nosegays": {
    "1514": 1,
    "1539": 1,
    "100": 2
}}
{"niobe": {
    "2265": 1,
    "100": 1,
    "1524": 1,
    "27761": 1,
    "16966": 2
}}
{"natureso": {"100": 1}}
{"natureto": {"16966": 1}}
{"neat": {
    "1286": 2,
    "100": 10,
    "1508": 1,
    "1532": 1,
    "20657": 2,
    "1539": 2
}}
{"neas": {
    "100": 3,
    "47960": 1,
    "27761": 1
}}
{"near": {
    "16055": 1,
    "23045": 9,
    "1286": 36,
    "43737": 8,
    "23046": 3,
    "1041": 5,
    "27726": 6,
    "20657": 36,
    "1514": 13,
    "1513": 7,
    "1533": 12,
    "1532": 13,
    "23042": 4,
    "1531": 5,
    "23044": 6,
    "1430": 14,
    "27761": 6,
    "1519": 7,
    "1539": 8,
    "1515": 6,
    "47960": 14,
    "100": 343,
    "1524": 10,
    "1523": 8,
    "1522": 11,
    "1508": 4,
    "5429": 2,
    "16966": 21,
    "1526": 6
}}
{"neah": {"43737": 1}}
{"neaf": {
    "1514": 1,
    "100": 2
}}
{"nefas": {"100": 1}}
{"nestors": {"100": 1}}
{"nede": {
    "43737": 3,
    "47960": 1
}}
{"nedl": {"43737": 1}}
{"nourisht": {"1112": 1}}
{"neck": {
    "16055": 2,
    "23045": 1,
    "1286": 11,
    "43737": 4,
    "23046": 3,
    "1041": 1,
    "20657": 11,
    "1514": 1,
    "1513": 2,
    "1532": 3,
    "23042": 1,
    "1531": 2,
    "1430": 5,
    "27761": 1,
    "1519": 2,
    "1539": 3,
    "1515": 1,
    "18143": 1,
    "47960": 2,
    "2265": 1,
    "100": 80,
    "1524": 3,
    "1523": 5,
    "1522": 2,
    "1508": 3,
    "16966": 3,
    "1526": 2
}}
{"nourishd": {
    "100": 1,
    "1513": 1,
    "1041": 1,
    "47960": 1
}}
{"neer": {
    "16055": 3,
    "23045": 7,
    "23046": 8,
    "1041": 3,
    "27726": 1,
    "1514": 1,
    "1513": 10,
    "1533": 3,
    "1532": 5,
    "23042": 4,
    "1531": 10,
    "23044": 5,
    "1430": 1,
    "27761": 4,
    "1519": 2,
    "1539": 5,
    "1515": 5,
    "47960": 16,
    "100": 254,
    "1524": 3,
    "1523": 3,
    "1522": 3,
    "1508": 7,
    "16966": 6,
    "1526": 2
}}
{"need": {
    "16055": 2,
    "23045": 6,
    "1286": 12,
    "43737": 10,
    "23046": 3,
    "1041": 6,
    "27726": 5,
    "20657": 12,
    "1514": 2,
    "1513": 11,
    "1533": 4,
    "1532": 12,
    "23042": 3,
    "1531": 1,
    "1112": 10,
    "23044": 6,
    "1430": 6,
    "27761": 4,
    "1519": 4,
    "1539": 12,
    "1515": 4,
    "18143": 1,
    "47960": 16,
    "2265": 2,
    "2264": 5,
    "100": 190,
    "1524": 5,
    "1523": 2,
    "1522": 6,
    "1508": 5,
    "5429": 4,
    "16966": 34,
    "1526": 3
}}
{"neuter": {"100": 1}}
{"nedy": {
    "43737": 2,
    "47960": 2
}}
{"nviterons": {"18143": 1}}
{"nedars": {
    "1514": 2,
    "100": 2
}}
{"negh": {"43737": 2}}
{"nightowls": {"100": 2}}
{"neir": {"43737": 2}}
{"neid": {"43737": 2}}
{"nell": {
    "100": 15,
    "23046": 1,
    "1513": 1,
    "27726": 1,
    "1112": 1
}}
{"newyears": {"23044": 1}}
{"nelt": {"43737": 1}}
{"nightingale": {
    "1514": 1,
    "100": 11,
    "1513": 3,
    "1532": 1,
    "1112": 3,
    "47960": 8,
    "1286": 2,
    "1508": 1,
    "20657": 2,
    "1515": 1
}}
{"nefna": {"43737": 1}}
{"nero": {
    "100": 4,
    "1524": 1,
    "1532": 1,
    "27761": 1,
    "2265": 1,
    "27726": 1,
    "16966": 2
}}
{"nere": {
    "1112": 9,
    "47960": 1,
    "23044": 3,
    "43737": 9,
    "2265": 2,
    "2264": 2,
    "16966": 1
}}
{"nirai": {"18143": 1}}
{"nets": {
    "100": 3,
    "1513": 1,
    "1112": 1,
    "47960": 1
}}
{"ness": {"43737": 1}}
{"nest": {
    "18143": 55,
    "47960": 2,
    "43737": 4,
    "23046": 1,
    "2264": 1,
    "100": 28,
    "1513": 2,
    "1523": 1,
    "1533": 1,
    "23042": 1,
    "1112": 2,
    "1519": 2,
    "1539": 2
}}
{"neere": {
    "2265": 9,
    "2264": 6,
    "1112": 5
}}
{"neve": {"18143": 1}}
{"neut": {"43737": 17}}
{"neur": {"2264": 1}}
{"neuf": {"18143": 4}}
{"next": {
    "16055": 1,
    "23045": 5,
    "1286": 24,
    "43737": 79,
    "23046": 3,
    "1041": 2,
    "27726": 3,
    "20657": 24,
    "1514": 8,
    "1513": 7,
    "1533": 1,
    "1532": 2,
    "23042": 6,
    "1531": 7,
    "1112": 7,
    "23044": 6,
    "1430": 20,
    "27761": 1,
    "1519": 4,
    "1539": 7,
    "1515": 5,
    "47960": 23,
    "2265": 4,
    "2264": 1,
    "100": 183,
    "1524": 5,
    "1523": 1,
    "1522": 2,
    "1508": 3,
    "5429": 4,
    "16966": 52,
    "1526": 1
}}
{"news": {
    "23045": 11,
    "1286": 22,
    "43737": 3,
    "1041": 1,
    "27726": 4,
    "20657": 22,
    "1514": 2,
    "1513": 15,
    "1533": 4,
    "1532": 8,
    "23042": 2,
    "1531": 9,
    "23044": 3,
    "1430": 11,
    "27761": 7,
    "1519": 5,
    "1539": 5,
    "1515": 14,
    "47960": 26,
    "100": 325,
    "1524": 10,
    "1523": 5,
    "1522": 4,
    "1508": 12,
    "16966": 13,
    "1526": 1
}}
{"newt": {
    "1286": 1,
    "100": 2,
    "2264": 1,
    "1533": 1,
    "20657": 1
}}
{"newe": {"43737": 6}}
{"neeze": {
    "1514": 1,
    "100": 1
}}
{"neyd": {"43737": 3}}
{"nfde": {"43737": 1}}
{"negroes": {"16966": 1}}
{"neece": {"1112": 2}}
{"nature92": {"27761": 1}}
{"navoir": {"18143": 3}}
{"needy": {
    "100": 7,
    "1513": 3,
    "1112": 1,
    "47960": 6,
    "1286": 1,
    "43737": 2,
    "23046": 1,
    "1041": 1,
    "20657": 1,
    "5429": 1
}}
{"needs": {
    "23045": 5,
    "1286": 4,
    "43737": 2,
    "23046": 2,
    "1041": 5,
    "27726": 2,
    "20657": 4,
    "1514": 3,
    "1513": 4,
    "1533": 3,
    "1532": 6,
    "23042": 4,
    "1531": 6,
    "1112": 4,
    "23044": 5,
    "1430": 3,
    "27761": 3,
    "1519": 1,
    "1539": 3,
    "1515": 4,
    "47960": 7,
    "2265": 6,
    "2264": 1,
    "100": 159,
    "1524": 7,
    "1523": 2,
    "1522": 1,
    "1508": 1,
    "16966": 6,
    "1526": 4
}}
{"neede": {
    "2265": 3,
    "23046": 1,
    "1112": 1,
    "47960": 1
}}
{"narbon": {
    "1286": 4,
    "20657": 4,
    "100": 3
}}
{"nique": {"47960": 2}}
{"neele": {"100": 1}}
{"nfre": {"43737": 1}}
{"noster": {"100": 1}}
{"numbring": {"100": 2}}
{"norbery": {"100": 1}}
{"nedto": {"100": 1}}
{"navons": {"18143": 1}}
{"nature10": {"16966": 1}}
{"nostra": {
    "100": 1,
    "1508": 1
}}
{"nowwell": {
    "100": 1,
    "1519": 1
}}
{"ngel": {"43737": 1}}
{"nourriceallons": {"18143": 1}}
{"notoriously": {
    "100": 2,
    "1526": 2
}}
{"nipple": {
    "100": 2,
    "1513": 1,
    "1533": 1,
    "1112": 1,
    "47960": 1,
    "2264": 1,
    "16966": 2
}}
{"naturellement": {"18143": 1}}
{"nipped": {"100": 1}}
{"nisse": {"43737": 1}}
{"nourricevoyez": {"18143": 1}}
{"newlyconceived": {"20657": 1}}
{"negro": {
    "27726": 2,
    "16966": 12
}}
{"nuncle": {
    "1532": 17,
    "100": 17
}}
{"nicked": {"100": 1}}
{"nick": {
    "1514": 2,
    "100": 9
}}
{"nice": {
    "18143": 1,
    "47960": 9,
    "1286": 3,
    "2264": 1,
    "20657": 3,
    "100": 32,
    "1513": 2,
    "1523": 1,
    "1522": 1,
    "1533": 1,
    "1531": 1,
    "1112": 2,
    "23044": 1,
    "27761": 1,
    "1508": 1,
    "1519": 1,
    "5429": 3,
    "1515": 1
}}
{"nier": {"18143": 2}}
{"neptalym": {"43737": 1}}
{"noiseless": {
    "1532": 1,
    "100": 2
}}
{"nigh": {
    "1514": 2,
    "100": 19,
    "1523": 1,
    "1533": 1,
    "23042": 1,
    "1531": 1,
    "1286": 2,
    "43737": 1,
    "23046": 1,
    "20657": 2,
    "1539": 1
}}
{"naturall": {
    "2265": 5,
    "2264": 2,
    "1112": 2
}}
{"nailed": {
    "43737": 1,
    "100": 1
}}
{"niht": {"43737": 4}}
{"nile": {
    "100": 6,
    "1430": 1
}}
{"nill": {
    "2265": 1,
    "100": 4,
    "1524": 1,
    "1508": 1,
    "27761": 3
}}
{"nailes": {"23044": 1}}
{"nine": {
    "47960": 13,
    "23045": 4,
    "43737": 2,
    "2265": 2,
    "2264": 4,
    "1041": 1,
    "27726": 1,
    "100": 58,
    "1513": 5,
    "1524": 3,
    "1523": 2,
    "1533": 4,
    "1532": 1,
    "1531": 4,
    "1112": 5,
    "23044": 6,
    "27761": 2,
    "1430": 2,
    "1519": 1,
    "1539": 3,
    "16966": 5,
    "1515": 2,
    "1526": 1
}}
{"norfolk": {"100": 132}}
{"nuptial": {
    "18143": 4,
    "47960": 3,
    "23045": 2,
    "1286": 3,
    "20657": 3,
    "1514": 5,
    "100": 21,
    "1513": 1,
    "1523": 1,
    "1532": 1,
    "23042": 2,
    "1531": 1,
    "1519": 1,
    "1539": 2,
    "1515": 1
}}
{"nips": {
    "23045": 1,
    "100": 3
}}
{"neighbourstained": {
    "100": 1,
    "1513": 1,
    "47960": 3
}}
{"nist": {"43737": 3}}
{"nullity": {"100": 2}}
{"newenkindled": {"100": 1}}
{"nedeth": {"43737": 4}}
{"northumberland": {
    "100": 161,
    "2264": 1,
    "1533": 2,
    "47960": 1,
    "16966": 1
}}
{"nominativo": {
    "100": 2,
    "23044": 2
}}
{"nominative": {"23042": 1}}
{"naille": {"43737": 1}}
{"nomination": {
    "100": 3,
    "1524": 1,
    "27761": 2
}}
{"necessarie": {"23044": 1}}
{"nettles": {
    "100": 7,
    "1524": 1,
    "1532": 1,
    "1531": 1,
    "27761": 1,
    "1430": 1,
    "1286": 2,
    "2265": 1,
    "20657": 2,
    "1539": 1
}}
{"nettled": {"100": 2}}
{"nyghtnight": {"43737": 1}}
{"neier": {"43737": 2}}
{"neige": {"18143": 2}}
{"neigh": {
    "1514": 1,
    "100": 8,
    "1041": 1,
    "1522": 1,
    "1531": 1
}}
{"nuncios": {
    "100": 1,
    "1526": 1
}}
{"narrative": {
    "1286": 2,
    "27726": 1,
    "20657": 2,
    "5429": 3,
    "47960": 1,
    "16966": 8
}}
{"nestorlike": {"100": 1}}
{"neverending": {
    "100": 1,
    "47960": 1
}}
{"newfird": {
    "100": 1,
    "1522": 1
}}
{"nlde": {"43737": 1}}
{"nurseo": {
    "100": 1,
    "1513": 1,
    "47960": 1
}}
{"nurses": {
    "100": 7,
    "1523": 1,
    "27726": 2,
    "1539": 1,
    "47960": 5
}}
{"nurser": {"100": 1}}
{"notarys": {
    "100": 1,
    "1515": 1
}}
{"nursed": {
    "23045": 2,
    "1286": 2,
    "100": 5,
    "1041": 1,
    "20657": 2
}}
{"nursea": {"47960": 1}}
{"nourricepardessus": {"18143": 1}}
{"nursha": {
    "100": 1,
    "23044": 1
}}
{"nursis": {"18143": 1}}
{"noisemaker": {
    "27726": 1,
    "23042": 1,
    "100": 1
}}
{"noverbs": {
    "100": 1,
    "23044": 1
}}
{"numerals": {
    "23045": 1,
    "43737": 2,
    "23046": 1,
    "23042": 1,
    "23044": 1
}}
{"nourricevotre": {"18143": 3}}
{"noiselady": {"47960": 1}}
{"no12": {"16966": 1}}
{"nourriceprends": {"18143": 1}}
{"neapolitans": {
    "23042": 1,
    "100": 2,
    "1515": 1
}}
{"no64": {"27761": 1}}
{"nag": {"100": 2}}
{"nai": {"18143": 8}}
{"nan": {
    "43737": 4,
    "100": 11,
    "23044": 13
}}
{"nam": {"43737": 7}}
{"nap": {
    "1286": 1,
    "100": 4,
    "1508": 1,
    "20657": 1,
    "23044": 1,
    "1526": 1
}}
{"nar": {"47960": 2}}
{"nat": {
    "43737": 3,
    "16966": 1
}}
{"nas": {
    "43737": 5,
    "18143": 4
}}
{"nay": {
    "23045": 18,
    "1286": 8,
    "43737": 5,
    "23046": 21,
    "1041": 2,
    "27726": 1,
    "20657": 8,
    "1514": 9,
    "1513": 20,
    "1533": 2,
    "1532": 8,
    "23042": 3,
    "1531": 27,
    "1112": 20,
    "23044": 42,
    "1430": 1,
    "27761": 24,
    "1519": 24,
    "1539": 16,
    "1515": 12,
    "47960": 24,
    "2265": 27,
    "2264": 3,
    "100": 599,
    "1524": 25,
    "1523": 18,
    "1522": 6,
    "1508": 28,
    "16966": 18,
    "1526": 17
}}
{"nouvelles": {"18143": 17}}
{"nde": {"43737": 2}}
{"neb": {
    "1539": 1,
    "100": 1
}}
{"ned": {
    "43737": 58,
    "100": 19
}}
{"nec": {"100": 3}}
{"nee": {"43737": 2}}
{"neg": {"43737": 22}}
{"nei": {"43737": 2}}
{"nel": {
    "100": 3,
    "18143": 1
}}
{"nek": {"43737": 1}}
{"nen": {"18143": 28}}
{"net": {
    "16055": 2,
    "100": 11,
    "1533": 1,
    "1531": 1,
    "27761": 1,
    "1430": 1,
    "1286": 2,
    "2264": 1,
    "1519": 1,
    "20657": 2,
    "16966": 3
}}
{"nes": {
    "43737": 6,
    "18143": 6
}}
{"new": {
    "16055": 32,
    "23045": 10,
    "1286": 36,
    "43737": 11,
    "23046": 7,
    "1041": 25,
    "27726": 36,
    "20657": 38,
    "1514": 10,
    "1513": 16,
    "1533": 15,
    "1532": 7,
    "23042": 14,
    "1531": 7,
    "1112": 16,
    "23044": 10,
    "1430": 12,
    "27761": 7,
    "1519": 8,
    "1539": 7,
    "1515": 10,
    "18143": 3,
    "47960": 50,
    "2265": 6,
    "2264": 15,
    "100": 226,
    "1524": 6,
    "1523": 10,
    "1522": 6,
    "1508": 8,
    "5429": 16,
    "16966": 36,
    "1526": 4
}}
{"nez": {"18143": 5}}
{"ngl": {"43737": 1}}
{"nht": {"43737": 1}}
{"nie": {"2264": 1}}
{"nig": {"43737": 3}}
{"nil": {"43737": 5}}
{"nim": {"23044": 2}}
{"nip": {
    "100": 3,
    "1508": 1
}}
{"nit": {
    "27726": 1,
    "100": 2,
    "1508": 1
}}
{"nis": {"43737": 5}}
{"nne": {"43737": 1}}
{"ninevolume": {
    "23045": 1,
    "23046": 1,
    "23042": 1,
    "23044": 1
}}
{"nob": {
    "100": 2,
    "1526": 1
}}
{"nod": {
    "1514": 1,
    "100": 18,
    "1522": 2,
    "1533": 1,
    "1286": 1,
    "2264": 1,
    "1508": 2,
    "27726": 1,
    "20657": 1,
    "16966": 1
}}
{"noe": {"43737": 1}}
{"non": {
    "100": 11,
    "1524": 1,
    "18143": 38,
    "23045": 1,
    "43737": 5,
    "2265": 1,
    "5429": 2,
    "16966": 1,
    "1526": 1
}}
{"nom": {
    "43737": 18,
    "18143": 35
}}
{"nor": {
    "16055": 6,
    "23045": 35,
    "1286": 66,
    "43737": 22,
    "23046": 21,
    "1041": 52,
    "27726": 38,
    "20657": 66,
    "1514": 20,
    "1513": 20,
    "1533": 24,
    "1532": 36,
    "23042": 26,
    "1531": 49,
    "1112": 18,
    "23044": 12,
    "1430": 17,
    "27761": 28,
    "1519": 24,
    "1539": 39,
    "1515": 35,
    "47960": 37,
    "2265": 32,
    "2264": 24,
    "100": 1058,
    "1524": 37,
    "1523": 24,
    "1522": 24,
    "1508": 26,
    "5429": 46,
    "16966": 131,
    "1526": 21
}}
{"nos": {
    "18143": 26,
    "5429": 1
}}
{"nov": {"47960": 1}}
{"nou": {"43737": 2}}
{"now": {
    "16055": 12,
    "23045": 87,
    "1286": 265,
    "43737": 20,
    "23046": 49,
    "1041": 46,
    "27726": 27,
    "20657": 269,
    "1514": 64,
    "1513": 82,
    "1533": 50,
    "1532": 76,
    "23042": 95,
    "1531": 105,
    "1112": 82,
    "23044": 162,
    "1430": 101,
    "27761": 63,
    "1519": 49,
    "1539": 103,
    "1515": 47,
    "18143": 4,
    "47960": 139,
    "2265": 93,
    "2264": 54,
    "100": 3014,
    "1524": 99,
    "1523": 58,
    "1522": 64,
    "1508": 83,
    "5429": 17,
    "16966": 238,
    "1526": 71
}}
{"noy": {"43737": 4}}
{"nre": {"43737": 1}}
{"nth": {"43737": 10}}
{"nua": {"43737": 1}}
{"nue": {"18143": 1}}
{"nul": {
    "43737": 1,
    "18143": 2
}}
{"nun": {
    "1514": 1,
    "100": 8,
    "1523": 2,
    "1430": 2,
    "23045": 1,
    "1286": 4,
    "20657": 4,
    "5429": 1
}}
{"nur": {"1112": 77}}
{"nut": {
    "43737": 1,
    "100": 6,
    "23046": 1,
    "1523": 3
}}
{"nuy": {"43737": 2}}
{"nabbe": {"43737": 2}}
{"nightflies": {"100": 1}}
{"nwe": {"43737": 2}}
{"nwm": {"43737": 2}}
{"nye": {"43737": 6}}
{"nyh": {"43737": 2}}
{"nym": {
    "27726": 2,
    "100": 60,
    "23044": 47
}}
{"nys": {"43737": 1}}
{"nemean": {
    "100": 3,
    "1524": 1,
    "16966": 1
}}
{"nourricehtezvous": {"18143": 1}}
{"nymphs": {
    "1514": 1,
    "100": 15,
    "1041": 1,
    "23042": 7,
    "16966": 1
}}
{"noah": {
    "43737": 1,
    "100": 1,
    "1526": 1
}}
{"noce": {"18143": 1}}
{"noes": {"100": 1}}
{"noer": {"43737": 6}}
{"nods": {
    "2265": 1,
    "100": 7,
    "1524": 1
}}
{"nobilitys": {"100": 1}}
{"numbness": {
    "1539": 1,
    "100": 1
}}
{"neverwithering": {"100": 1}}
{"nois": {"43737": 1}}
{"noir": {"18143": 3}}
{"nole": {
    "1514": 1,
    "100": 1
}}
{"nold": {"43737": 2}}
{"nocesadieu": {"18143": 1}}
{"nona": {"43737": 1}}
{"none": {
    "16055": 2,
    "23045": 17,
    "1286": 28,
    "43737": 16,
    "23046": 14,
    "1041": 13,
    "27726": 11,
    "20657": 28,
    "1514": 8,
    "1513": 15,
    "1533": 13,
    "1532": 13,
    "23042": 12,
    "1531": 13,
    "1112": 15,
    "23044": 25,
    "1430": 20,
    "27761": 8,
    "1519": 23,
    "1539": 26,
    "1515": 14,
    "47960": 31,
    "2265": 13,
    "2264": 13,
    "100": 515,
    "1524": 13,
    "1523": 12,
    "1522": 8,
    "1508": 11,
    "5429": 6,
    "16966": 32,
    "1526": 15
}}
{"noms": {"18143": 4}}
{"noma": {"43737": 1}}
{"narrating": {"43737": 1}}
{"nome": {"43737": 5}}
{"noon": {
    "18143": 1,
    "47960": 8,
    "23045": 1,
    "1286": 2,
    "43737": 3,
    "1041": 1,
    "20657": 2,
    "100": 18,
    "1513": 1,
    "1533": 1,
    "1532": 3,
    "1531": 1,
    "1430": 3,
    "1539": 1,
    "16966": 2,
    "1526": 1
}}
{"nook": {
    "43737": 1,
    "100": 2,
    "1523": 1,
    "23042": 1
}}
{"nont": {"18143": 7}}
{"nony": {"2265": 3}}
{"nord": {"18143": 2}}
{"note": {
    "16055": 4,
    "23045": 68,
    "1286": 4,
    "43737": 241,
    "23046": 30,
    "1041": 2,
    "27726": 2,
    "20657": 4,
    "1514": 4,
    "1513": 4,
    "1533": 4,
    "1532": 4,
    "23042": 42,
    "1531": 3,
    "1112": 4,
    "23044": 32,
    "27761": 6,
    "1519": 6,
    "1539": 7,
    "1515": 4,
    "18143": 79,
    "47960": 23,
    "2265": 6,
    "2264": 4,
    "100": 159,
    "1524": 6,
    "1523": 4,
    "1522": 5,
    "1508": 3,
    "16966": 148,
    "1526": 6
}}
{"noti": {"23042": 1}}
{"noth": {"43737": 2}}
{"nota": {"43737": 1}}
{"nose": {
    "16055": 6,
    "23045": 3,
    "23046": 2,
    "27726": 2,
    "1514": 1,
    "1513": 2,
    "1533": 1,
    "1532": 3,
    "23042": 1,
    "1531": 4,
    "1112": 2,
    "23044": 1,
    "1430": 5,
    "27761": 3,
    "1539": 7,
    "1515": 2,
    "18143": 3,
    "47960": 3,
    "2265": 2,
    "2264": 1,
    "100": 67,
    "1524": 2,
    "1523": 2,
    "1508": 1,
    "1526": 4
}}
{"nors": {"100": 1}}
{"norw": {"43737": 2}}
{"narration": {
    "1286": 2,
    "43737": 1,
    "20657": 2,
    "5429": 2,
    "47960": 1
}}
{"nauront": {"18143": 1}}
{"naurons": {"18143": 2}}
{"novi": {"100": 1}}
{"nout": {"43737": 1}}
{"noue": {"43737": 1}}
{"noun": {
    "43737": 10,
    "100": 1,
    "47960": 17
}}
{"nous": {
    "100": 1,
    "18143": 133
}}
{"notu": {"43737": 1}}
{"nowo": {"100": 1}}
{"nows": {
    "23042": 1,
    "100": 4
}}
{"nowe": {
    "43737": 3,
    "47960": 1
}}
{"noys": {"18143": 1}}
{"noye": {"43737": 4}}
{"northumbres": {"43737": 1}}
{"nontils": {"18143": 1}}
{"ninetynine": {"27726": 1}}
{"nobles": {
    "100": 42,
    "1533": 1,
    "1532": 2,
    "1430": 4,
    "1286": 5,
    "2264": 1,
    "27726": 1,
    "20657": 5,
    "16966": 2
}}
{"nobler": {
    "2265": 1,
    "1041": 1,
    "27726": 1,
    "100": 20,
    "1524": 1,
    "1523": 1,
    "1522": 1,
    "23042": 1,
    "27761": 1,
    "1430": 1,
    "1539": 1,
    "5429": 1,
    "16966": 3
}}
{"notwithstanding": {
    "1514": 1,
    "100": 22,
    "1522": 1,
    "23042": 1,
    "1531": 1,
    "23044": 3,
    "1286": 6,
    "27726": 10,
    "20657": 6,
    "5429": 1,
    "1515": 3,
    "1526": 1
}}
{"nepos": {"43737": 1}}
{"nameless": {
    "43737": 1,
    "100": 4
}}
{"nadir": {"16966": 1}}
{"neowe": {"43737": 1}}
{"negligible": {"16966": 1}}
{"numbered": {
    "16055": 2,
    "100": 3,
    "1526": 1
}}
{"nobleness": {
    "100": 19,
    "1533": 1,
    "1532": 1,
    "1539": 3,
    "16966": 1
}}
{"nourriceque": {"18143": 2}}
{"notand": {"100": 1}}
{"notare": {
    "100": 1,
    "1533": 1
}}
{"notary": {
    "100": 2,
    "1515": 1
}}
{"nourishment": {"100": 4}}
{"northeast": {"100": 2}}
{"noisettes": {"18143": 1}}
{"nesch": {"43737": 1}}
{"nourrice": {"18143": 53}}
{"nourricesil": {"18143": 1}}
{"noblespirited": {
    "1286": 1,
    "20657": 1
}}
{"nron": {"43737": 1}}
{"neighbors": {"1286": 2}}
{"novelty": {
    "100": 3,
    "23045": 1,
    "1286": 1,
    "27726": 1,
    "20657": 1,
    "5429": 3,
    "16966": 1
}}
{"nerue": {"2265": 1}}
{"nighttime": {
    "1286": 1,
    "20657": 1,
    "47960": 1
}}
{"nervy": {"100": 1}}
{"novelle": {
    "43737": 1,
    "47960": 1
}}
{"nerve": {
    "100": 2,
    "1524": 1,
    "27761": 1,
    "16966": 4
}}
{"nuages": {"18143": 8}}
{"notall": {
    "23042": 1,
    "100": 1
}}
{"naels": {"43737": 1}}
{"nourricediminuer": {"18143": 1}}
{"nimitait": {"18143": 1}}
{"nemian": {"2265": 1}}
{"notbut": {
    "100": 1,
    "1523": 1
}}
{"nunnerie": {"2265": 1}}
{"neighbour": {
    "47960": 2,
    "43737": 2,
    "100": 50,
    "1513": 1,
    "1524": 1,
    "1523": 2,
    "1112": 1,
    "27761": 1,
    "1508": 5,
    "1519": 9,
    "1539": 4,
    "16966": 1,
    "1515": 2
}}
{"nourriceelle": {"18143": 1}}
{"neighboring": {
    "1286": 2,
    "27726": 1
}}
{"nourriceson": {"18143": 1}}
{"nunnes": {"1112": 1}}
{"nobody": {
    "100": 22,
    "23042": 1,
    "1531": 4,
    "23044": 3,
    "1430": 2,
    "1286": 3,
    "43737": 6,
    "1519": 3,
    "27726": 1,
    "1539": 1,
    "20657": 3,
    "16966": 9
}}
{"necklaces": {
    "16055": 1,
    "47960": 1
}}
{"nighttapers": {
    "1514": 1,
    "100": 1
}}
{"nahum": {"16966": 1}}
{"nahwr": {"43737": 1}}
{"ntes": {"18143": 2}}
{"neufs": {"18143": 1}}
{"neuer": {
    "43737": 7,
    "2265": 24,
    "2264": 13,
    "1112": 19,
    "47960": 3,
    "23044": 14
}}
{"nombreux": {"18143": 2}}
{"northumberlands": {"100": 2}}
{"nicander": {"100": 1}}
{"nigaud": {"18143": 1}}
{"nownay": {"100": 1}}
{"nontid": {"43737": 1}}
{"nude": {"43737": 2}}
{"nuit": {"18143": 78}}
{"nursewifewhat": {"47960": 1}}
{"nunc": {"5429": 1}}
{"numb": {"100": 2}}
{"nule": {"43737": 2}}
{"nuns": {
    "100": 5,
    "1513": 1,
    "47960": 1,
    "1430": 1,
    "23045": 1,
    "1286": 1,
    "43737": 1,
    "20657": 1
}}
{"nunneryscene": {"16966": 8}}
{"nurs": {"1112": 1}}
{"nuts": {
    "1514": 1,
    "100": 2,
    "1513": 1,
    "1112": 1,
    "47960": 1,
    "1430": 1,
    "1286": 1,
    "20657": 1
}}
{"nightwandring": {"100": 1}}
{"naght": {"43737": 10}}
{"nestu": {"18143": 1}}
{"nests": {
    "1286": 1,
    "20657": 1,
    "100": 3
}}
{"neste": {"43737": 1}}
{"nesta": {"43737": 1}}
{"newlanded": {
    "1286": 1,
    "20657": 1
}}
{"newer": {
    "100": 7,
    "1533": 1,
    "23042": 1,
    "1531": 1,
    "23044": 1,
    "23045": 1,
    "23046": 1,
    "2264": 1,
    "1041": 2,
    "1539": 1
}}
{"newes": {
    "2265": 11,
    "2264": 4,
    "1112": 15,
    "47960": 1,
    "23044": 1
}}
{"name17": {"16055": 1}}
{"newly": {
    "47960": 3,
    "23045": 2,
    "1286": 9,
    "43737": 1,
    "2264": 1,
    "27726": 1,
    "20657": 5,
    "100": 32,
    "1513": 2,
    "1524": 1,
    "1533": 1,
    "1531": 1,
    "1112": 2,
    "23044": 2,
    "27761": 1,
    "1430": 1,
    "1508": 2,
    "1519": 1,
    "1539": 2,
    "5429": 1,
    "16966": 1,
    "1526": 1
}}
{"naked": {
    "47960": 2,
    "23045": 1,
    "1286": 6,
    "43737": 1,
    "2265": 2,
    "23046": 1,
    "2264": 2,
    "1041": 1,
    "27726": 4,
    "20657": 5,
    "100": 55,
    "1513": 1,
    "1524": 2,
    "1522": 1,
    "1533": 2,
    "1532": 4,
    "1531": 4,
    "1112": 1,
    "1430": 1,
    "27761": 4,
    "1539": 1,
    "5429": 1,
    "16966": 7,
    "1526": 1
}}
{"nazarite": {
    "100": 1,
    "1515": 1
}}
{"ncoutant": {"18143": 1}}
{"nicandor": {
    "1286": 1,
    "20657": 1
}}
{"narcissus": {"100": 5}}
{"northward": {
    "100": 3,
    "1515": 1
}}
{"nearlegged": {
    "100": 1,
    "1508": 1
}}
{"never": {
    "16055": 7,
    "23045": 23,
    "1286": 111,
    "43737": 4,
    "23046": 19,
    "1041": 15,
    "27726": 19,
    "20657": 112,
    "1514": 36,
    "1513": 18,
    "1533": 13,
    "1532": 30,
    "23042": 16,
    "1531": 40,
    "23044": 33,
    "1430": 63,
    "27761": 19,
    "1519": 39,
    "1539": 28,
    "1515": 32,
    "18143": 3,
    "47960": 40,
    "100": 1138,
    "1524": 26,
    "1523": 26,
    "1522": 17,
    "1508": 31,
    "5429": 17,
    "16966": 203,
    "1526": 29
}}
{"neveu": {"18143": 10}}
{"nevil": {"100": 1}}
{"nathaniel": {
    "100": 37,
    "1508": 6
}}
{"nutriment": {"100": 1}}
{"necessary": {
    "16055": 1,
    "47960": 5,
    "23045": 2,
    "1286": 4,
    "43737": 3,
    "2265": 2,
    "1041": 1,
    "27726": 10,
    "20657": 4,
    "100": 20,
    "1524": 2,
    "1523": 1,
    "1522": 2,
    "1532": 1,
    "23044": 2,
    "27761": 2,
    "1430": 2,
    "1539": 2,
    "5429": 13,
    "16966": 41,
    "1515": 1
}}
{"naije": {"18143": 1}}
{"neuve": {"18143": 1}}
{"nahwer": {"43737": 2}}
{"nails": {
    "1514": 2,
    "100": 31,
    "1532": 3,
    "23042": 1,
    "1286": 1,
    "23046": 1,
    "1508": 1,
    "27726": 1,
    "20657": 1,
    "1526": 1
}}
{"naile": {
    "43737": 2,
    "47960": 1
}}
{"necessities": {
    "100": 12,
    "1523": 1,
    "1522": 1,
    "1532": 1,
    "1286": 1,
    "27726": 1,
    "20657": 1,
    "1539": 2
}}
{"necessitied": {"100": 1}}
{"numerous": {
    "1286": 1,
    "16055": 1,
    "20657": 1,
    "5429": 3,
    "16966": 4
}}
{"namely": {
    "100": 6,
    "47960": 3,
    "1286": 1,
    "43737": 3,
    "23046": 3,
    "27726": 1,
    "20657": 1
}}
{"notwistondinge": {"43737": 1}}
{"named": {
    "16055": 3,
    "100": 13,
    "1430": 22,
    "1286": 12,
    "43737": 3,
    "23046": 1,
    "27726": 1,
    "20657": 12,
    "1539": 1,
    "5429": 1,
    "16966": 2
}}
{"namea": {"16966": 1}}
{"namde": {"47960": 1}}
{"namet": {"100": 1}}
{"names": {
    "23045": 3,
    "1286": 9,
    "43737": 10,
    "23046": 3,
    "27726": 6,
    "20657": 9,
    "1514": 1,
    "1513": 6,
    "1533": 1,
    "1532": 5,
    "23042": 1,
    "1112": 8,
    "23044": 5,
    "1430": 11,
    "27761": 3,
    "1519": 1,
    "1539": 2,
    "47960": 9,
    "2265": 1,
    "2264": 1,
    "100": 60,
    "1524": 1,
    "1523": 1,
    "1522": 3,
    "1508": 1,
    "5429": 3,
    "16966": 8,
    "1526": 2
}}
{"nameif": {"47960": 1}}
{"nellan": {"43737": 1}}
{"nonregardance": {
    "100": 1,
    "1526": 1
}}
{"nourris": {"18143": 1}}
{"nourrie": {"18143": 1}}
{"neuene": {"43737": 2}}
{"nyas": {"100": 1}}
{"namest": {
    "100": 1,
    "1515": 1
}}
{"nourriceo": {"18143": 8}}
{"nationale": {"18143": 2}}
{"neuere": {"43737": 2}}
{"nygh": {"43737": 6}}
{"neyer": {"43737": 2}}
{"nyht": {"43737": 2}}
{"natives": {"18143": 1}}
{"neutrall": {"2264": 1}}
{"nyme": {"43737": 8}}
{"nyne": {"43737": 1}}
{"nexus": {"16966": 2}}
{"nexte": {"43737": 1}}
{"nexta": {"43737": 1}}
{"newts": {
    "1286": 1,
    "1514": 1,
    "100": 1,
    "20657": 1
}}
{"newst": {
    "1539": 1,
    "100": 1
}}
{"nuitencore": {"18143": 1}}
{"noddles": {
    "100": 1,
    "23044": 1
}}
{"nosepainting": {
    "100": 1,
    "2264": 1,
    "1533": 1
}}
{"nosera": {"18143": 1}}
{"navait": {"18143": 2}}
{"navais": {"18143": 4}}
{"nonshakespeare": {"16966": 1}}
{"neptune": {
    "1514": 1,
    "100": 12,
    "23042": 2,
    "1539": 2,
    "5429": 1
}}
{"nourricevoici": {"18143": 1}}
{"nourricejsus": {"18143": 1}}
{"newlyfound": {"20657": 3}}
{"natelle": {"18143": 1}}
{"nousmmes": {"18143": 1}}
{"northumbrian": {"43737": 2}}
{"namecall": {"100": 1}}
{"nineteenth": {
    "27726": 2,
    "16966": 1
}}
{"nectar": {"100": 4}}
{"neighbourhood": {
    "100": 6,
    "20657": 1,
    "27761": 1,
    "23044": 1
}}
{"national": {
    "16055": 1,
    "27726": 3,
    "47960": 1,
    "16966": 1
}}
{"needless": {
    "100": 11,
    "1523": 1,
    "1532": 1,
    "27761": 1,
    "23045": 1,
    "1286": 3,
    "20657": 3,
    "1539": 1,
    "16966": 7
}}
{"noates": {"1112": 1}}
{"nuzzling": {"100": 1}}
{"newshed": {"100": 1}}
{"night7": {"27761": 1}}
{"nights": {
    "16055": 10,
    "23045": 2,
    "1286": 10,
    "43737": 2,
    "1041": 2,
    "27726": 2,
    "20657": 10,
    "1514": 9,
    "1513": 6,
    "1533": 8,
    "1532": 4,
    "23042": 1,
    "1531": 1,
    "1112": 6,
    "1430": 9,
    "27761": 4,
    "1519": 2,
    "47960": 11,
    "2265": 4,
    "2264": 8,
    "100": 66,
    "1524": 4,
    "1523": 1,
    "16966": 11,
    "1526": 1
}}
{"nighti": {
    "100": 1,
    "1519": 1
}}
{"neverheardof": {"100": 1}}
{"nowadays": {
    "1514": 1,
    "100": 3,
    "1524": 1,
    "47960": 2,
    "16966": 1,
    "1430": 1
}}
{"notably": {
    "1514": 1,
    "100": 1,
    "27726": 1,
    "16966": 4
}}
{"nodding": {
    "1514": 1,
    "100": 2
}}
{"notable": {
    "16055": 5,
    "100": 14,
    "1531": 2,
    "47960": 1,
    "23045": 1,
    "1286": 2,
    "43737": 1,
    "1519": 1,
    "1539": 1,
    "20657": 2,
    "16966": 3,
    "1526": 5
}}
{"neerely": {"2264": 1}}
{"naming": {
    "100": 5,
    "1041": 1,
    "1539": 1,
    "1531": 1,
    "16966": 1
}}
{"neerest": {"2264": 1}}
{"narratives": {"27726": 1}}
{"napes": {"100": 1}}
{"newchristened": {"100": 1}}
{"namethis": {"20657": 1}}
{"nursesweet": {
    "100": 1,
    "1513": 1,
    "47960": 1
}}
{"nurture": {
    "23042": 1,
    "100": 2,
    "1523": 1
}}
{"nashs": {"16966": 2}}
{"northnorth": {"27761": 1}}
{"nastu": {"18143": 3}}
{"nasty": {
    "2265": 1,
    "100": 2,
    "1524": 1
}}
{"narwe": {"43737": 1}}
{"nigromancie": {"43737": 1}}
{"newhatchd": {
    "100": 1,
    "1524": 1,
    "27761": 1
}}
{"nowwhy": {
    "1539": 1,
    "100": 1
}}
{"nasbe": {"1430": 1}}
{"nares": {
    "47960": 9,
    "27761": 2
}}
{"necessity": {
    "47960": 6,
    "1286": 4,
    "43737": 1,
    "27726": 6,
    "20657": 4,
    "100": 39,
    "1524": 1,
    "1523": 1,
    "1522": 1,
    "1532": 2,
    "1531": 2,
    "23044": 3,
    "1519": 1,
    "1539": 2,
    "5429": 5,
    "16966": 17,
    "1515": 2,
    "1526": 2
}}
{"nempned": {"43737": 1}}
{"naron": {"43737": 1}}
{"ninefold": {
    "1532": 1,
    "100": 1
}}
{"nightbird": {"100": 1}}
{"nereides": {"100": 1}}
{"ninetenths": {"16966": 1}}
{"naiads": {
    "23042": 1,
    "100": 1
}}
{"neighing": {
    "1514": 1,
    "100": 6,
    "1531": 1,
    "1286": 1,
    "1508": 1,
    "20657": 1,
    "1515": 1
}}
{"naule": {"43737": 2}}
{"nonetide": {"43737": 1}}
{"nightfoes": {"100": 1}}
{"neltow": {"43737": 4}}
{"nauer": {"43737": 7}}
{"nauht": {"43737": 1}}
{"nativ": {"47960": 1}}
{"natre": {"18143": 2}}
{"natur": {
    "16055": 1,
    "27726": 1
}}
{"nourish": {
    "1539": 1,
    "100": 7
}}
{"nglian": {"43737": 1}}
{"namore": {"43737": 2}}
{"napoleons": {
    "27726": 1,
    "16966": 1
}}
{"neglectingly": {"100": 1}}
{"nawor": {"43737": 1}}
{"northwest": {"2265": 1}}
{"neighborhood": {
    "1286": 1,
    "100": 2
}}
{"nourricecette": {"18143": 1}}
{"nawer": {"43737": 1}}
{"northerly": {
    "2265": 1,
    "100": 1,
    "1524": 1,
    "27761": 1
}}
{"ninescore": {"23045": 1}}
{"nations": {
    "16055": 1,
    "100": 11,
    "1524": 1,
    "1523": 1,
    "1532": 1,
    "1286": 2,
    "27726": 1,
    "20657": 2,
    "5429": 2,
    "16966": 2,
    "1515": 1
}}
{"navys": {"100": 1}}
{"noodle": {"1430": 1}}
{"nightgowne": {"2264": 2}}
{"navez": {"18143": 1}}
{"navet": {"16966": 1}}
{"navel": {
    "100": 2,
    "16966": 1
}}
{"navie": {"43737": 1}}
{"nexistait": {"18143": 1}}
