{"obseruant": {"2265": 1}}
{"o": {
    "16055": 6,
    "23045": 82,
    "1286": 40,
    "43737": 32,
    "23046": 27,
    "1041": 50,
    "27726": 16,
    "20657": 66,
    "1514": 59,
    "1513": 155,
    "1533": 32,
    "1532": 94,
    "23042": 92,
    "1531": 151,
    "1112": 136,
    "23044": 62,
    "1430": 25,
    "27761": 83,
    "1519": 47,
    "1539": 79,
    "1515": 35,
    "18143": 109,
    "47960": 166,
    "2265": 38,
    "2264": 17,
    "100": 2769,
    "1524": 120,
    "1523": 52,
    "1522": 70,
    "1508": 54,
    "5429": 3,
    "16966": 99,
    "1526": 72
}}
{"offs": {"100": 2}}
{"offe": {"43737": 4}}
{"offi": {"1112": 1}}
{"ofer": {"43737": 9}}
{"outburneth": {"100": 1}}
{"obediand": {"43737": 1}}
{"observances": {"100": 2}}
{"ordeals": {"47960": 1}}
{"ordinal": {"43737": 1}}
{"oerset": {"100": 1}}
{"onbutan": {"43737": 1}}
{"outsweetned": {"100": 1}}
{"overtook": {
    "1286": 2,
    "43737": 1,
    "100": 1,
    "20657": 2,
    "27761": 1,
    "1430": 1
}}
{"oermatchd": {"100": 1}}
{"oght": {"43737": 4}}
{"oghe": {"43737": 4}}
{"overhanging": {
    "27726": 1,
    "47960": 2
}}
{"oertop": {
    "100": 2,
    "1524": 1,
    "27761": 2
}}
{"overswear": {
    "100": 1,
    "1526": 1,
    "1430": 1
}}
{"osera": {"18143": 1}}
{"oldage": {"2264": 1}}
{"oared": {"100": 1}}
{"osier": {
    "100": 2,
    "1513": 1,
    "1112": 1,
    "47960": 3
}}
{"ofermycel": {"43737": 1}}
{"ohif": {"1430": 1}}
{"obediencer": {"43737": 1}}
{"occupation": {
    "47960": 1,
    "23045": 3,
    "1286": 1,
    "43737": 1,
    "27726": 2,
    "20657": 1,
    "100": 9,
    "1522": 1,
    "1532": 1,
    "23042": 1,
    "1430": 2,
    "1539": 1,
    "16966": 2
}}
{"outbreak": {
    "100": 1,
    "1524": 1,
    "16966": 1
}}
{"odeurs": {"18143": 1}}
{"obseruance": {"2265": 2}}
{"oneline": {"16966": 1}}
{"ohte": {"43737": 1}}
{"ohwr": {"43737": 1}}
{"orlandowhat": {
    "100": 1,
    "1523": 1
}}
{"oppresseth": {"100": 1}}
{"oerweigh": {
    "100": 2,
    "1524": 1,
    "27761": 1
}}
{"oily": {
    "1286": 2,
    "100": 4,
    "1532": 1,
    "20657": 2,
    "1539": 1
}}
{"oils": {
    "1539": 1,
    "100": 1
}}
{"oile": {"43737": 1}}
{"oftesythes": {"43737": 1}}
{"ob": {"100": 1}}
{"od": {"43737": 1}}
{"oe": {
    "43737": 2082,
    "23042": 1
}}
{"oh": {
    "16055": 1,
    "18143": 35,
    "23045": 1,
    "1286": 42,
    "43737": 3,
    "2265": 81,
    "23046": 4,
    "2264": 7,
    "27726": 3,
    "20657": 8,
    "1514": 2,
    "100": 23,
    "1524": 3,
    "1533": 3,
    "1531": 2,
    "1112": 16,
    "23044": 3,
    "27761": 1,
    "1430": 14,
    "5429": 1,
    "16966": 8
}}
{"oi": {"43737": 3}}
{"ok": {"43737": 2}}
{"om": {
    "23045": 86,
    "23046": 34,
    "23042": 38,
    "23044": 46
}}
{"oo": {"43737": 7}}
{"op": {"16055": 1}}
{"os": {
    "43737": 5,
    "100": 1,
    "18143": 10
}}
{"ou": {
    "43737": 33,
    "18143": 84
}}
{"ov": {"23045": 16}}
{"ow": {"43737": 3}}
{"ox": {
    "43737": 1,
    "1514": 1,
    "100": 11,
    "1523": 2,
    "1508": 1,
    "23044": 1
}}
{"oy": {"43737": 3}}
{"obsequies": {
    "100": 7,
    "1524": 1,
    "1513": 2,
    "1112": 2,
    "47960": 2,
    "27761": 1,
    "1286": 1,
    "2265": 1,
    "20657": 1
}}
{"opposd": {
    "100": 11,
    "1524": 1,
    "1533": 1,
    "1532": 3,
    "2264": 1,
    "1508": 1,
    "1539": 1
}}
{"oppose": {
    "47960": 2,
    "1286": 2,
    "43737": 1,
    "2264": 1,
    "27726": 1,
    "20657": 2,
    "100": 19,
    "1533": 1,
    "1532": 2,
    "27761": 1,
    "1539": 1,
    "5429": 2,
    "16966": 2,
    "1515": 1
}}
{"osricke": {"2265": 5}}
{"oaths": {
    "47960": 1,
    "23045": 1,
    "1286": 2,
    "43737": 5,
    "23046": 1,
    "1041": 4,
    "20657": 2,
    "1514": 2,
    "100": 73,
    "1524": 1,
    "1523": 3,
    "1522": 1,
    "1532": 1,
    "23042": 1,
    "23044": 1,
    "27761": 1,
    "1508": 2,
    "1519": 1,
    "1539": 2,
    "16966": 1,
    "1515": 3,
    "1526": 1
}}
{"oaten": {"100": 1}}
{"oates": {"100": 1}}
{"owten": {"43737": 1}}
{"off49": {"27761": 1}}
{"okes": {"23044": 1}}
{"overpassd": {"100": 1}}
{"orceard": {"43737": 1}}
{"opponent": {
    "1286": 1,
    "27726": 1,
    "20657": 1,
    "23044": 1
}}
{"oldest": {
    "16055": 1,
    "100": 3,
    "1532": 1,
    "27726": 1,
    "5429": 1,
    "16966": 4
}}
{"olde": {
    "43737": 4,
    "2265": 2,
    "2264": 1,
    "47960": 3,
    "23044": 1
}}
{"obseruers": {"2265": 1}}
{"olim": {"5429": 1}}
{"ornamental": {
    "16055": 1,
    "27726": 1
}}
{"obedience": {
    "47960": 2,
    "23045": 1,
    "1286": 3,
    "43737": 1,
    "2265": 2,
    "2264": 3,
    "20657": 3,
    "1514": 1,
    "100": 52,
    "1524": 2,
    "1533": 3,
    "1532": 5,
    "23042": 1,
    "1531": 1,
    "27761": 2,
    "1430": 3,
    "1508": 4,
    "1539": 2,
    "16966": 8
}}
{"oerweens": {"100": 1}}
{"overshines": {"100": 1}}
{"overbuys": {"100": 1}}
{"outweigh": {
    "1286": 1,
    "20657": 1,
    "16966": 1
}}
{"overswayd": {"100": 1}}
{"oman": {
    "100": 10,
    "23044": 13,
    "16966": 2
}}
{"ostler": {"100": 9}}
{"omen": {
    "1286": 1,
    "43737": 1,
    "100": 1,
    "1524": 1,
    "20657": 1,
    "47960": 1
}}
{"ondredan": {"43737": 1}}
{"oerposting": {"100": 1}}
{"omit": {
    "100": 16,
    "1513": 1,
    "23042": 3,
    "1531": 1,
    "1112": 1,
    "47960": 3,
    "23045": 1,
    "23046": 1,
    "27726": 1,
    "1539": 1,
    "5429": 1,
    "16966": 6
}}
{"outraye": {"43737": 1}}
{"offer": {
    "1286": 18,
    "43737": 5,
    "23046": 4,
    "27726": 2,
    "20657": 18,
    "1514": 1,
    "1513": 2,
    "1533": 2,
    "1532": 3,
    "23042": 2,
    "1112": 2,
    "23044": 2,
    "1430": 3,
    "27761": 2,
    "1519": 2,
    "1539": 4,
    "1515": 7,
    "47960": 3,
    "2265": 3,
    "2264": 2,
    "100": 98,
    "1524": 3,
    "1523": 4,
    "1522": 1,
    "1508": 5,
    "16966": 5,
    "1526": 1
}}
{"omne": {"100": 2}}
{"obediencier": {"43737": 1}}
{"overbulk": {"100": 1}}
{"outrage": {
    "100": 14,
    "1513": 2,
    "1532": 1,
    "18143": 1,
    "1112": 2,
    "47960": 8,
    "1286": 2,
    "23046": 2,
    "1519": 1,
    "20657": 2,
    "16966": 1
}}
{"ornement": {"18143": 1}}
{"offre": {"18143": 1}}
{"oublie": {"100": 1}}
{"overflown": {
    "1286": 1,
    "1514": 1,
    "100": 1,
    "20657": 1
}}
{"objective": {
    "43737": 2,
    "27726": 4
}}
{"overflows": {"16966": 3}}
{"onbe": {"100": 1}}
{"oerdusted": {"100": 1}}
{"outbreasted": {"100": 1}}
{"once": {
    "16055": 7,
    "23045": 13,
    "1286": 67,
    "43737": 22,
    "23046": 10,
    "1041": 10,
    "27726": 12,
    "20657": 67,
    "1514": 9,
    "1513": 10,
    "1533": 11,
    "1532": 8,
    "23042": 11,
    "1531": 9,
    "1112": 10,
    "23044": 11,
    "1430": 39,
    "27761": 19,
    "1519": 6,
    "1539": 14,
    "1515": 7,
    "18143": 1,
    "47960": 28,
    "2265": 19,
    "2264": 11,
    "100": 456,
    "1524": 19,
    "1523": 5,
    "1522": 14,
    "1508": 11,
    "5429": 15,
    "16966": 125,
    "1526": 9
}}
{"onfr": {"43737": 27}}
{"oerbears": {
    "100": 2,
    "1524": 1,
    "27761": 1
}}
{"ones": {
    "16055": 3,
    "23045": 1,
    "1286": 3,
    "43737": 23,
    "23046": 5,
    "27726": 13,
    "20657": 3,
    "1513": 1,
    "1533": 3,
    "1532": 7,
    "23042": 1,
    "1531": 6,
    "1112": 1,
    "1430": 1,
    "27761": 2,
    "1519": 3,
    "1539": 5,
    "47960": 9,
    "2265": 3,
    "2264": 3,
    "100": 82,
    "1524": 2,
    "1523": 1,
    "1508": 2,
    "16966": 15,
    "1526": 2
}}
{"onen": {"43737": 1}}
{"oneo": {"100": 1}}
{"objection": {
    "1286": 1,
    "43737": 1,
    "27726": 1,
    "20657": 1,
    "5429": 2,
    "16966": 7
}}
{"offal": {
    "100": 3,
    "1524": 1,
    "1522": 1,
    "27761": 1,
    "23044": 1
}}
{"only": {
    "16055": 11,
    "23045": 17,
    "1286": 81,
    "43737": 25,
    "23046": 5,
    "1041": 8,
    "27726": 83,
    "20657": 81,
    "1514": 7,
    "1513": 11,
    "1533": 14,
    "1532": 9,
    "23042": 15,
    "1531": 4,
    "1112": 2,
    "23044": 11,
    "1430": 72,
    "27761": 17,
    "1519": 21,
    "1539": 14,
    "1515": 14,
    "18143": 2,
    "47960": 124,
    "2265": 3,
    "2264": 2,
    "100": 344,
    "1524": 8,
    "1523": 12,
    "1522": 11,
    "1508": 8,
    "5429": 68,
    "16966": 326,
    "1526": 5
}}
{"observedthe": {"16966": 1}}
{"onne": {"43737": 1}}
{"ospreys": {"100": 1}}
{"offseverally": {"27761": 1}}
{"ofill": {"100": 1}}
{"oftsias": {"43737": 1}}
{"overmastered": {
    "100": 1,
    "16966": 1,
    "1519": 1
}}
{"onth": {"43737": 3}}
{"onto": {
    "43737": 1,
    "16966": 1
}}
{"observance": {
    "47960": 1,
    "23045": 1,
    "1286": 3,
    "20657": 3,
    "1514": 1,
    "100": 19,
    "1524": 2,
    "1523": 3,
    "1531": 1,
    "23044": 1,
    "27761": 4,
    "1430": 1,
    "1515": 1
}}
{"onys": {"43737": 1}}
{"observancy": {
    "100": 1,
    "1531": 1
}}
{"onze": {"18143": 2}}
{"operasand": {"27726": 1}}
{"omnipotenceperhaps": {"16966": 1}}
{"opulency": {"100": 1}}
{"orpheo": {"43737": 1}}
{"oresized": {"2265": 1}}
{"opynly": {"43737": 1}}
{"opynne": {"43737": 1}}
{"organpipe": {
    "23042": 1,
    "100": 2
}}
{"oysters": {"16055": 1}}
{"observants": {
    "1532": 1,
    "100": 1
}}
{"orphan": {
    "1286": 1,
    "100": 3,
    "20657": 1,
    "23044": 2
}}
{"oone": {"43737": 5}}
{"outcry": {
    "43737": 1,
    "100": 2,
    "1513": 1,
    "1112": 1,
    "47960": 3
}}
{"outfacing": {
    "100": 3,
    "23046": 1,
    "1519": 1
}}
{"obsequious": {
    "100": 8,
    "1524": 1,
    "1531": 1,
    "27761": 2,
    "23044": 1,
    "23045": 1,
    "43737": 1,
    "2265": 1,
    "1041": 2,
    "5429": 3
}}
{"overrated": {"27726": 1}}
{"overstrained": {
    "1286": 1,
    "20657": 1,
    "16966": 1
}}
{"oneyers": {"100": 1}}
{"oozy": {
    "23042": 1,
    "100": 1
}}
{"ooze": {
    "43737": 2,
    "23042": 2,
    "100": 6
}}
{"opal": {
    "16055": 9,
    "100": 2,
    "1526": 1
}}
{"opan": {"43737": 2}}
{"ottoman": {
    "100": 1,
    "1531": 1
}}
{"oped": {
    "23042": 1,
    "100": 2,
    "5429": 1
}}
{"opes": {"100": 2}}
{"open": {
    "23045": 3,
    "1286": 11,
    "43737": 14,
    "23046": 3,
    "1041": 2,
    "27726": 4,
    "20657": 12,
    "1514": 1,
    "1513": 9,
    "1533": 5,
    "1532": 6,
    "23042": 6,
    "1531": 2,
    "1112": 6,
    "23044": 12,
    "1430": 7,
    "27761": 4,
    "1539": 9,
    "1515": 1,
    "18143": 1,
    "47960": 15,
    "2265": 2,
    "2264": 3,
    "100": 177,
    "1524": 2,
    "1523": 3,
    "1522": 2,
    "1508": 1,
    "5429": 3,
    "16966": 33,
    "1526": 6
}}
{"ophe": {"2265": 56}}
{"opon": {"43737": 2}}
{"opprobrious": {"47960": 1}}
{"opus": {"100": 1}}
{"overspeculative": {"16966": 1}}
{"opyn": {"43737": 1}}
{"obloquy": {"100": 4}}
{"obsque": {"100": 1}}
{"orghout": {"43737": 1}}
{"os40": {"18143": 1}}
{"ofdredd": {"43737": 1}}
{"offspring": {
    "16055": 1,
    "100": 7,
    "47960": 2,
    "43737": 2,
    "5429": 2,
    "16966": 1,
    "1515": 1
}}
{"overturn": {
    "100": 1,
    "1041": 1
}}
{"overture": {
    "100": 5,
    "1532": 1,
    "1539": 1,
    "1526": 1
}}
{"outdure": {"100": 1}}
{"overgone": {"100": 1}}
{"outvied": {
    "100": 1,
    "1508": 1
}}
{"orbs": {
    "1514": 1,
    "100": 6,
    "1532": 1,
    "16966": 1
}}
{"orbd": {"27761": 2}}
{"orbe": {
    "2265": 1,
    "1112": 1
}}
{"oral": {"5429": 1}}
{"overveild": {"100": 1}}
{"oren": {"43737": 1}}
{"overgoes": {
    "100": 1,
    "1041": 1
}}
{"orgh": {"43737": 4}}
{"outdid": {"100": 1}}
{"orig": {"43737": 24}}
{"oris": {"5429": 1}}
{"orit": {
    "100": 1,
    "23044": 1
}}
{"orld": {
    "100": 3,
    "23044": 2
}}
{"outdoo": {"16055": 1}}
{"orts": {"100": 2}}
{"oraisonfrench": {"27761": 1}}
{"overcast": {
    "43737": 1,
    "1514": 1,
    "100": 1
}}
{"oser": {"18143": 1}}
{"outcries": {
    "100": 1,
    "1515": 1
}}
{"overcame": {
    "100": 9,
    "1523": 1,
    "1522": 2,
    "27761": 1,
    "1286": 6,
    "27726": 1,
    "20657": 6,
    "16966": 1
}}
{"ossa": {
    "2265": 1,
    "100": 1,
    "1524": 1,
    "27761": 2
}}
{"onsundran": {"43737": 2}}
{"obviate": {
    "43737": 1,
    "5429": 1
}}
{"othe": {
    "100": 1,
    "18143": 1,
    "47960": 1,
    "27761": 1
}}
{"overturned": {"43737": 2}}
{"outfit": {"1430": 1}}
{"outfly": {"100": 1}}
{"osric": {
    "100": 33,
    "1524": 33,
    "27761": 6,
    "16966": 3
}}
{"opportune": {
    "43737": 1,
    "100": 2,
    "23042": 1,
    "1539": 1
}}
{"oreflows": {"23044": 1}}
{"omnipotent": {
    "100": 3,
    "23044": 1,
    "16966": 2
}}
{"oldtime": {"47960": 1}}
{"ouer": {
    "43737": 8,
    "2265": 4,
    "2264": 1,
    "1112": 5,
    "23044": 2
}}
{"overkindness": {
    "100": 1,
    "1519": 1
}}
{"ough": {"43737": 4}}
{"oermount": {"100": 1}}
{"oxford": {
    "16055": 4,
    "100": 57,
    "23042": 1,
    "27761": 3,
    "23044": 1,
    "23045": 1,
    "43737": 4,
    "23046": 1,
    "5429": 1,
    "16966": 8
}}
{"oune": {"43737": 3}}
{"overscutched": {"100": 1}}
{"officeo": {
    "100": 1,
    "1531": 1
}}
{"officer": {
    "47960": 1,
    "23045": 8,
    "1286": 10,
    "43737": 1,
    "23046": 16,
    "27726": 2,
    "20657": 10,
    "100": 114,
    "1513": 1,
    "1524": 2,
    "1533": 1,
    "1532": 9,
    "23042": 1,
    "1531": 9,
    "27761": 1,
    "1430": 7,
    "1508": 5,
    "1519": 2,
    "1539": 5,
    "16966": 1,
    "1515": 1,
    "1526": 8
}}
{"offices": {
    "1286": 3,
    "2265": 1,
    "2264": 2,
    "1041": 1,
    "27726": 1,
    "20657": 3,
    "1514": 1,
    "100": 34,
    "1524": 1,
    "1522": 1,
    "1533": 2,
    "1532": 1,
    "23042": 5,
    "1531": 1,
    "27761": 1,
    "1539": 2,
    "5429": 1,
    "1515": 3
}}
{"ours": {
    "18143": 1,
    "47960": 3,
    "23045": 1,
    "1286": 1,
    "43737": 1,
    "2265": 2,
    "23046": 1,
    "2264": 2,
    "20657": 1,
    "100": 94,
    "1513": 2,
    "1524": 2,
    "1522": 2,
    "1533": 2,
    "1532": 2,
    "1531": 1,
    "1112": 2,
    "23044": 1,
    "1430": 3,
    "1508": 1,
    "1519": 3,
    "1539": 3,
    "16966": 6,
    "1515": 2
}}
{"othelloso": {"16966": 1}}
{"ourn": {"43737": 2}}
{"oure": {"43737": 14}}
{"overlooking": {
    "100": 3,
    "1513": 2,
    "27726": 2,
    "47960": 1
}}
{"oute": {"43737": 6}}
{"outi": {"100": 1}}
{"oust": {
    "43737": 1,
    "16966": 1
}}
{"orchis": {"27761": 1}}
{"overpeer": {
    "100": 2,
    "1515": 1
}}
{"oeroffices": {
    "100": 1,
    "1524": 1
}}
{"over": {
    "16055": 7,
    "1286": 71,
    "43737": 27,
    "23046": 1,
    "1041": 1,
    "27726": 18,
    "20657": 70,
    "1514": 6,
    "1513": 3,
    "1533": 2,
    "1532": 3,
    "23042": 4,
    "1531": 4,
    "23044": 7,
    "1430": 24,
    "27761": 10,
    "1519": 6,
    "1539": 8,
    "1515": 3,
    "47960": 16,
    "100": 172,
    "1524": 4,
    "1523": 6,
    "1522": 7,
    "1508": 3,
    "5429": 11,
    "16966": 42,
    "1526": 2
}}
{"oven": {
    "100": 3,
    "47960": 2
}}
{"offendendo4": {"27761": 1}}
{"ovid": {
    "43737": 4,
    "100": 2,
    "1523": 1,
    "1508": 1
}}
{"overworked": {"16966": 1}}
{"oway": {"43737": 3}}
{"ordered": {
    "16055": 1,
    "100": 4,
    "1430": 11,
    "1286": 34,
    "27726": 1,
    "20657": 36,
    "16966": 3
}}
{"obvious": {
    "1286": 1,
    "16055": 1,
    "27726": 5,
    "20657": 1,
    "47960": 1,
    "16966": 39
}}
{"ower": {"43737": 1}}
{"owes": {
    "47960": 4,
    "1286": 1,
    "23046": 3,
    "1041": 1,
    "27726": 1,
    "20657": 1,
    "100": 25,
    "1513": 1,
    "1532": 2,
    "23042": 1,
    "1112": 1,
    "1430": 1,
    "1508": 1,
    "1539": 1,
    "5429": 1,
    "16966": 1,
    "1515": 1
}}
{"owen": {
    "43737": 5,
    "100": 9
}}
{"owed": {
    "16055": 1,
    "23045": 1,
    "1286": 7,
    "43737": 1,
    "23046": 1,
    "1041": 1,
    "27726": 1,
    "20657": 7,
    "1514": 1,
    "1513": 1,
    "1533": 1,
    "1532": 1,
    "23042": 2,
    "1531": 1,
    "1112": 1,
    "23044": 1,
    "1430": 4,
    "27761": 1,
    "1519": 1,
    "1539": 1,
    "1515": 1,
    "18143": 1,
    "47960": 2,
    "2265": 1,
    "2264": 1,
    "100": 8,
    "1524": 1,
    "1523": 1,
    "1522": 1,
    "1508": 1,
    "5429": 2,
    "16966": 2,
    "1526": 1
}}
{"owgh": {
    "43737": 3,
    "100": 3
}}
{"obeyd": {"100": 2}}
{"owle": {
    "2265": 1,
    "2264": 4
}}
{"orderly": {
    "2265": 1,
    "100": 8,
    "1524": 1,
    "1508": 2,
    "23044": 1,
    "1515": 1
}}
{"owls": {
    "1286": 1,
    "100": 4,
    "23046": 2,
    "20657": 1,
    "23042": 2,
    "1430": 1
}}
{"owns": {
    "16055": 2,
    "23045": 2,
    "1286": 2,
    "43737": 2,
    "23046": 2,
    "1041": 2,
    "27726": 2,
    "20657": 2,
    "1514": 2,
    "1513": 2,
    "1533": 2,
    "1532": 2,
    "23042": 3,
    "1531": 2,
    "1112": 2,
    "23044": 2,
    "1430": 2,
    "27761": 2,
    "1519": 2,
    "1539": 2,
    "1515": 2,
    "18143": 2,
    "47960": 2,
    "2265": 2,
    "2264": 2,
    "100": 4,
    "1524": 2,
    "1523": 2,
    "1522": 2,
    "1508": 2,
    "5429": 2,
    "16966": 2,
    "1526": 2
}}
{"ofris": {"43737": 9}}
{"owne": {
    "16055": 1,
    "1112": 17,
    "47960": 4,
    "23044": 5,
    "43737": 2,
    "2265": 31,
    "2264": 17
}}
{"obeys": {
    "100": 6,
    "1524": 1,
    "27761": 1,
    "16966": 1
}}
{"owre": {"43737": 2}}
{"owth": {"43737": 1}}
{"owte": {"43737": 2}}
{"ontthe": {"100": 1}}
{"owst": {
    "23042": 1,
    "100": 4,
    "1041": 1
}}
{"owyn": {"43737": 1}}
{"obstructions": {"100": 1}}
{"oxen": {
    "43737": 1,
    "100": 8,
    "1508": 1,
    "1526": 1
}}
{"oswed": {"43737": 3}}
{"originall": {"16055": 1}}
{"originale": {"18143": 1}}
{"originals": {
    "1286": 1,
    "16055": 1,
    "20657": 1,
    "5429": 1
}}
{"overwhelming": {
    "100": 1,
    "1513": 1,
    "27726": 1,
    "47960": 3,
    "16966": 6
}}
{"ouerturnyt": {"43737": 1}}
{"ourself": {
    "100": 24,
    "1524": 3,
    "1522": 1,
    "1533": 2,
    "1532": 1,
    "27761": 1,
    "23045": 3
}}
{"opposer": {
    "100": 2,
    "27761": 1,
    "1430": 1
}}
{"opposes": {
    "100": 1,
    "16966": 1
}}
{"obtenir": {"18143": 4}}
{"opposed": {
    "47960": 6,
    "23045": 1,
    "1286": 5,
    "43737": 6,
    "2265": 1,
    "27726": 1,
    "20657": 5,
    "100": 16,
    "1513": 1,
    "1112": 1,
    "1539": 1,
    "5429": 1,
    "16966": 3,
    "1515": 1
}}
{"oathbreaking": {"100": 1}}
{"ordinaires": {"18143": 1}}
{"odious": {
    "1514": 1,
    "100": 10,
    "1523": 1,
    "23042": 3,
    "1531": 1,
    "23044": 1,
    "1286": 1,
    "20657": 1,
    "5429": 1
}}
{"ordynale": {"43737": 1}}
{"orewhelm": {"2265": 1}}
{"obscurities": {
    "5429": 1,
    "47960": 1,
    "16966": 3
}}
{"ofdune": {"43737": 1}}
{"onmiddan": {"43737": 1}}
{"outwent": {
    "1286": 1,
    "20657": 1,
    "100": 2
}}
{"oftas": {"1430": 1}}
{"oyes": {
    "100": 2,
    "23044": 1
}}
{"official": {
    "16055": 3,
    "23045": 3,
    "1286": 3,
    "43737": 3,
    "23046": 3,
    "1041": 3,
    "27726": 3,
    "20657": 3,
    "1514": 3,
    "1513": 3,
    "1533": 3,
    "1532": 3,
    "23042": 3,
    "1531": 3,
    "1112": 3,
    "23044": 3,
    "1430": 3,
    "27761": 4,
    "1519": 3,
    "1539": 3,
    "1515": 3,
    "18143": 3,
    "47960": 3,
    "2265": 3,
    "2264": 3,
    "100": 4,
    "1524": 3,
    "1523": 3,
    "1522": 3,
    "1508": 3,
    "5429": 3,
    "16966": 4,
    "1526": 3
}}
{"often": {
    "16055": 8,
    "23045": 4,
    "1286": 26,
    "43737": 19,
    "23046": 5,
    "1041": 3,
    "27726": 11,
    "20657": 28,
    "1514": 6,
    "1513": 3,
    "1533": 5,
    "1532": 5,
    "23042": 4,
    "1531": 6,
    "1112": 3,
    "23044": 3,
    "1430": 8,
    "27761": 4,
    "1519": 2,
    "1539": 7,
    "1515": 4,
    "18143": 1,
    "47960": 69,
    "2265": 5,
    "2264": 7,
    "100": 130,
    "1524": 3,
    "1523": 4,
    "1522": 3,
    "1508": 4,
    "5429": 30,
    "16966": 78,
    "1526": 2
}}
{"oerdyd": {
    "1539": 1,
    "100": 1
}}
{"offending": {
    "43737": 1,
    "100": 7,
    "1539": 1,
    "1531": 1
}}
{"officier": {"18143": 1}}
{"oerrank": {"100": 1}}
{"ofthe": {
    "100": 1,
    "1519": 1
}}
{"othello": {
    "16055": 7,
    "100": 324,
    "1531": 327,
    "18143": 1,
    "1430": 67,
    "1286": 75,
    "27726": 19,
    "20657": 75,
    "5429": 5,
    "16966": 346
}}
{"overflowed": {"100": 1}}
{"outwear": {"100": 2}}
{"obediently": {"1430": 1}}
{"order33": {"27761": 1}}
{"oportunitie": {"1112": 1}}
{"oppugnancy": {
    "27726": 1,
    "100": 1,
    "16966": 1
}}
{"orchardside": {"43737": 1}}
{"ordinarily": {"47960": 1}}
{"oereye": {"100": 1}}
{"observd": {
    "100": 5,
    "1522": 1,
    "1508": 1,
    "1533": 1,
    "27761": 1
}}
{"observe": {
    "47960": 3,
    "1286": 6,
    "43737": 2,
    "27726": 2,
    "20657": 7,
    "1514": 1,
    "100": 35,
    "1524": 3,
    "1522": 2,
    "1533": 1,
    "1531": 3,
    "27761": 2,
    "5429": 3,
    "16966": 45,
    "1515": 1,
    "1526": 3
}}
{"ordinaries": {"100": 1}}
{"oberon": {
    "1286": 26,
    "1514": 46,
    "100": 46,
    "27726": 1,
    "20657": 26,
    "1430": 17
}}
{"obserud": {
    "2265": 1,
    "2264": 1
}}
{"obserue": {
    "2265": 3,
    "2264": 1
}}
{"oerlooked": {"100": 2}}
{"occupied": {
    "16055": 1,
    "43737": 5,
    "5429": 1,
    "27761": 2,
    "16966": 10
}}
{"occupies": {
    "27726": 1,
    "47960": 1,
    "16966": 3
}}
{"oeregh": {"43737": 1}}
{"ouvrier": {"18143": 1}}
{"oerrate": {"100": 1}}
{"ordeigne": {"43737": 2}}
{"overpowering": {"16055": 1}}
{"obsequy": {"100": 1}}
{"offense": {
    "1286": 17,
    "27726": 2,
    "18143": 3,
    "1430": 1
}}
{"overshadow": {"16966": 1}}
{"obligationarmigero": {"100": 1}}
{"ordener": {"43737": 1}}
{"outruns": {"100": 3}}
{"objet": {"18143": 2}}
{"occasionhave": {"27726": 1}}
{"overcareful": {"100": 1}}
{"overreach": {
    "100": 1,
    "1508": 1,
    "16966": 1
}}
{"overshades": {"100": 1}}
{"onethousandths": {"27726": 1}}
{"offence": {
    "47960": 5,
    "23045": 18,
    "43737": 3,
    "2265": 9,
    "23046": 2,
    "1041": 2,
    "20657": 17,
    "1514": 1,
    "100": 117,
    "1513": 1,
    "1524": 7,
    "1523": 1,
    "1522": 4,
    "1532": 6,
    "1531": 7,
    "1112": 1,
    "23044": 2,
    "1430": 1,
    "27761": 6,
    "1508": 1,
    "1519": 7,
    "16966": 4,
    "1515": 1,
    "1526": 5
}}
{"offends": {
    "100": 9,
    "1524": 1,
    "1531": 2,
    "27761": 1,
    "23044": 1,
    "1430": 1,
    "2265": 1,
    "1519": 1,
    "1539": 1
}}
{"othelloeven": {"16966": 1}}
{"oerfed": {"100": 1}}
{"outwall": {
    "1532": 1,
    "100": 1
}}
{"opportunity": {
    "16055": 2,
    "23045": 1,
    "1286": 9,
    "43737": 2,
    "23046": 1,
    "1041": 1,
    "27726": 3,
    "20657": 9,
    "1514": 2,
    "1513": 2,
    "1533": 1,
    "1532": 1,
    "23042": 1,
    "1531": 2,
    "1112": 1,
    "23044": 3,
    "1430": 2,
    "27761": 2,
    "1519": 1,
    "1539": 1,
    "1515": 1,
    "18143": 1,
    "47960": 3,
    "2265": 1,
    "2264": 1,
    "100": 23,
    "1524": 1,
    "1523": 1,
    "1522": 1,
    "1508": 1,
    "5429": 4,
    "16966": 12,
    "1526": 2
}}
{"overeying": {
    "100": 1,
    "1508": 1
}}
{"outward": {
    "47960": 1,
    "23045": 3,
    "1286": 5,
    "43737": 3,
    "2265": 3,
    "2264": 1,
    "1041": 7,
    "27726": 1,
    "20657": 5,
    "100": 58,
    "1524": 3,
    "1522": 1,
    "1533": 1,
    "1532": 1,
    "23042": 1,
    "1531": 1,
    "27761": 1,
    "1430": 3,
    "1519": 5,
    "16966": 26,
    "1515": 3,
    "1526": 2
}}
{"oercrows": {
    "100": 1,
    "1524": 1,
    "27761": 4
}}
{"opinions": {
    "1286": 1,
    "2265": 2,
    "2264": 1,
    "27726": 3,
    "20657": 1,
    "100": 14,
    "1524": 2,
    "1522": 1,
    "1533": 1,
    "23044": 1,
    "1430": 1,
    "5429": 8,
    "16966": 3
}}
{"overcloud": {
    "1286": 1,
    "20657": 1
}}
{"obliquity": {"16966": 1}}
{"orizons": {"2265": 1}}
{"ornements": {"18143": 1}}
{"oblig": {"18143": 3}}
{"otherwhiles": {"100": 1}}
{"oerread": {
    "100": 4,
    "1041": 1,
    "1522": 1,
    "1532": 1
}}
{"overtopping": {
    "23042": 1,
    "100": 1
}}
{"outrageous": {
    "100": 7,
    "1524": 1,
    "27761": 1,
    "23046": 1,
    "5429": 1,
    "16966": 1,
    "1515": 1
}}
{"overland": {"100": 1}}
{"orespread": {"16966": 1}}
{"oerpicturing": {"100": 1}}
{"offered": {
    "16055": 2,
    "47960": 1,
    "1286": 19,
    "43737": 2,
    "23046": 1,
    "20657": 19,
    "100": 21,
    "1513": 1,
    "1522": 2,
    "1532": 1,
    "1112": 1,
    "1430": 6,
    "1519": 1,
    "5429": 3,
    "16966": 10,
    "1515": 1
}}
{"otherseven": {"16966": 1}}
{"offendeth": {"100": 1}}
{"oncian": {"43737": 1}}
{"offenders": {
    "100": 16,
    "1523": 1,
    "27761": 2,
    "1430": 1,
    "1286": 1,
    "2265": 1,
    "1041": 2,
    "1519": 1,
    "20657": 1,
    "1539": 1,
    "1515": 1
}}
{"officers": {
    "23045": 13,
    "1286": 3,
    "2265": 2,
    "23046": 4,
    "2264": 1,
    "27726": 2,
    "20657": 5,
    "100": 93,
    "1524": 2,
    "1523": 1,
    "1522": 1,
    "1533": 2,
    "1532": 6,
    "1531": 8,
    "23044": 1,
    "27761": 1,
    "1430": 4,
    "1519": 2,
    "1539": 4,
    "16966": 1,
    "1515": 1,
    "1526": 6
}}
{"ovator": {"100": 1}}
{"overplus": {
    "100": 3,
    "1041": 1
}}
{"object": {
    "47960": 4,
    "23045": 1,
    "1286": 10,
    "43737": 6,
    "23046": 1,
    "1041": 1,
    "27726": 7,
    "20657": 11,
    "1514": 1,
    "100": 45,
    "1524": 1,
    "1523": 1,
    "1532": 3,
    "1531": 2,
    "23044": 1,
    "27761": 2,
    "1430": 1,
    "5429": 1,
    "16966": 19,
    "1515": 1
}}
{"outdoctor": {
    "100": 1,
    "1533": 1
}}
{"ohrenschall": {"47960": 2}}
{"obtruded": {"5429": 1}}
{"oostr": {"43737": 1}}
{"opprobriously": {"100": 1}}
{"opportunely": {
    "1286": 1,
    "43737": 1,
    "20657": 1
}}
{"outparamourd": {
    "1532": 1,
    "100": 1
}}
{"obscurer": {"16966": 2}}
{"obscures": {
    "100": 2,
    "16966": 1,
    "1515": 1
}}
{"obscured": {
    "100": 7,
    "1523": 1,
    "1532": 1,
    "23044": 2,
    "23045": 1,
    "43737": 1,
    "23046": 1,
    "5429": 5,
    "16966": 2
}}
{"overlong": {"100": 1}}
{"overlook": {
    "100": 4,
    "47960": 1
}}
{"oerembellished": {"100": 1}}
{"overlooks": {
    "100": 2,
    "5429": 1
}}
{"occupations": {
    "27726": 1,
    "100": 2,
    "1531": 1
}}
{"olympian": {"100": 2}}
{"outroar": {"100": 1}}
{"obtaind": {
    "100": 7,
    "1508": 1,
    "1539": 1,
    "1515": 2
}}
{"outrode": {"100": 1}}
{"oboth": {
    "1532": 1,
    "100": 1
}}
{"obeyes": {"2265": 1}}
{"obeyed": {
    "100": 8,
    "1532": 1,
    "27761": 1,
    "1430": 6,
    "1286": 3,
    "20657": 3,
    "16966": 3
}}
{"outwards": {"100": 1}}
{"objections": {
    "100": 3,
    "47960": 1,
    "1286": 1,
    "43737": 1,
    "20657": 1,
    "5429": 3,
    "16966": 7
}}
{"obout": {"43737": 2}}
{"offring": {
    "43737": 1,
    "100": 2
}}
{"obidicut": {
    "1532": 1,
    "100": 1
}}
{"oershowerd": {"100": 1}}
{"ordering": {
    "100": 3,
    "1430": 1,
    "1286": 2,
    "1041": 1,
    "20657": 2,
    "1539": 1,
    "16966": 2
}}
{"ouvrage": {"18143": 1}}
{"obidient": {"27726": 1}}
{"overhang": {
    "1286": 1,
    "20657": 1,
    "1430": 1
}}
{"obole": {"18143": 1}}
{"ouragan": {"18143": 1}}
{"one118": {"16966": 1}}
{"one105": {"16966": 1}}
{"oremastert": {"2265": 1}}
{"outstare": {"100": 2}}
{"ouerdone": {"2265": 2}}
{"olivetree": {"43737": 1}}
{"orkney": {"16055": 1}}
{"organs": {
    "100": 7,
    "1532": 1,
    "23044": 1,
    "23045": 1,
    "27726": 3,
    "16966": 1,
    "1515": 1
}}
{"oreperch": {"1112": 1}}
{"organe": {"2265": 1}}
{"ordaining": {
    "1286": 1,
    "100": 1,
    "20657": 1,
    "23044": 1
}}
{"oreille": {"18143": 6}}
{"overboldly": {"100": 1}}
{"oplondysch": {"43737": 2}}
{"online": {
    "16055": 6,
    "23045": 6,
    "1286": 4,
    "43737": 6,
    "23046": 6,
    "1041": 4,
    "27726": 6,
    "20657": 6,
    "1514": 4,
    "1513": 4,
    "1533": 4,
    "1532": 4,
    "23042": 6,
    "1531": 4,
    "1112": 4,
    "23044": 6,
    "1430": 4,
    "27761": 6,
    "1519": 4,
    "1539": 4,
    "1515": 4,
    "18143": 6,
    "47960": 6,
    "2265": 4,
    "2264": 4,
    "100": 4,
    "1524": 4,
    "1523": 4,
    "1522": 4,
    "1508": 4,
    "5429": 6,
    "16966": 6,
    "1526": 4
}}
{"obscur": {"18143": 1}}
{"oncome": {"27761": 1}}
{"overpowers": {
    "27761": 1,
    "16966": 2
}}
{"oervalues": {"100": 1}}
{"obscre": {"47960": 1}}
{"ordring": {
    "1539": 2,
    "100": 2
}}
{"othat": {
    "2265": 1,
    "2264": 2
}}
{"other": {
    "16055": 35,
    "23045": 48,
    "1286": 109,
    "43737": 62,
    "23046": 41,
    "1041": 33,
    "27726": 68,
    "20657": 111,
    "1514": 28,
    "1513": 33,
    "1533": 32,
    "1532": 42,
    "23042": 33,
    "1531": 41,
    "1112": 35,
    "23044": 50,
    "1430": 53,
    "27761": 27,
    "1519": 36,
    "1539": 39,
    "1515": 39,
    "18143": 17,
    "47960": 137,
    "2265": 47,
    "2264": 35,
    "100": 735,
    "1524": 30,
    "1523": 34,
    "1522": 31,
    "1508": 34,
    "5429": 79,
    "16966": 285,
    "1526": 27
}}
{"othes": {"43737": 1}}
{"oblations": {
    "1286": 1,
    "20657": 1,
    "100": 1
}}
{"oliftre": {"43737": 1}}
{"overjoyed": {
    "1286": 1,
    "20657": 1
}}
{"othir": {"43737": 3}}
{"othis": {
    "2265": 1,
    "27761": 1
}}
{"oozes": {"100": 1}}
{"onehalf": {"1286": 1}}
{"ordenance": {
    "43737": 1,
    "2265": 1
}}
{"ostent": {
    "100": 3,
    "1515": 1
}}
{"overlive": {"100": 1}}
{"oerrun": {
    "23045": 1,
    "100": 5,
    "1523": 1,
    "1508": 1
}}
{"observant": {
    "1286": 1,
    "100": 2,
    "1524": 1,
    "20657": 1,
    "16966": 2
}}
{"overcool": {"100": 1}}
{"oatcake": {
    "43737": 1,
    "100": 1,
    "1519": 1,
    "27726": 1
}}
{"occurrences": {
    "100": 1,
    "5429": 4
}}
{"openlice": {"43737": 1}}
{"overcome": {
    "100": 12,
    "1524": 1,
    "1523": 1,
    "1533": 1,
    "47960": 2,
    "1286": 4,
    "43737": 1,
    "20657": 4,
    "16966": 10
}}
{"obliterate": {"27726": 1}}
{"oersnowed": {
    "100": 1,
    "1041": 1
}}
{"outworths": {"100": 1}}
{"oldcastles": {"27726": 1}}
{"overjoy": {"100": 1}}
{"orsino": {
    "1286": 28,
    "100": 9,
    "20657": 30,
    "1526": 9,
    "1430": 10
}}
{"ogden": {"16055": 1}}
{"officious": {
    "1286": 1,
    "1514": 1,
    "100": 6,
    "20657": 1,
    "1539": 2,
    "1430": 1
}}
{"offerings": {
    "43737": 1,
    "100": 1
}}
{"ovidius": {"100": 1}}
{"oermatched": {"100": 1}}
{"overclouded": {
    "1286": 1,
    "20657": 1
}}
{"oiling": {"47960": 1}}
{"oerperch": {
    "100": 1,
    "1513": 1,
    "47960": 3
}}
{"osixpence": {"23046": 1}}
{"oerpressd": {
    "100": 1,
    "1041": 1
}}
{"oerglancd": {"100": 1}}
{"odds65": {"27761": 1}}
{"ofsende": {"43737": 2}}
{"overwhelms": {
    "27761": 1,
    "16966": 1
}}
{"overwhelmd": {
    "100": 1,
    "1519": 1
}}
{"othre": {"43737": 2}}
{"ophelia70": {"16966": 1}}
{"outragious": {"2265": 1}}
{"oueral": {"43737": 1}}
{"outhire": {"43737": 2}}
{"oerlabourd": {"100": 1}}
{"oergrow": {"100": 1}}
{"ouerte": {"43737": 1}}
{"oegelic": {"43737": 1}}
{"ownself": {
    "27761": 1,
    "1430": 1
}}
{"oergalled": {"100": 1}}
{"owedst": {"16966": 1}}
{"overpartial": {
    "100": 1,
    "1041": 1
}}
{"occurrence": {
    "100": 1,
    "23042": 1,
    "23045": 1,
    "43737": 1,
    "27726": 1,
    "16966": 2,
    "1526": 1
}}
{"overrides": {"16966": 1}}
{"oritore": {"43737": 2}}
{"orfebvre": {"16055": 1}}
{"occurrents": {
    "2265": 1,
    "100": 1,
    "1524": 1
}}
{"ourselvesto": {
    "100": 1,
    "1524": 1
}}
{"ophelia12": {"27761": 1}}
{"oaktree": {"47960": 1}}
{"overroasted": {
    "100": 2,
    "1508": 1
}}
{"oghne": {"43737": 2}}
{"opportunities": {
    "16055": 1,
    "23045": 1,
    "1286": 1,
    "43737": 1,
    "23046": 1,
    "1041": 1,
    "27726": 2,
    "20657": 1,
    "1514": 1,
    "1513": 1,
    "1533": 1,
    "1532": 2,
    "23042": 1,
    "1531": 1,
    "1112": 1,
    "23044": 3,
    "1430": 1,
    "27761": 1,
    "1519": 1,
    "1539": 1,
    "1515": 1,
    "18143": 1,
    "47960": 2,
    "2265": 1,
    "2264": 1,
    "100": 4,
    "1524": 1,
    "1523": 1,
    "1522": 1,
    "1508": 1,
    "5429": 4,
    "16966": 2,
    "1526": 1
}}
{"october": {
    "16055": 2,
    "1508": 1,
    "23042": 1,
    "47960": 1,
    "16966": 1
}}
{"overfly": {"100": 1}}
{"outfrown": {
    "1532": 1,
    "100": 1,
    "16966": 1
}}
{"othello214": {"16966": 1}}
{"overfar": {
    "100": 1,
    "1526": 1
}}
{"occulted": {
    "2265": 1,
    "100": 1,
    "1524": 1,
    "27761": 2,
    "16966": 1
}}
{"outvoice": {"100": 1}}
{"overearnest": {
    "100": 1,
    "1522": 1
}}
{"oldfashioned": {"47960": 1}}
{"oerreach": {"100": 1}}
{"occasioned": {
    "1286": 1,
    "20657": 1,
    "5429": 1,
    "16966": 2
}}
{"obstructto": {"27761": 1}}
{"occasional": {
    "16055": 1,
    "47960": 1,
    "16966": 5
}}
{"ontils": {"18143": 1}}
{"oerleap": {
    "100": 2,
    "1533": 1
}}
{"ossements": {"18143": 1}}
{"oldcastle": {
    "27726": 5,
    "100": 1
}}
{"optimists": {"16966": 1}}
{"obstinment": {"18143": 1}}
{"obliging": {
    "1286": 2,
    "20657": 2
}}
{"overthrow": {
    "100": 18,
    "1522": 1,
    "1531": 1,
    "47960": 1,
    "27761": 2,
    "1286": 1,
    "1041": 1,
    "1519": 1,
    "27726": 2,
    "20657": 1,
    "1526": 1
}}
{"orodes": {"100": 1}}
{"overmerry": {
    "100": 1,
    "1508": 1
}}
{"oghte": {"43737": 7}}
{"oftener": {
    "23045": 1,
    "1514": 1,
    "100": 3,
    "47960": 3
}}
{"onesidedly": {"16966": 2}}
{"ostrovski": {"27726": 1}}
{"onethird": {
    "1286": 1,
    "47960": 1
}}
{"overhead": {"43737": 1}}
{"oerprized": {"23042": 1}}
{"overhear": {
    "1286": 2,
    "1514": 1,
    "100": 2,
    "20657": 2,
    "1430": 2
}}
{"oreteamed": {"2265": 1}}
{"owners": {
    "100": 7,
    "47960": 1,
    "1286": 1,
    "1041": 2,
    "20657": 1,
    "16966": 1,
    "1515": 1
}}
{"oerpaid": {
    "1532": 1,
    "100": 1
}}
{"overgo": {"100": 1}}
{"oddconceited": {"100": 1}}
{"outlook": {
    "16055": 1,
    "27726": 1,
    "100": 1
}}
{"odorous": {
    "1514": 1,
    "100": 2,
    "1519": 1
}}
{"oerpast": {"100": 2}}
{"omittst": {"100": 1}}
{"overproud": {"100": 2}}
{"oerblows": {"100": 1}}
{"odieux": {"18143": 6}}
{"ongegn": {"43737": 1}}
{"overawe": {
    "100": 1,
    "16966": 1
}}
{"obtuseness": {"16966": 1}}
{"overare": {"20657": 1}}
{"omitted": {
    "16055": 2,
    "100": 4,
    "1522": 1,
    "23042": 1,
    "47960": 7,
    "23044": 2,
    "1430": 1,
    "23045": 3,
    "43737": 4,
    "23046": 1,
    "5429": 5,
    "16966": 7
}}
{"oceans": {"100": 3}}
{"oceano": {"16966": 1}}
{"overmatching": {"100": 1}}
{"orsinos": {
    "1286": 7,
    "100": 8,
    "20657": 8,
    "47960": 1,
    "1526": 8,
    "1430": 3
}}
{"overruling": {
    "1286": 1,
    "20657": 1
}}
{"outfaced": {"100": 4}}
{"opend": {
    "16055": 1,
    "100": 9,
    "1524": 1,
    "1533": 1,
    "23042": 1,
    "27761": 1,
    "2265": 1,
    "2264": 1,
    "1539": 1
}}
{"opens": {
    "47960": 3,
    "1286": 2,
    "27726": 2,
    "20657": 2,
    "100": 13,
    "1522": 2,
    "1533": 1,
    "23042": 2,
    "1531": 1,
    "23044": 1,
    "27761": 1,
    "5429": 2,
    "16966": 9,
    "1515": 2
}}
{"oposer": {"43737": 1}}
{"opent": {
    "1539": 2,
    "100": 3
}}
{"opera": {"16055": 1}}
{"oerwhile": {"43737": 2}}
{"obedlamo": {
    "1532": 1,
    "100": 1
}}
{"oerpays": {"100": 1}}
{"obstacle": {
    "43737": 1,
    "100": 2,
    "18143": 1,
    "16966": 6,
    "1526": 1
}}
{"obvious61": {"16966": 1}}
{"oerteemed": {
    "100": 1,
    "1524": 1
}}
{"obitte": {"43737": 1}}
{"otter": {"100": 3}}
{"oertook": {
    "100": 2,
    "1524": 1,
    "1533": 1
}}
{"obitus": {"43737": 1}}
{"oerhanging": {
    "100": 1,
    "1524": 1,
    "27761": 1,
    "16966": 2
}}
{"organization": {"16055": 1}}
{"outgrown": {"100": 1}}
{"otherwise": {
    "47960": 4,
    "43737": 2,
    "2265": 3,
    "27726": 1,
    "100": 38,
    "1524": 3,
    "1522": 1,
    "23042": 1,
    "1531": 1,
    "23044": 4,
    "27761": 3,
    "1430": 1,
    "1508": 1,
    "1519": 3,
    "1539": 1,
    "16966": 27,
    "1526": 1
}}
{"ophel": {"2265": 2}}
{"outstood": {"100": 1}}
{"ottomites": {
    "100": 3,
    "1531": 3
}}
{"oppress": {
    "43737": 2,
    "100": 3,
    "1513": 1,
    "18143": 1,
    "47960": 1,
    "16966": 1
}}
{"opprest": {
    "2265": 1,
    "100": 1
}}
{"oerpowered": {"100": 2}}
{"ontlive": {
    "100": 1,
    "1533": 1
}}
{"oermasterest": {"100": 1}}
{"oother": {"16966": 1}}
{"overwhelm": {
    "1286": 1,
    "100": 2,
    "20657": 1,
    "5429": 1,
    "16966": 1
}}
{"ophelias": {
    "100": 1,
    "1524": 1,
    "27761": 3,
    "16966": 23,
    "1430": 1
}}
{"outstrip": {
    "23042": 1,
    "100": 3,
    "1430": 1
}}
{"oertrip": {
    "100": 1,
    "1515": 1
}}
{"oerpeer": {"100": 1}}
{"oerprizd": {"100": 1}}
{"oneandtwenty": {"100": 1}}
{"outdares": {"100": 1}}
{"outdared": {"100": 1}}
{"ophelia5": {"27761": 1}}
{"opheliaa": {"16966": 1}}
{"overloading": {"16966": 1}}
{"occhi": {
    "18143": 1,
    "47960": 1
}}
{"of234ly229": {"1430": 1}}
{"occis": {"27726": 1}}
{"outdated": {
    "16055": 1,
    "23045": 1,
    "1286": 1,
    "43737": 1,
    "23046": 1,
    "1041": 1,
    "27726": 1,
    "20657": 1,
    "1514": 1,
    "1513": 1,
    "1533": 1,
    "1532": 1,
    "23042": 1,
    "1531": 1,
    "1112": 1,
    "23044": 1,
    "1430": 1,
    "27761": 1,
    "1519": 1,
    "1539": 1,
    "1515": 1,
    "18143": 1,
    "47960": 1,
    "2265": 1,
    "2264": 1,
    "100": 1,
    "1524": 1,
    "1523": 1,
    "1522": 1,
    "1508": 1,
    "5429": 1,
    "16966": 1,
    "1526": 1
}}
{"ofdrdd": {"43737": 1}}
{"oldfacd": {"100": 1}}
{"operative": {
    "1532": 1,
    "100": 1
}}
{"occup": {"18143": 1}}
{"occur": {
    "16055": 1,
    "23045": 3,
    "1286": 1,
    "43737": 1,
    "23046": 2,
    "1041": 1,
    "27726": 3,
    "20657": 1,
    "1514": 1,
    "1513": 1,
    "1533": 1,
    "1532": 1,
    "23042": 3,
    "1531": 1,
    "1112": 1,
    "23044": 2,
    "1430": 1,
    "27761": 1,
    "1519": 1,
    "1539": 1,
    "1515": 1,
    "18143": 1,
    "47960": 7,
    "2265": 1,
    "2264": 1,
    "100": 1,
    "1524": 1,
    "1523": 1,
    "1522": 1,
    "1508": 1,
    "5429": 2,
    "16966": 33,
    "1526": 1
}}
{"outstretchd": {
    "23045": 1,
    "100": 2,
    "1524": 1
}}
{"outstretcht": {"2265": 1}}
{"overripened": {"100": 1}}
{"outline": {
    "27726": 1,
    "47960": 1,
    "16966": 3
}}
{"operating": {"16966": 1}}
{"operation": {
    "100": 6,
    "1513": 1,
    "1532": 1,
    "1112": 1,
    "47960": 5,
    "1286": 3,
    "43737": 1,
    "27726": 1,
    "20657": 3,
    "5429": 1,
    "16966": 2
}}
{"overcharged": {
    "100": 3,
    "47960": 1
}}
{"owning": {
    "43737": 1,
    "1539": 1,
    "100": 1
}}
{"outliue": {"2265": 1}}
{"outlive": {
    "100": 18,
    "1524": 1,
    "1522": 1,
    "1531": 1,
    "27761": 2,
    "1286": 1,
    "1041": 3,
    "20657": 1,
    "1515": 1
}}
{"oerspread": {"100": 1}}
{"ofsndan": {"43737": 1}}
{"occas": {"43737": 4}}
{"overhold": {"100": 1}}
{"oercast": {"100": 2}}
{"ongles": {"100": 2}}
{"outcome": {
    "27726": 1,
    "100": 1,
    "16966": 2
}}
{"oerwhelm": {
    "100": 6,
    "1524": 1,
    "1532": 1,
    "1539": 1,
    "27761": 1,
    "1430": 1
}}
{"obstruct": {"5429": 1}}
{"oeillades": {
    "1532": 1,
    "100": 2,
    "23044": 2
}}
{"ovocativoo": {"100": 1}}
{"officials": {"1430": 1}}
{"oercame": {
    "100": 2,
    "1524": 1
}}
{"ouerhappy": {"2265": 1}}
{"omission": {
    "23045": 4,
    "100": 1,
    "27726": 2,
    "47960": 3,
    "23044": 3,
    "16966": 15
}}
{"overblown": {
    "23042": 1,
    "100": 5,
    "1508": 1
}}
{"obviously": {
    "27726": 4,
    "16966": 17
}}
{"overwatchd": {
    "1514": 1,
    "100": 1
}}
{"oergone": {"100": 1}}
{"oerturn": {"100": 2}}
{"offhand": {"16966": 1}}
{"ocean": {
    "47960": 1,
    "1286": 1,
    "43737": 2,
    "2265": 1,
    "23046": 1,
    "2264": 1,
    "1041": 3,
    "27726": 1,
    "20657": 1,
    "100": 33,
    "1524": 1,
    "1522": 1,
    "1533": 1,
    "23044": 1,
    "16966": 5,
    "1515": 1
}}
{"oraisons": {"18143": 1}}
{"otherwhile": {"43737": 1}}
{"oerflowd": {"100": 1}}
{"oerflows": {"100": 3}}
{"overtedious": {"100": 1}}
{"obligation": {
    "100": 5,
    "1524": 2,
    "1532": 1,
    "27761": 2,
    "23044": 1,
    "1286": 1,
    "43737": 3,
    "2265": 2,
    "27726": 1,
    "20657": 1,
    "16966": 5
}}
{"oernights": {"100": 1}}
{"ouerpeering": {"2265": 1}}
{"orgueilleux": {"18143": 1}}
{"ouvrir": {"18143": 2}}
{"ouvrit": {"18143": 2}}
{"outshining": {"100": 1}}
{"overwhelmed": {
    "1286": 3,
    "100": 2,
    "20657": 3,
    "16966": 5
}}
{"overrunning": {"100": 1}}
{"outliving": {"100": 1}}
{"operated": {
    "16055": 1,
    "16966": 1
}}
{"outdone": {
    "1286": 2,
    "100": 1,
    "20657": 2,
    "47960": 1,
    "1430": 1
}}
{"outdoor": {"43737": 1}}
{"overshine": {"100": 2}}
{"outraging": {"16966": 1}}
{"olympushigh": {
    "100": 1,
    "1531": 1
}}
{"oerlook": {
    "1514": 1,
    "100": 5,
    "1041": 1,
    "1532": 1
}}
{"oildried": {"100": 1}}
{"occupancy": {"47960": 1}}
{"oerswell": {
    "100": 3,
    "1522": 1
}}
{"overdone": {
    "23045": 5,
    "100": 8,
    "1524": 2,
    "27761": 2
}}
{"oresdg": {"43737": 1}}
{"obsequiously": {"100": 1}}
{"older": {
    "16055": 2,
    "47960": 3,
    "1286": 4,
    "43737": 9,
    "2264": 1,
    "1041": 1,
    "27726": 10,
    "20657": 4,
    "100": 5,
    "1513": 1,
    "1522": 1,
    "1533": 1,
    "1112": 1,
    "1430": 3,
    "5429": 2,
    "16966": 10
}}
{"olden": {
    "100": 1,
    "2264": 1,
    "1533": 1,
    "47960": 2
}}
{"obtayned": {"16966": 1}}
{"ouercoms": {"43737": 1}}
{"ouercome": {
    "2265": 1,
    "2264": 1
}}
{"oerflowing": {"100": 2}}
{"outvillaind": {"100": 1}}
{"oppen": {"43737": 1}}
{"onbufan": {"43737": 1}}
{"oswald": {
    "100": 56,
    "1532": 56,
    "27726": 7,
    "16966": 19
}}
{"orehanging": {"2265": 1}}
{"occupacion": {"43737": 2}}
{"observations": {
    "100": 1,
    "47960": 1,
    "27761": 1,
    "1286": 1,
    "1519": 1,
    "27726": 1,
    "20657": 1,
    "5429": 6,
    "16966": 1
}}
{"oerhear": {
    "100": 1,
    "1524": 1,
    "27761": 1
}}
{"overhandled": {"100": 1}}
{"otherwhere": {
    "100": 2,
    "23046": 1
}}
{"oferlecgan": {"43737": 1}}
{"ophelianymph": {"27761": 1}}
{"oftsubdued": {"100": 1}}
{"oylle": {"43737": 1}}
{"oathable": {"100": 1}}
{"oiseaux": {"18143": 1}}
{"oncewhat": {
    "100": 1,
    "1513": 1,
    "47960": 1
}}
{"oleus": {"43737": 1}}
{"odysseus": {"27726": 1}}
{"ofttimes": {"100": 1}}
{"observingly": {
    "100": 1,
    "16966": 1
}}
{"oerbearing": {
    "100": 2,
    "1531": 1
}}
{"outbreathed": {"100": 1}}
{"onequarter": {"16055": 1}}
{"opinioned": {
    "100": 1,
    "1519": 1
}}
{"obissez": {"18143": 1}}
{"oercoverd": {
    "100": 1,
    "1513": 1,
    "47960": 1
}}
{"overnight": {
    "1286": 1,
    "20657": 1,
    "100": 1
}}
{"olian": {"43737": 1}}
{"objected": {
    "100": 1,
    "5429": 1,
    "47960": 1,
    "16966": 2
}}
{"olien": {"43737": 1}}
{"oysterwench": {
    "27726": 1,
    "100": 1
}}
{"oerchargd": {
    "1539": 1,
    "100": 1,
    "1041": 1
}}
{"oddest": {
    "23045": 1,
    "100": 1
}}
{"oreway": {"2265": 1}}
{"original": {
    "16055": 13,
    "23045": 6,
    "1286": 1,
    "43737": 7,
    "23046": 3,
    "1041": 1,
    "27726": 8,
    "20657": 1,
    "1514": 2,
    "1513": 1,
    "1533": 1,
    "1532": 1,
    "23042": 3,
    "1531": 1,
    "1112": 1,
    "23044": 7,
    "1430": 1,
    "27761": 5,
    "1519": 1,
    "1539": 1,
    "1515": 1,
    "18143": 1,
    "47960": 15,
    "2265": 2,
    "2264": 2,
    "100": 3,
    "1524": 1,
    "1523": 1,
    "1522": 1,
    "1508": 1,
    "5429": 14,
    "16966": 30,
    "1526": 1
}}
{"oubli": {
    "100": 1,
    "18143": 2
}}
{"outsport": {
    "100": 1,
    "1531": 1,
    "1430": 1
}}
{"overweatherd": {
    "100": 1,
    "1515": 1
}}
{"ordinate": {"2265": 1}}
{"oersways": {
    "100": 2,
    "1524": 1,
    "1041": 1,
    "27761": 2
}}
{"ordinary": {
    "16055": 1,
    "47960": 6,
    "1286": 1,
    "43737": 2,
    "27726": 1,
    "20657": 1,
    "100": 12,
    "1523": 2,
    "1522": 3,
    "1532": 1,
    "27761": 1,
    "16966": 15,
    "1526": 2
}}
{"oublier": {"18143": 5}}
{"oubliez": {"18143": 1}}
{"ordinant": {
    "100": 1,
    "1524": 1,
    "16966": 1
}}
{"ordinale": {"43737": 1}}
{"oerweighs": {
    "23045": 1,
    "100": 1
}}
{"oersized": {
    "100": 1,
    "1524": 1,
    "16966": 1
}}
{"objectan": {"27726": 1}}
{"observation": {
    "16055": 1,
    "47960": 1,
    "1286": 4,
    "23046": 1,
    "27726": 1,
    "20657": 4,
    "1514": 1,
    "100": 10,
    "1524": 1,
    "1523": 1,
    "1532": 1,
    "23042": 1,
    "27761": 1,
    "1430": 1,
    "5429": 7,
    "16966": 7
}}
{"oversee": {"100": 1}}
{"outcomes": {"16966": 1}}
{"obeying": {
    "1286": 2,
    "100": 3,
    "27726": 1,
    "20657": 2,
    "47960": 1,
    "16966": 3
}}
{"oerparted": {"100": 1}}
{"oppressors": {
    "2265": 1,
    "100": 1,
    "1524": 1,
    "27761": 1,
    "16966": 1
}}
{"orchard106": {"27761": 1}}
{"overset": {
    "100": 1,
    "1513": 1,
    "47960": 1
}}
{"ontfrailty": {
    "100": 1,
    "1524": 1,
    "27761": 1,
    "16966": 1
}}
{"otways": {"47960": 1}}
{"oghain": {"43737": 3}}
{"overrun": {"100": 1}}
{"outsleep": {
    "1514": 1,
    "100": 1
}}
{"overturnd": {"100": 1}}
{"overcanopied": {
    "1514": 1,
    "100": 1
}}
{"ostentatious": {
    "1286": 2,
    "20657": 2,
    "5429": 3
}}
{"oriental": {
    "16055": 1,
    "43737": 1,
    "27726": 1,
    "16966": 1
}}
{"oerstrawd": {"100": 1}}
{"overred": {
    "100": 1,
    "1533": 1
}}
{"owthyre": {"43737": 2}}
{"orange": {
    "100": 2,
    "1519": 2
}}
{"oftrepeated": {"16966": 1}}
{"oreilles": {"18143": 5}}
{"olive": {
    "43737": 1,
    "100": 6,
    "1523": 1,
    "27726": 2,
    "1526": 1,
    "1430": 2
}}
{"ounces": {
    "100": 1,
    "16966": 1
}}
{"oeuvre": {"18143": 1}}
{"objectionthat": {"16966": 1}}
{"origenes": {"43737": 1}}
{"outscold": {"100": 1}}
{"ofhild": {"43737": 1}}
{"oerlookd": {
    "100": 2,
    "23044": 1,
    "1515": 1
}}
{"oercome": {"100": 2}}
{"outstretched": {"100": 3}}
{"orsday": {"43737": 2}}
{"orchestra": {"47960": 1}}
{"overpay": {"100": 1}}
{"oerleavens": {
    "100": 1,
    "1524": 1
}}
{"obiect": {"2265": 1}}
{"offrings": {
    "100": 3,
    "2264": 1,
    "1533": 1,
    "1526": 1
}}
{"outdoing": {"16966": 1}}
{"ouere": {"43737": 2}}
{"outtongue": {
    "100": 1,
    "1531": 1
}}
{"overflowing": {"16966": 2}}
{"ombres": {"18143": 1}}
{"occurring": {
    "23045": 1,
    "27726": 1,
    "47960": 2,
    "16966": 2
}}
{"oermaster": {"27761": 2}}
{"oerthrows": {"100": 1}}
{"oerthrown": {
    "100": 6,
    "1524": 1,
    "23042": 1,
    "1539": 1,
    "27761": 1
}}
{"oakcleaving": {
    "1532": 1,
    "100": 1
}}
{"oghene": {"43737": 3}}
{"ostlers": {"100": 1}}
{"othersthe": {"27726": 1}}
{"operance": {"100": 1}}
{"overview": {"100": 1}}
{"operandi": {"16055": 1}}
{"ouhte": {"43737": 2}}
{"outscorn": {
    "1532": 1,
    "100": 1
}}
{"ought": {
    "47960": 3,
    "23045": 2,
    "1286": 4,
    "43737": 15,
    "2265": 9,
    "27726": 5,
    "20657": 4,
    "1514": 2,
    "100": 24,
    "1513": 1,
    "1523": 1,
    "1522": 2,
    "1532": 1,
    "23042": 2,
    "1112": 2,
    "23044": 1,
    "27761": 3,
    "1430": 2,
    "1519": 2,
    "5429": 7,
    "16966": 37,
    "1526": 1
}}
{"ossa43": {"27761": 1}}
{"oui54": {"18143": 1}}
{"opression": {"1112": 1}}
{"oppressing": {"100": 1}}
{"oppression": {
    "47960": 4,
    "1286": 1,
    "2265": 1,
    "1041": 1,
    "20657": 1,
    "100": 16,
    "1513": 3,
    "1524": 1,
    "1532": 1,
    "1112": 2,
    "27761": 3,
    "1430": 1,
    "16966": 4
}}
{"offenceless": {
    "100": 1,
    "1531": 1
}}
{"overshoot": {"100": 1}}
{"ontand": {"100": 1}}
{"outdare": {"100": 1}}
{"overshoes": {"100": 2}}
{"ordinaires56": {"18143": 1}}
{"orebeare": {"2264": 1}}
{"oppressive": {
    "1286": 1,
    "20657": 1,
    "16966": 1
}}
{"ofhold": {"27761": 1}}
{"oerhang": {"100": 1}}
{"obscenely": {
    "1514": 1,
    "100": 2
}}
{"orlandos": {
    "1286": 3,
    "20657": 3,
    "1430": 3
}}
{"orator": {
    "23045": 1,
    "100": 14,
    "23046": 2,
    "1522": 1,
    "23042": 1,
    "23044": 1
}}
{"outlustres": {
    "16055": 1,
    "100": 1
}}
{"oernight": {"100": 1}}
{"oerflow": {
    "100": 3,
    "23044": 3
}}
{"odieuse": {"18143": 1}}
{"opposites": {
    "16055": 1,
    "2265": 1,
    "100": 3,
    "1524": 1,
    "1532": 1,
    "16966": 1
}}
{"obstacles": {
    "1286": 1,
    "100": 2,
    "20657": 1,
    "16966": 5
}}
{"outlines": {
    "47960": 1,
    "16966": 1
}}
{"oneselfa": {"27726": 1}}
{"outlined": {"47960": 1}}
{"openhanded": {"1286": 1}}
{"osiers": {
    "100": 3,
    "1523": 1
}}
{"oerfraught": {
    "100": 1,
    "16966": 1,
    "1533": 1
}}
{"oerstep": {
    "100": 1,
    "1524": 1,
    "27761": 1
}}
{"oracles": {
    "100": 3,
    "2264": 1,
    "1533": 1,
    "16966": 2
}}
{"overpowered": {
    "1286": 2,
    "100": 1,
    "1522": 1,
    "27726": 1,
    "20657": 2
}}
{"ostentatiously": {"5429": 1}}
{"opinion": {
    "47960": 5,
    "23045": 2,
    "1286": 4,
    "43737": 4,
    "2265": 1,
    "27726": 15,
    "20657": 4,
    "100": 87,
    "1524": 1,
    "1523": 2,
    "1522": 5,
    "1532": 3,
    "23042": 1,
    "1531": 4,
    "23044": 1,
    "1430": 3,
    "27761": 2,
    "1508": 1,
    "1519": 2,
    "1539": 3,
    "5429": 13,
    "16966": 29,
    "1515": 6,
    "1526": 6
}}
{"overborne": {
    "1514": 1,
    "100": 6,
    "1519": 1,
    "16966": 1
}}
{"onewhen": {"100": 1}}
{"ofgood": {"100": 1}}
{"oscillating": {"16966": 3}}
{"occurs": {
    "16055": 1,
    "23042": 2,
    "47960": 16,
    "23045": 1,
    "43737": 1,
    "23046": 1,
    "16966": 24
}}
{"obedientiary": {"43737": 1}}
{"occult": {"16055": 1}}
{"oertopping": {"100": 1}}
{"ouzond": {"43737": 1}}
{"openly": {
    "100": 8,
    "1430": 1,
    "1286": 2,
    "43737": 4,
    "23046": 1,
    "1508": 1,
    "20657": 2,
    "1539": 1,
    "16966": 7
}}
{"occupe": {"18143": 1}}
{"occupy": {
    "1286": 1,
    "100": 2,
    "1513": 1,
    "27726": 1,
    "20657": 1,
    "16966": 9
}}
{"originator": {
    "16055": 1,
    "23045": 1,
    "1286": 1,
    "43737": 1,
    "23046": 1,
    "1041": 1,
    "27726": 1,
    "20657": 1,
    "1514": 1,
    "1513": 1,
    "1533": 1,
    "1532": 1,
    "23042": 1,
    "1531": 1,
    "1112": 1,
    "23044": 1,
    "1430": 1,
    "27761": 1,
    "1519": 1,
    "1539": 1,
    "1515": 1,
    "18143": 1,
    "47960": 1,
    "2265": 1,
    "2264": 1,
    "100": 1,
    "1524": 1,
    "1523": 1,
    "1522": 1,
    "1508": 1,
    "5429": 1,
    "16966": 1,
    "1526": 1
}}
{"oershine": {"100": 1}}
{"originated": {
    "27726": 1,
    "47960": 1
}}
{"opened": {
    "100": 6,
    "1430": 6,
    "1286": 6,
    "43737": 1,
    "27726": 2,
    "20657": 6,
    "5429": 2,
    "16966": 3,
    "1526": 1
}}
{"opener": {"100": 1}}
{"overcomes": {
    "43737": 1,
    "100": 1,
    "16966": 2
}}
{"oclock": {
    "47960": 4,
    "23045": 2,
    "1286": 5,
    "23046": 3,
    "20657": 5,
    "100": 46,
    "1513": 2,
    "1523": 5,
    "1522": 3,
    "23044": 4,
    "1430": 2,
    "1508": 2,
    "1519": 1,
    "1515": 3
}}
{"originates": {"16966": 1}}
{"overchargd": {
    "100": 1,
    "1533": 1
}}
{"onceshall": {
    "23042": 1,
    "100": 1
}}
{"opning": {"100": 1}}
{"ounce": {
    "1514": 1,
    "100": 5,
    "1532": 1,
    "1539": 1,
    "1526": 1
}}
{"outnight": {
    "100": 1,
    "1515": 1
}}
{"oerbear": {
    "100": 5,
    "1533": 1
}}
{"omonday": {"27761": 1}}
{"overtaketh": {"100": 1}}
{"oersway": {
    "100": 2,
    "1522": 1
}}
{"omnipotence": {"16966": 3}}
{"overread": {
    "23045": 1,
    "100": 1
}}
{"overcoming": {
    "47960": 1,
    "16966": 1
}}
{"originality": {"27726": 3}}
{"ouphs": {"23046": 1}}
{"ocular": {
    "100": 1,
    "1531": 1,
    "16966": 1
}}
{"ouercast": {"43737": 1}}
{"ordaynede": {"43737": 1}}
{"organises": {"16966": 1}}
{"outliues": {"2265": 1}}
{"ordinance": {
    "100": 9,
    "1522": 1,
    "1532": 1,
    "43737": 2,
    "2265": 1,
    "27726": 1,
    "16966": 1
}}
{"ouermoche": {"43737": 1}}
{"ordnance": {
    "100": 8,
    "1524": 3,
    "1508": 1,
    "27761": 2
}}
{"omittance": {
    "100": 1,
    "1523": 1
}}
{"ousel": {
    "1514": 1,
    "100": 2
}}
{"onioneyed": {"100": 1}}
{"ouvert": {"18143": 2}}
{"ornate": {"43737": 1}}
{"out53": {"27761": 1}}
{"oswalds": {
    "27726": 1,
    "16966": 1
}}
{"overmuch": {
    "1539": 1,
    "100": 2
}}
{"overthrows": {
    "100": 1,
    "1513": 1,
    "47960": 3
}}
{"outlives": {
    "100": 3,
    "1524": 1,
    "27761": 1
}}
{"outlived": {
    "1286": 1,
    "100": 2,
    "20657": 1,
    "5429": 1
}}
{"othelloespecially": {"16966": 1}}
{"overthrown": {
    "100": 11,
    "1524": 1,
    "1513": 1,
    "1523": 2,
    "1522": 1,
    "1533": 1,
    "47960": 1,
    "23044": 1,
    "43737": 1,
    "1519": 1
}}
{"orison": {"27761": 1}}
{"oerhasty": {
    "100": 1,
    "1524": 1,
    "16966": 1
}}
{"ouris": {"43737": 1}}
{"obligeante": {"18143": 2}}
{"oferseon": {"43737": 1}}
{"ourgh": {"43737": 2}}
{"oncarry": {"23044": 1}}
{"ordenaunse": {"43737": 1}}
{"oelius": {"43737": 2}}
{"orchardtree": {"43737": 1}}
{"orefraught": {"2264": 1}}
{"overscrupulous": {"16966": 1}}
{"openarse": {
    "100": 1,
    "1513": 1
}}
{"ouencore": {"18143": 1}}
{"overruled": {
    "1532": 1,
    "100": 2
}}
{"overrules": {"16966": 1}}
{"outre": {"18143": 1}}
{"outwi": {"43737": 1}}
{"offendress": {"100": 1}}
{"outdo": {
    "1286": 1,
    "20657": 1,
    "16966": 1,
    "1430": 1
}}
{"overdone3": {"23045": 1}}
{"outer": {
    "43737": 5,
    "100": 2,
    "1539": 2,
    "23044": 1,
    "16966": 2
}}
{"overdones": {
    "23045": 2,
    "100": 2
}}
{"outay": {"20657": 1}}
{"oerskip": {
    "1532": 1,
    "100": 1
}}
{"oerspreads": {"100": 1}}
{"outgo": {
    "1286": 2,
    "20657": 2,
    "100": 2
}}
{"osrick": {"27761": 1}}
{"ofmalone": {"27761": 1}}
{"onderuonge": {"43737": 2}}
{"overleapd": {"47960": 1}}
{"oerrules": {
    "1514": 1,
    "100": 1
}}
{"ouercredulous": {"2264": 1}}
{"oerleaps": {
    "100": 1,
    "1533": 1
}}
{"oershade": {"100": 1}}
{"onceyou": {"100": 1}}
{"ouerthrowne": {
    "2265": 1,
    "2264": 1,
    "1112": 1
}}
{"offenceful": {
    "23045": 2,
    "100": 1
}}
{"oerwyle": {"43737": 1}}
{"oermastert": {
    "100": 1,
    "1524": 1
}}
{"obscene": {
    "100": 3,
    "16966": 1
}}
{"officersatarms": {"100": 1}}
{"overhappy": {
    "100": 1,
    "1524": 1
}}
{"oddes": {
    "2265": 3,
    "2264": 1,
    "23044": 1
}}
{"overheardst": {
    "100": 2,
    "1513": 1,
    "1519": 1,
    "47960": 1
}}
{"oercount": {"100": 2}}
{"oddly": {
    "100": 4,
    "1513": 1,
    "23042": 1,
    "47960": 1,
    "1286": 1,
    "20657": 1,
    "16966": 2,
    "1515": 1
}}
{"outbreake": {"2265": 1}}
{"oerwrested": {"100": 1}}
{"overrode": {"100": 1}}
{"oershades": {
    "1539": 1,
    "100": 2
}}
{"ouvre": {"18143": 1}}
{"overmeasure": {"100": 1}}
{"obdurate": {
    "100": 9,
    "5429": 1,
    "16966": 1,
    "1515": 1
}}
{"obiects": {"2265": 1}}
{"onwards": {
    "100": 1,
    "1041": 1,
    "47960": 1,
    "16966": 2
}}
{"outgoing": {
    "100": 1,
    "1041": 1
}}
{"omans": {
    "100": 1,
    "23044": 3
}}
{"outherods": {
    "2265": 1,
    "100": 1,
    "1524": 1,
    "27761": 2
}}
{"overname": {
    "100": 1,
    "1515": 1
}}
{"outtalk": {
    "100": 1,
    "1508": 1
}}
{"organizer": {"16055": 1}}
{"organized": {
    "16055": 1,
    "23045": 1,
    "1286": 1,
    "43737": 1,
    "23046": 1,
    "1041": 1,
    "27726": 1,
    "20657": 1,
    "1514": 1,
    "1513": 1,
    "1533": 1,
    "1532": 1,
    "23042": 1,
    "1531": 1,
    "1112": 1,
    "23044": 1,
    "1430": 1,
    "27761": 1,
    "1519": 1,
    "1539": 1,
    "1515": 1,
    "18143": 1,
    "47960": 1,
    "2265": 1,
    "2264": 1,
    "100": 1,
    "1524": 1,
    "1523": 1,
    "1522": 1,
    "1508": 1,
    "5429": 1,
    "16966": 1,
    "1526": 1
}}
{"ofblack": {"16055": 1}}
{"outweighs": {"100": 2}}
{"oerreaching": {
    "100": 1,
    "23044": 1
}}
{"ouyde": {"43737": 1}}
{"orangetawny": {
    "1514": 2,
    "100": 2
}}
{"oerdoing": {
    "100": 1,
    "1524": 1,
    "27761": 2
}}
{"overmounting": {"100": 1}}
{"obduracy": {
    "100": 1,
    "16966": 1
}}
{"obligations": {
    "100": 1,
    "18143": 1,
    "1286": 1,
    "43737": 1,
    "20657": 1,
    "5429": 1,
    "16966": 1
}}
{"oncetis": {"100": 1}}
{"overbearing": {"27726": 1}}
{"orderless": {"100": 1}}
{"oerslips": {"100": 1}}
{"oleanders": {"1430": 1}}
{"ouerset": {"43737": 1}}
{"ouersen": {"43737": 1}}
{"ophelia": {
    "100": 88,
    "1524": 88,
    "27761": 37,
    "1430": 6,
    "1286": 9,
    "2265": 28,
    "27726": 2,
    "20657": 11,
    "5429": 3,
    "16966": 84
}}
{"ordinairement": {"18143": 1}}
{"orpedlice": {"43737": 1}}
{"otiose": {"16966": 1}}
{"oracle": {
    "100": 28,
    "23042": 2,
    "1430": 2,
    "1286": 7,
    "20657": 7,
    "1539": 14,
    "1515": 1
}}
{"ourscome": {"100": 1}}
{"oncetaught": {
    "1532": 1,
    "100": 1
}}
{"ouerred": {"2264": 1}}
{"oversights": {"100": 1}}
{"omens": {"43737": 1}}
{"onehed": {"43737": 2}}
{"oerthrow": {
    "1539": 1,
    "100": 3
}}
{"onehad": {"23042": 1}}
{"ofhaldan": {"43737": 1}}
{"occurred": {
    "16055": 2,
    "27726": 1,
    "47960": 3,
    "16966": 9,
    "1430": 1
}}
{"othergates": {
    "100": 1,
    "1526": 1
}}
{"orecouered": {"1112": 1}}
{"ogonek": {"43737": 1}}
{"overdaring": {"100": 1}}
{"outpray": {"100": 1}}
{"ordonn": {"18143": 1}}
{"ohwer": {"43737": 1}}
{"overboard": {
    "1286": 4,
    "100": 5,
    "20657": 4,
    "1430": 2
}}
{"overheard": {
    "100": 7,
    "1523": 1,
    "47960": 2,
    "1430": 2,
    "23045": 1,
    "1286": 11,
    "1519": 2,
    "20657": 11,
    "1539": 1,
    "16966": 1
}}
{"oerweening": {"100": 1}}
{"observed": {
    "100": 10,
    "47960": 4,
    "27761": 1,
    "1430": 1,
    "1286": 15,
    "27726": 2,
    "20657": 15,
    "5429": 10,
    "16966": 31
}}
{"observes": {
    "47960": 1,
    "27761": 1,
    "16966": 10
}}
{"observer": {
    "100": 2,
    "1522": 1,
    "18143": 1,
    "23045": 1,
    "1286": 1,
    "20657": 1,
    "16966": 1
}}
{"ouertake": {
    "43737": 1,
    "2264": 1
}}
{"orchard": {
    "47960": 10,
    "1286": 7,
    "43737": 2,
    "2265": 2,
    "20657": 7,
    "100": 28,
    "1513": 2,
    "1524": 2,
    "1523": 3,
    "1522": 2,
    "1112": 2,
    "27761": 2,
    "1430": 4,
    "1508": 1,
    "1519": 5,
    "1526": 3
}}
{"ouchesfor": {"100": 1}}
{"occean": {"43737": 2}}
{"ordonnemoi": {"18143": 1}}
{"obscnit": {"18143": 1}}
{"olivers": {
    "100": 6,
    "1523": 5
}}
{"ovocativo": {"23044": 1}}
{"obscurely": {
    "1286": 1,
    "43737": 4,
    "100": 2,
    "1522": 1,
    "20657": 1,
    "16966": 1
}}
{"openeyed": {
    "23042": 1,
    "16966": 1
}}
{"opacity": {"5429": 1}}
{"overgrown": {
    "43737": 1,
    "100": 1
}}
{"oftell": {"47960": 1}}
{"overween": {"100": 2}}
{"obliterated": {"5429": 1}}
{"ornately": {"16055": 1}}
{"obliged": {
    "100": 1,
    "47960": 3,
    "1430": 8,
    "1286": 4,
    "27726": 2,
    "20657": 4,
    "5429": 2,
    "16966": 5,
    "1515": 1
}}
{"ob235ron": {"1430": 1}}
{"orecame": {"2265": 1}}
{"omits": {
    "23045": 2,
    "5429": 1,
    "16966": 5
}}
{"obsolete": {
    "16055": 1,
    "23045": 3,
    "1286": 1,
    "43737": 1,
    "23046": 1,
    "1041": 1,
    "27726": 1,
    "20657": 1,
    "1514": 1,
    "1513": 1,
    "1533": 1,
    "1532": 1,
    "23042": 1,
    "1531": 1,
    "1112": 1,
    "23044": 1,
    "1430": 1,
    "27761": 2,
    "1519": 1,
    "1539": 1,
    "1515": 1,
    "18143": 1,
    "47960": 2,
    "2265": 1,
    "2264": 1,
    "100": 1,
    "1524": 1,
    "1523": 1,
    "1522": 1,
    "1508": 1,
    "5429": 5,
    "16966": 1,
    "1526": 1
}}
{"ouergrowen": {"43737": 1}}
{"ordres": {"18143": 2}}
{"odour": {
    "100": 6,
    "1041": 3,
    "47960": 1,
    "1526": 1
}}
{"oretooke": {
    "2265": 1,
    "2264": 1
}}
{"outlaws": {
    "100": 9,
    "1523": 1,
    "47960": 1,
    "1430": 3
}}
{"outlawd": {
    "1532": 1,
    "100": 1
}}
{"outlays": {"27726": 1}}
{"overruld": {"100": 1}}
{"onemay": {"47960": 1}}
{"onesided": {"16966": 2}}
{"obliuious": {"2264": 1}}
{"objects": {
    "16055": 3,
    "100": 15,
    "1524": 1,
    "1523": 1,
    "1522": 2,
    "47960": 3,
    "27761": 2,
    "1286": 1,
    "1041": 2,
    "27726": 1,
    "20657": 1,
    "16966": 5
}}
{"own208": {"16966": 1}}
{"oblige": {
    "1286": 1,
    "20657": 1,
    "18143": 1,
    "16966": 1
}}
{"overt": {
    "43737": 1,
    "100": 1,
    "1531": 1,
    "16966": 2
}}
{"ouerbold": {"2264": 1}}
{"outstrike": {"100": 1}}
{"obscuring": {
    "100": 1,
    "1523": 1
}}
{"otherany": {"100": 1}}
{"onward": {
    "16055": 1,
    "100": 4,
    "1041": 1,
    "1519": 1,
    "16966": 2
}}
{"obscurity": {
    "100": 2,
    "5429": 4,
    "16966": 2
}}
{"ovens": {"100": 1}}
{"olivias": {
    "1286": 4,
    "100": 25,
    "27726": 1,
    "20657": 6,
    "1526": 25,
    "1430": 3
}}
{"ormore": {
    "100": 1,
    "1513": 1,
    "47960": 1
}}
{"offendendo": {
    "2265": 1,
    "100": 1,
    "1524": 1,
    "27761": 1
}}
{"oreswaies": {"2265": 1}}
{"ordure": {"100": 1}}
{"outguoinge": {"43737": 2}}
{"olivine": {"16055": 1}}
{"overhearing": {"16966": 1}}
{"oppositions": {
    "100": 1,
    "5429": 1,
    "16966": 1
}}
{"overwashed": {"100": 1}}
{"orethrowne": {"2265": 1}}
{"opulent": {
    "1532": 1,
    "100": 2,
    "16966": 2
}}
{"omnes": {
    "100": 4,
    "23046": 2,
    "2264": 2,
    "1112": 1,
    "23044": 18
}}
{"oldness": {
    "1532": 1,
    "100": 1
}}
{"othelloyou": {
    "100": 1,
    "1531": 1
}}
{"outprizd": {"100": 1}}
{"octavia": {
    "100": 44,
    "16966": 2
}}
{"oonely": {"43737": 1}}
{"oedipus": {"16966": 1}}
{"oxlips": {
    "1514": 1,
    "100": 3,
    "1539": 1,
    "1430": 1
}}
{"orpedly": {"43737": 1}}
{"overworn": {
    "100": 1,
    "1526": 1
}}
{"oblique": {
    "43737": 3,
    "100": 1,
    "5429": 1,
    "16966": 1
}}
{"ourselves": {
    "47960": 3,
    "23045": 1,
    "1286": 2,
    "43737": 3,
    "23046": 4,
    "27726": 5,
    "20657": 2,
    "100": 117,
    "1513": 1,
    "1524": 12,
    "1523": 1,
    "1522": 5,
    "1533": 2,
    "1532": 1,
    "23042": 2,
    "1531": 6,
    "23044": 2,
    "1430": 7,
    "27761": 5,
    "1508": 3,
    "1539": 4,
    "5429": 4,
    "16966": 19,
    "1526": 2
}}
{"obliquy": {"100": 1}}
{"outwardsainted": {
    "23045": 1,
    "100": 1
}}
{"overpeered": {"100": 1}}
{"outgoes": {"100": 1}}
{"oicel": {"43737": 2}}
{"overstaind": {"100": 1}}
{"occasionally": {
    "27726": 4,
    "5429": 1,
    "47960": 2,
    "27761": 1,
    "16966": 6
}}
{"orlando": {
    "1286": 75,
    "100": 168,
    "1523": 168,
    "27726": 1,
    "20657": 75,
    "1430": 22
}}
{"orient": {
    "16055": 12,
    "1514": 1,
    "100": 7,
    "1041": 1
}}
{"oneself": {
    "43737": 8,
    "16966": 1
}}
{"orecloyed": {"47960": 1}}
{"oresteia": {"16966": 1}}
{"origin": {
    "16055": 6,
    "100": 4,
    "1524": 2,
    "1532": 1,
    "47960": 6,
    "27761": 2,
    "1286": 1,
    "43737": 9,
    "2265": 1,
    "27726": 3,
    "20657": 1,
    "16966": 12
}}
{"ovids": {
    "100": 1,
    "47960": 1,
    "16966": 1
}}
{"origen": {"43737": 1}}
{"outcast": {
    "100": 3,
    "1041": 1,
    "1508": 1
}}
{"oftner": {
    "100": 1,
    "2264": 1,
    "1533": 1
}}
{"ordyre": {"43737": 1}}
{"obscurs": {"18143": 1}}
{"obscure": {
    "16055": 1,
    "47960": 2,
    "1286": 2,
    "43737": 32,
    "2265": 1,
    "2264": 1,
    "27726": 2,
    "20657": 2,
    "100": 12,
    "1524": 1,
    "1533": 1,
    "1531": 1,
    "27761": 1,
    "5429": 8,
    "16966": 4,
    "1515": 1,
    "1526": 1
}}
{"obscurd": {
    "100": 3,
    "1513": 1,
    "1539": 1,
    "1112": 1,
    "47960": 1,
    "1515": 1
}}
{"orewrought": {
    "2265": 1,
    "23046": 1
}}
{"oblivion": {
    "100": 17,
    "1524": 1,
    "1523": 1,
    "23045": 1,
    "43737": 3,
    "1041": 1,
    "1508": 1,
    "5429": 1,
    "16966": 5
}}
{"osundays27you": {"27761": 1}}
{"oertake": {
    "23045": 2,
    "100": 8,
    "1041": 1,
    "1532": 1
}}
{"oertaen": {
    "100": 2,
    "1515": 1
}}
{"oblong": {"16055": 1}}
{"onethe": {
    "16055": 1,
    "23045": 1,
    "1286": 1,
    "43737": 1,
    "23046": 1,
    "1041": 1,
    "27726": 1,
    "20657": 1,
    "1514": 1,
    "1513": 1,
    "1533": 1,
    "1532": 1,
    "23042": 1,
    "1531": 1,
    "1112": 1,
    "23044": 1,
    "1430": 1,
    "27761": 1,
    "1519": 1,
    "1539": 1,
    "1515": 1,
    "18143": 1,
    "47960": 1,
    "2265": 1,
    "2264": 1,
    "100": 1,
    "1524": 1,
    "1523": 1,
    "1522": 1,
    "1508": 1,
    "5429": 1,
    "16966": 1,
    "1526": 1
}}
{"oerwhelming": {
    "100": 1,
    "47960": 1
}}
{"oreheare": {"2265": 1}}
{"ostentare": {"100": 1}}
{"outpeer": {"100": 1}}
{"outright": {
    "100": 5,
    "1041": 1,
    "1508": 1
}}
{"orifice": {"100": 1}}
{"observecousin": {"100": 1}}
{"ouerlaide": {"43737": 1}}
{"overlooked": {
    "100": 1,
    "1524": 1,
    "47960": 1,
    "1430": 1,
    "27726": 1,
    "20657": 1,
    "16966": 2
}}
{"orisons": {
    "100": 5,
    "1524": 1,
    "1513": 1,
    "5429": 1,
    "47960": 1,
    "27761": 1
}}
{"orbed": {
    "2265": 1,
    "100": 2,
    "1524": 1,
    "1526": 1
}}
{"outhouse": {"1430": 1}}
{"outsides": {"100": 1}}
{"oxhead": {"100": 1}}
{"ongemng": {"43737": 2}}
{"onslaught": {"43737": 2}}
{"outlawed": {
    "1286": 1,
    "20657": 1
}}
{"overweening": {
    "100": 5,
    "1526": 1
}}
{"offensive": {
    "100": 2,
    "1532": 1,
    "5429": 1,
    "27761": 1,
    "16966": 1
}}
{"obeisance": {
    "43737": 1,
    "100": 1,
    "1508": 1
}}
{"oblivious": {
    "100": 1,
    "1533": 1
}}
{"orysons": {"1112": 1}}
{"order": {
    "16055": 4,
    "23045": 15,
    "1286": 6,
    "43737": 16,
    "23046": 4,
    "27726": 21,
    "20657": 6,
    "1514": 1,
    "1513": 3,
    "1533": 3,
    "1532": 1,
    "23042": 1,
    "1531": 1,
    "1112": 2,
    "23044": 6,
    "1430": 12,
    "27761": 5,
    "1539": 1,
    "1515": 1,
    "47960": 12,
    "2265": 3,
    "2264": 2,
    "100": 96,
    "1524": 3,
    "1523": 1,
    "1522": 3,
    "1508": 5,
    "5429": 2,
    "16966": 73,
    "1526": 1
}}
{"ostents": {
    "100": 1,
    "1515": 1
}}
{"oerwrestling": {"100": 1}}
{"oscorbidulchos": {"100": 1}}
{"outlawry": {
    "100": 1,
    "1522": 1
}}
{"oftesithes": {"43737": 2}}
{"orphans": {
    "100": 9,
    "2264": 1,
    "1041": 1,
    "1533": 1,
    "16966": 1
}}
{"officebadge": {"100": 1}}
{"orfeo": {"43737": 2}}
{"oerboard": {
    "23042": 2,
    "100": 3
}}
{"obverse": {"16055": 1}}
{"oyntment": {"23044": 2}}
{"ordained": {
    "100": 6,
    "1513": 1,
    "1112": 1,
    "47960": 1,
    "27761": 1,
    "1286": 2,
    "20657": 2
}}
{"overgorged": {"100": 1}}
{"outside": {
    "16055": 2,
    "23045": 2,
    "1286": 3,
    "43737": 4,
    "23046": 2,
    "1041": 2,
    "27726": 4,
    "20657": 3,
    "1514": 2,
    "1513": 2,
    "1533": 2,
    "1532": 3,
    "23042": 2,
    "1531": 2,
    "1112": 2,
    "23044": 2,
    "1430": 7,
    "27761": 2,
    "1519": 2,
    "1539": 4,
    "1515": 4,
    "18143": 2,
    "47960": 3,
    "2265": 2,
    "2264": 2,
    "100": 16,
    "1524": 2,
    "1523": 3,
    "1522": 2,
    "1508": 2,
    "5429": 2,
    "16966": 13,
    "1526": 3
}}
{"observers": {
    "100": 1,
    "1524": 1,
    "27726": 1,
    "27761": 1,
    "16966": 1
}}
{"oerheard": {
    "1532": 1,
    "100": 3,
    "1523": 1
}}
{"oreja": {"16055": 1}}
{"obtained": {
    "16055": 4,
    "100": 6,
    "47960": 1,
    "27761": 2,
    "1286": 5,
    "1519": 2,
    "27726": 1,
    "20657": 6,
    "5429": 6,
    "1515": 1
}}
{"overjoyd": {
    "100": 2,
    "1508": 1,
    "1519": 1
}}
{"ordre": {
    "43737": 2,
    "18143": 4
}}
{"onceand": {"16966": 1}}
{"oddeven": {
    "100": 1,
    "1531": 1
}}
{"oergrowth": {
    "100": 1,
    "1524": 1
}}
{"ordand": {"43737": 2}}
{"outface": {
    "100": 6,
    "1524": 1,
    "1523": 1,
    "1532": 1,
    "27761": 2,
    "2265": 1,
    "1515": 1
}}
{"ordynaunce": {"43737": 2}}
{"ofercuman": {"43737": 1}}
{"ordain": {
    "43737": 4,
    "100": 2
}}
{"overshot": {"100": 2}}
{"oughtst": {"100": 1}}
{"oeast": {"43737": 1}}
{"outskirts": {"43737": 1}}
{"observing": {
    "100": 6,
    "1523": 1,
    "23042": 1,
    "1531": 1,
    "1286": 7,
    "20657": 7,
    "5429": 2,
    "16966": 4
}}
{"offcappd": {
    "100": 1,
    "1531": 1
}}
{"oerwalk": {"100": 1}}
{"oerruns": {"100": 1}}
{"organ": {
    "100": 6,
    "1524": 3,
    "27761": 2,
    "43737": 1,
    "2265": 1,
    "1519": 1,
    "1526": 1
}}
{"oerrule": {
    "100": 3,
    "1524": 1,
    "27761": 1
}}
{"oerruld": {"100": 1}}
{"ouverts": {"18143": 1}}
{"offoll": {"23044": 1}}
{"orgon": {"43737": 1}}
{"occupacioun": {"43737": 1}}
{"orgueilleuse": {"18143": 1}}
{"odours": {
    "1514": 3,
    "100": 10,
    "1041": 1,
    "47960": 1,
    "1526": 3
}}
{"outstrippd": {"1041": 1}}
{"occidental": {"100": 1}}
{"orebeares": {"2265": 1}}
{"orphelins": {"18143": 1}}
{"outgrowing": {"47960": 1}}
{"outsell": {
    "1286": 1,
    "100": 1,
    "20657": 1,
    "1430": 1
}}
{"oerwhelmed": {
    "100": 2,
    "1531": 1
}}
{"olivia": {
    "1286": 39,
    "100": 145,
    "20657": 50,
    "47960": 2,
    "1526": 145,
    "1430": 20
}}
{"outburst": {
    "27726": 1,
    "16966": 7
}}
{"openness": {
    "100": 1,
    "5429": 1,
    "16966": 2
}}
{"olives": {
    "100": 2,
    "1523": 1,
    "1041": 1,
    "23042": 1
}}
{"oliver": {
    "1286": 19,
    "100": 56,
    "1523": 56,
    "27726": 2,
    "20657": 19,
    "1430": 7
}}
{"oddamar": {"43737": 1}}
{"oiseau": {"18143": 3}}
{"oerween": {
    "1539": 1,
    "100": 1
}}
{"odysseuss": {"27726": 1}}
{"overseen": {"100": 1}}
{"other124": {"16966": 1}}
{"ordanit": {"43737": 1}}
{"overfond": {
    "1539": 1,
    "100": 1
}}
{"others": {
    "16055": 7,
    "23045": 5,
    "1286": 7,
    "43737": 5,
    "23046": 7,
    "1041": 17,
    "27726": 18,
    "20657": 7,
    "1514": 1,
    "1513": 10,
    "1533": 4,
    "1532": 8,
    "23042": 4,
    "1531": 5,
    "1112": 4,
    "23044": 3,
    "1430": 19,
    "27761": 6,
    "1519": 8,
    "1539": 6,
    "1515": 4,
    "18143": 1,
    "47960": 31,
    "2265": 5,
    "2264": 4,
    "100": 250,
    "1524": 7,
    "1523": 3,
    "1522": 4,
    "1508": 4,
    "5429": 21,
    "16966": 92,
    "1526": 4
}}
{"othere": {"43737": 2}}
{"orderd": {
    "100": 3,
    "1522": 1,
    "23042": 1,
    "1515": 1
}}
{"orders": {
    "100": 6,
    "47960": 1,
    "1430": 2,
    "23045": 1,
    "1286": 9,
    "43737": 6,
    "1508": 1,
    "27726": 5,
    "20657": 9,
    "5429": 1,
    "16966": 1
}}
{"outwork": {
    "43737": 1,
    "100": 1
}}
{"outwore": {"100": 1}}
{"outworn": {
    "100": 4,
    "1041": 2
}}
{"offerst": {
    "100": 3,
    "1523": 1,
    "1508": 1
}}
{"overglance": {"100": 1}}
{"offerte": {"18143": 1}}
{"offrir": {"18143": 2}}
{"oerstare": {
    "100": 1,
    "1515": 1
}}
{"ordeal": {"16966": 1}}
{"oreisoun": {"43737": 1}}
{"obstructs": {"5429": 1}}
{"offrez": {"18143": 1}}
{"overstep": {"27726": 1}}
{"overspread": {"100": 1}}
{"ornot": {
    "100": 1,
    "1524": 1
}}
{"outbraves": {
    "100": 1,
    "1041": 1
}}
{"obstinate": {
    "43737": 1,
    "2265": 1,
    "100": 5,
    "1524": 1,
    "1519": 1,
    "27761": 2
}}
{"orisons24": {"27761": 1}}
{"oerwatchd": {
    "1532": 1,
    "100": 2,
    "1522": 1
}}
{"ornan": {"43737": 1}}
{"ouerwhelming": {"1112": 1}}
{"oftentimes": {
    "100": 8,
    "1533": 1,
    "1286": 3,
    "23046": 1,
    "2264": 1,
    "1508": 1,
    "20657": 3,
    "16966": 1
}}
{"orner": {"18143": 1}}
{"oerflourished": {
    "100": 1,
    "1526": 1
}}
{"oergreen": {
    "100": 1,
    "1041": 1
}}
{"oergreat": {"100": 1}}
{"overflow": {
    "100": 5,
    "1519": 1,
    "27726": 1,
    "16966": 7
}}
{"ordeyne": {"43737": 1}}
{"onriht": {"43737": 1}}
{"onions": {
    "1514": 1,
    "100": 2,
    "1430": 1
}}
{"oak": {
    "1514": 1,
    "100": 27,
    "1523": 2,
    "23042": 2,
    "1531": 2,
    "47960": 4,
    "23044": 9,
    "1430": 2,
    "23045": 1,
    "43737": 1,
    "1519": 1,
    "1539": 1
}}
{"obj": {"43737": 7}}
{"obi": {"18143": 1}}
{"obl": {"43737": 3}}
{"oct": {
    "47960": 1,
    "16966": 1
}}
{"odd": {
    "18143": 3,
    "47960": 5,
    "1286": 2,
    "43737": 2,
    "2265": 1,
    "23046": 1,
    "2264": 1,
    "20657": 2,
    "100": 33,
    "1513": 2,
    "1524": 2,
    "23042": 2,
    "1531": 1,
    "23044": 2,
    "27761": 2,
    "1430": 1,
    "1508": 3,
    "1519": 2,
    "1539": 1,
    "16966": 8,
    "1515": 1
}}
{"ode": {
    "100": 1,
    "47960": 2
}}
{"ods": {
    "100": 8,
    "1523": 2,
    "1112": 1,
    "23044": 4,
    "1526": 1
}}
{"obstination": {"18143": 1}}
{"overlusty": {
    "1532": 1,
    "100": 2
}}
{"oes": {
    "1514": 1,
    "100": 1
}}
{"oer": {
    "16055": 6,
    "23045": 3,
    "43737": 33,
    "23046": 3,
    "1041": 6,
    "27726": 2,
    "1514": 9,
    "1513": 11,
    "1533": 4,
    "1532": 9,
    "23042": 11,
    "1531": 6,
    "23044": 8,
    "1430": 3,
    "27761": 14,
    "1519": 1,
    "1539": 10,
    "1515": 7,
    "47960": 13,
    "100": 216,
    "1524": 14,
    "1523": 2,
    "1522": 2,
    "16966": 7,
    "1526": 4
}}
{"oet": {"16966": 1}}
{"off": {
    "23045": 18,
    "1286": 69,
    "43737": 13,
    "23046": 16,
    "1041": 2,
    "27726": 8,
    "20657": 66,
    "1514": 8,
    "1513": 10,
    "1533": 8,
    "1532": 20,
    "23042": 20,
    "1531": 9,
    "1112": 9,
    "23044": 12,
    "1430": 29,
    "27761": 24,
    "1519": 10,
    "1539": 19,
    "1515": 9,
    "47960": 18,
    "2265": 20,
    "2264": 10,
    "100": 535,
    "1524": 21,
    "1523": 6,
    "1522": 19,
    "1508": 8,
    "5429": 1,
    "16966": 38,
    "1526": 9
}}
{"outreier": {"43737": 1}}
{"overlapping": {"23045": 1}}
{"ofo": {
    "1532": 1,
    "100": 1
}}
{"ofr": {"43737": 1143}}
{"oft": {
    "23045": 9,
    "43737": 2,
    "23046": 2,
    "1041": 5,
    "1514": 2,
    "1513": 4,
    "1532": 6,
    "23042": 3,
    "1531": 8,
    "1112": 4,
    "23044": 2,
    "1430": 4,
    "27761": 9,
    "1519": 1,
    "1539": 3,
    "1515": 3,
    "47960": 6,
    "2265": 10,
    "100": 158,
    "1524": 12,
    "1523": 5,
    "1522": 3,
    "1508": 1,
    "16966": 1,
    "1526": 8
}}
{"ofs": {"100": 6}}
{"ogh": {"43737": 8}}
{"ohg": {"43737": 3}}
{"oie": {"18143": 3}}
{"oil": {
    "100": 15,
    "1532": 1,
    "23042": 1,
    "23044": 2,
    "43737": 1,
    "23046": 1,
    "27726": 1
}}
{"oir": {"43737": 2}}
{"okt": {"43737": 4}}
{"old": {
    "16055": 17,
    "23045": 16,
    "1286": 154,
    "43737": 34,
    "23046": 11,
    "1041": 24,
    "27726": 38,
    "20657": 155,
    "1514": 8,
    "1513": 30,
    "1533": 18,
    "1532": 59,
    "23042": 10,
    "1531": 11,
    "1112": 40,
    "23044": 45,
    "1430": 61,
    "27761": 33,
    "1519": 23,
    "1539": 25,
    "1515": 27,
    "18143": 2,
    "47960": 88,
    "2265": 19,
    "2264": 11,
    "100": 752,
    "1524": 22,
    "1523": 37,
    "1522": 10,
    "1508": 40,
    "5429": 18,
    "16966": 115,
    "1526": 14
}}
{"ole": {"43737": 1}}
{"omy": {"18143": 1}}
{"ond": {"43737": 1}}
{"one": {
    "16055": 40,
    "23045": 62,
    "1286": 170,
    "43737": 101,
    "23046": 37,
    "1041": 44,
    "27726": 113,
    "20657": 169,
    "1514": 44,
    "1513": 61,
    "1533": 29,
    "1532": 42,
    "23042": 46,
    "1531": 56,
    "1112": 61,
    "23044": 88,
    "1430": 132,
    "27761": 44,
    "1519": 56,
    "1539": 75,
    "1515": 47,
    "18143": 2,
    "47960": 184,
    "2265": 47,
    "2264": 33,
    "100": 1959,
    "1524": 48,
    "1523": 45,
    "1522": 31,
    "1508": 46,
    "5429": 48,
    "16966": 523,
    "1526": 59
}}
{"ont": {
    "18143": 19,
    "23045": 3,
    "2265": 9,
    "2264": 4,
    "27726": 2,
    "100": 97,
    "1513": 2,
    "1524": 8,
    "1522": 1,
    "1533": 3,
    "1532": 4,
    "23042": 10,
    "1531": 7,
    "1112": 2,
    "23044": 3,
    "27761": 6,
    "1519": 2,
    "1539": 6,
    "16966": 4,
    "1515": 1,
    "1526": 7
}}
{"ons": {
    "100": 17,
    "1533": 1,
    "1532": 4,
    "23044": 2,
    "23046": 1,
    "2264": 1,
    "1539": 1,
    "16966": 2,
    "1515": 1
}}
{"ony": {"43737": 7}}
{"oon": {
    "43737": 2,
    "23044": 2
}}
{"opd": {
    "2265": 1,
    "100": 2,
    "1524": 1,
    "27761": 1
}}
{"ope": {
    "16055": 3,
    "47960": 4,
    "2265": 1,
    "23046": 1,
    "2264": 1,
    "100": 31,
    "1513": 2,
    "1524": 1,
    "1522": 2,
    "1533": 1,
    "1532": 1,
    "23042": 1,
    "1531": 1,
    "1112": 1,
    "1430": 1,
    "1519": 1,
    "1515": 2
}}
{"oph": {"27761": 47}}
{"opp": {"43737": 2}}
{"or2": {"43737": 2}}
{"orb": {
    "100": 10,
    "1524": 1,
    "1513": 1,
    "47960": 1,
    "27761": 1,
    "1519": 1,
    "16966": 1,
    "1526": 1,
    "1515": 1
}}
{"ord": {"100": 1}}
{"ore": {
    "100": 2,
    "1524": 1,
    "1112": 10,
    "23044": 4,
    "1430": 1,
    "43737": 6,
    "2265": 15,
    "2264": 4,
    "16966": 1
}}
{"orh": {"43737": 1}}
{"orl": {"43737": 1}}
{"ork": {
    "100": 2,
    "23044": 2
}}
{"ort": {
    "100": 2,
    "23044": 2
}}
{"orw": {"43737": 1}}
{"oisif": {"18143": 1}}
{"ose": {"18143": 1}}
{"osr": {
    "2265": 18,
    "27761": 20,
    "16966": 3
}}
{"ost": {"43737": 2}}
{"oth": {
    "23042": 1,
    "1112": 1,
    "47960": 15,
    "23044": 1,
    "2265": 2,
    "2264": 13,
    "16966": 8
}}
{"outjest": {
    "1286": 1,
    "100": 1,
    "1532": 1,
    "20657": 1,
    "16966": 1
}}
{"oui": {
    "100": 7,
    "18143": 22,
    "23044": 1
}}
{"ous": {"43737": 4}}
{"our": {
    "16055": 12,
    "23045": 72,
    "1286": 42,
    "43737": 14,
    "23046": 35,
    "1041": 22,
    "27726": 45,
    "20657": 41,
    "1514": 62,
    "1513": 64,
    "1533": 123,
    "1532": 119,
    "23042": 62,
    "1531": 54,
    "1112": 62,
    "23044": 51,
    "1430": 30,
    "27761": 86,
    "1519": 25,
    "1539": 75,
    "1515": 33,
    "18143": 5,
    "47960": 118,
    "2265": 135,
    "2264": 128,
    "100": 3293,
    "1524": 123,
    "1523": 38,
    "1522": 91,
    "1508": 48,
    "5429": 36,
    "16966": 228,
    "1526": 30
}}
{"out": {
    "16055": 13,
    "23045": 35,
    "1286": 168,
    "43737": 53,
    "23046": 35,
    "1041": 17,
    "27726": 43,
    "20657": 170,
    "1514": 28,
    "1513": 54,
    "1533": 27,
    "1532": 73,
    "23042": 35,
    "1531": 62,
    "1112": 53,
    "23044": 63,
    "1430": 86,
    "27761": 47,
    "1519": 40,
    "1539": 45,
    "1515": 23,
    "18143": 9,
    "47960": 122,
    "2265": 57,
    "2264": 31,
    "100": 1472,
    "1524": 57,
    "1523": 45,
    "1522": 28,
    "1508": 20,
    "5429": 10,
    "16966": 209,
    "1526": 37
}}
{"obstinacy": {
    "1286": 1,
    "100": 2,
    "27726": 1,
    "20657": 1,
    "16966": 2
}}
{"owe": {
    "23045": 3,
    "1286": 2,
    "43737": 10,
    "23046": 5,
    "1041": 1,
    "27726": 1,
    "20657": 2,
    "1514": 2,
    "1513": 1,
    "1533": 4,
    "1532": 1,
    "1531": 2,
    "1112": 1,
    "1430": 4,
    "1519": 3,
    "1539": 1,
    "1515": 5,
    "47960": 3,
    "2264": 4,
    "100": 80,
    "1523": 2,
    "1522": 1,
    "1508": 1,
    "5429": 1,
    "16966": 5,
    "1526": 3
}}
{"owd": {
    "100": 5,
    "2264": 2,
    "1533": 2,
    "1539": 1
}}
{"owl": {
    "1514": 1,
    "100": 22,
    "1524": 1,
    "1533": 4,
    "1532": 1,
    "27761": 2,
    "1286": 1,
    "20657": 1,
    "5429": 1,
    "16966": 4
}}
{"own": {
    "16055": 5,
    "23045": 31,
    "1286": 151,
    "43737": 7,
    "23046": 17,
    "1041": 30,
    "27726": 42,
    "20657": 153,
    "1514": 9,
    "1513": 17,
    "1533": 17,
    "1532": 25,
    "23042": 24,
    "1531": 29,
    "23044": 22,
    "1430": 51,
    "27761": 41,
    "1519": 19,
    "1539": 26,
    "1515": 20,
    "47960": 44,
    "2265": 2,
    "100": 831,
    "1524": 38,
    "1523": 29,
    "1522": 11,
    "1508": 10,
    "5429": 34,
    "16966": 153,
    "1526": 12
}}
{"ows": {"43737": 2}}
{"owy": {
    "43737": 3,
    "100": 1
}}
{"oxa": {"43737": 1}}
{"oxe": {"43737": 1}}
{"ofboils": {"100": 1}}
{"oye": {"43737": 1}}
{"orangewife": {"100": 1}}
{"offenses": {
    "1286": 5,
    "27726": 1
}}
{"ondon": {"43737": 1}}
{"oppressd": {
    "100": 5,
    "1524": 1,
    "1041": 2,
    "1532": 1,
    "23042": 1,
    "27761": 1
}}
{"othing": {
    "1532": 1,
    "100": 1
}}
{"objectionable": {"16966": 1}}
{"overacting": {"16966": 1}}
{"oercloyed": {"100": 1}}
{"ornament": {
    "16055": 2,
    "47960": 4,
    "1286": 2,
    "2264": 1,
    "1041": 5,
    "20657": 2,
    "100": 20,
    "1513": 2,
    "1533": 1,
    "1112": 2,
    "1430": 1,
    "1519": 1,
    "1515": 3,
    "1526": 1
}}
{"ondes": {"18143": 1}}
{"oncle": {"18143": 6}}
{"one34": {"27761": 1}}
{"ostrich": {
    "43737": 2,
    "100": 1
}}
{"one50": {"27761": 1}}
{"outpouring": {"47960": 1}}
{"opheliawho": {"16966": 1}}
{"onefen": {"43737": 1}}
{"odorants": {"18143": 1}}
{"offyce": {"43737": 2}}
{"omanwhat": {"100": 1}}
{"obstinately": {
    "100": 1,
    "1430": 1
}}
{"onely": {
    "1112": 9,
    "47960": 2,
    "23044": 2,
    "43737": 3,
    "2265": 5,
    "2264": 12,
    "16966": 1
}}
{"operant": {
    "2265": 1,
    "100": 2,
    "1524": 1,
    "27761": 2
}}
{"ortgeard": {"43737": 1}}
{"onemn": {"43737": 1}}
{"orerule": {"2265": 1}}
{"onest": {"43737": 1}}
{"oneso": {"27761": 1}}
{"oneto": {
    "100": 1,
    "1524": 1
}}
{"operate": {
    "100": 2,
    "5429": 2,
    "16966": 3
}}
{"orchards": {
    "100": 2,
    "1522": 1
}}
{"ordaind": {
    "100": 4,
    "1508": 1
}}
{"ordainy": {"43737": 1}}
{"overpeering": {
    "100": 1,
    "1524": 1
}}
{"oneas": {"23045": 1}}
{"overstate": {"16966": 1}}
{"onegh": {"43737": 1}}
{"ousande": {"43737": 1}}
{"occuponsnous": {"18143": 1}}
{"oercharging": {"100": 1}}
{"outvenoms": {
    "100": 1,
    "1430": 1
}}
{"offringis": {"43737": 1}}
{"opposition": {
    "100": 8,
    "1524": 2,
    "1513": 1,
    "1531": 1,
    "1112": 1,
    "47960": 8,
    "27761": 1,
    "2265": 2,
    "27726": 3,
    "5429": 1,
    "16966": 4
}}
{"olympus": {
    "2265": 1,
    "100": 6,
    "1524": 1,
    "1522": 2,
    "27761": 3
}}
{"oxbeef": {
    "1514": 1,
    "100": 1
}}
{"opposite": {
    "16055": 1,
    "47960": 3,
    "23045": 1,
    "1286": 1,
    "43737": 2,
    "2265": 1,
    "27726": 3,
    "20657": 1,
    "100": 26,
    "1513": 1,
    "1524": 1,
    "1522": 1,
    "1532": 2,
    "1531": 2,
    "1112": 1,
    "1430": 1,
    "16966": 20,
    "1526": 5
}}
{"offering": {
    "100": 8,
    "1522": 2,
    "27761": 1,
    "1430": 1,
    "1286": 3,
    "43737": 2,
    "27726": 1,
    "20657": 3,
    "1539": 1,
    "16966": 1
}}
{"opposing": {
    "2265": 1,
    "100": 4,
    "1524": 1,
    "47960": 1,
    "27761": 1,
    "16966": 4
}}
{"oredoing": {"2265": 1}}
{"outlaw": {"100": 31}}
{"occasion": {
    "16055": 2,
    "23045": 1,
    "1286": 8,
    "43737": 8,
    "27726": 7,
    "20657": 8,
    "1514": 1,
    "1513": 3,
    "1533": 1,
    "23042": 2,
    "1531": 3,
    "1112": 3,
    "23044": 2,
    "1430": 1,
    "27761": 8,
    "1519": 2,
    "1539": 2,
    "1515": 2,
    "18143": 5,
    "47960": 11,
    "2265": 2,
    "2264": 1,
    "100": 74,
    "1524": 3,
    "1523": 3,
    "1508": 2,
    "5429": 8,
    "16966": 14,
    "1526": 6
}}
{"oerworn": {
    "100": 4,
    "1041": 1
}}
{"oerreaches": {"27761": 1}}
{"outbids": {"100": 1}}
{"oppresses": {
    "100": 1,
    "27726": 1,
    "1531": 1,
    "16966": 1
}}
{"oppressed": {
    "100": 12,
    "1523": 2,
    "1532": 2,
    "1430": 1,
    "1286": 3,
    "20657": 3,
    "16966": 5
}}
{"overweigh": {
    "23045": 1,
    "1286": 1,
    "100": 1,
    "20657": 1
}}
{"ongen": {"43737": 2}}
{"overslipped": {"100": 1}}
{"oreleapes": {"2264": 1}}
{"ownoghne": {"43737": 1}}
{"outcraftied": {"100": 1}}
{"outsells": {"100": 1}}
{"owdst": {
    "100": 1,
    "1531": 1
}}
{"obtaining": {
    "16055": 2,
    "23045": 2,
    "1286": 2,
    "43737": 2,
    "23046": 2,
    "1041": 2,
    "27726": 2,
    "20657": 2,
    "1514": 2,
    "1513": 2,
    "1533": 2,
    "1532": 2,
    "23042": 2,
    "1531": 2,
    "1112": 2,
    "23044": 2,
    "1430": 2,
    "27761": 2,
    "1519": 2,
    "1539": 2,
    "1515": 2,
    "18143": 2,
    "47960": 2,
    "2265": 2,
    "2264": 2,
    "100": 6,
    "1524": 2,
    "1523": 2,
    "1522": 2,
    "1508": 2,
    "5429": 2,
    "16966": 2,
    "1526": 2
}}
{"outermost": {"43737": 1}}
{"oblation": {
    "100": 1,
    "1041": 1
}}
{"oxfordshire": {"100": 1}}
{"outchased": {"47960": 1}}
{"oerraught": {
    "100": 2,
    "1524": 1,
    "23046": 2,
    "27761": 2
}}
{"overfull": {
    "1514": 1,
    "100": 1
}}
{"orgulous": {"100": 1}}
{"omitting": {
    "1286": 1,
    "20657": 1,
    "100": 2
}}
{"oyster": {
    "16055": 2,
    "100": 7,
    "1523": 1,
    "1532": 1,
    "23044": 1,
    "1508": 1,
    "1519": 2,
    "27726": 1
}}
{"oerborne": {"100": 2}}
{"outlet": {"100": 1}}
{"orestes": {"16966": 2}}
{"orleans": {
    "16055": 1,
    "100": 80
}}
{"orestop": {"2265": 1}}
{"oratour": {"43737": 1}}
{"oratory": {
    "43737": 2,
    "100": 6,
    "5429": 1
}}
{"orators": {
    "100": 5,
    "1523": 1
}}
{"odyssey": {"27726": 1}}
{"ornaments": {
    "16055": 1,
    "100": 12,
    "1513": 2,
    "1112": 2,
    "47960": 2,
    "1041": 1,
    "1508": 1,
    "1539": 1,
    "5429": 1
}}
{"onion": {
    "43737": 3,
    "100": 2,
    "1508": 1,
    "27726": 1
}}
{"omissions": {
    "5429": 1,
    "23044": 2,
    "16966": 4
}}
{"opposeless": {
    "1532": 1,
    "100": 1
}}
{"outbursts": {"16966": 2}}
{"onlie": {"23044": 1}}
{"oetaeus": {"16966": 1}}
{"opposers": {"100": 2}}
{"offerers": {"100": 1}}
{"obstruction": {
    "23045": 1,
    "100": 4,
    "1526": 3
}}
{"outraged": {
    "27726": 1,
    "16966": 2
}}
{"outrages": {
    "100": 5,
    "18143": 1
}}
{"owesi": {
    "23042": 1,
    "100": 1
}}
{"owest": {
    "100": 5,
    "1532": 2,
    "23042": 1,
    "16966": 1
}}
{"oweth": {
    "100": 1,
    "1508": 1
}}
{"oration": {
    "100": 9,
    "1522": 1,
    "1515": 1
}}
{"oughte": {"43737": 2}}
{"onkke": {"43737": 2}}
{"ostentation": {
    "16055": 1,
    "100": 8,
    "1524": 1,
    "47960": 2,
    "27761": 1,
    "2265": 1,
    "1519": 1,
    "5429": 2
}}
{"overtaken": {
    "1286": 1,
    "20657": 1,
    "47960": 1
}}
{"overtakes": {
    "47960": 1,
    "16966": 1
}}
{"owene": {"43737": 3}}
{"operations": {
    "1286": 1,
    "100": 1,
    "20657": 1,
    "23044": 4
}}
{"oreleape": {"2264": 1}}
{"objectivism": {"27726": 1}}
{"organum": {"43737": 1}}
{"obeyedst": {"100": 1}}
{"overbears": {"100": 1}}
{"outrunnst": {"100": 1}}
{"objectivity": {"16966": 1}}
{"oershot": {
    "100": 2,
    "1522": 1
}}
{"overbear": {
    "1286": 1,
    "1514": 1,
    "100": 2,
    "20657": 1
}}
{"originwhat": {"100": 1}}
{"oppressor": {"100": 2}}
{"outran": {
    "100": 1,
    "1531": 1
}}
{"outrag": {"18143": 1}}
{"owhen": {"43737": 2}}
{"owher": {"43737": 1}}
{"overtopped": {"100": 1}}
{"oereaten": {"100": 1}}
{"outswear": {
    "100": 2,
    "1515": 1
}}
{"objectsthat": {"16966": 1}}
{"oerjoyd": {"100": 2}}
{"odoriferous": {"100": 2}}
{"overgreedy": {"100": 1}}
{"osprey": {"100": 1}}
{"oercharged": {
    "1514": 1,
    "100": 4
}}
{"oathes": {"2265": 1}}
{"octavius": {
    "100": 48,
    "1522": 44,
    "27726": 2,
    "16966": 7
}}
{"orysun": {"43737": 2}}
{"oeuvres": {
    "100": 1,
    "18143": 1
}}
{"outstay": {
    "100": 1,
    "1523": 1
}}
{"orecrowes": {"2265": 1}}
{"oaken": {"100": 2}}
{"outbraggd": {"100": 1}}
{"outwardly": {
    "100": 5,
    "2264": 1,
    "1533": 1,
    "1539": 1,
    "16966": 2,
    "1430": 1
}}
{"opening": {
    "16055": 4,
    "47960": 2,
    "23045": 1,
    "1286": 5,
    "27726": 1,
    "20657": 5,
    "1514": 1,
    "100": 12,
    "1523": 1,
    "1522": 1,
    "1430": 1,
    "1539": 2,
    "16966": 29,
    "1515": 1
}}
{"outten": {"43737": 1}}
{"overnights": {
    "1286": 1,
    "20657": 1
}}
{"ouerheghede": {"43737": 1}}
{"obstine": {"18143": 2}}
{"orthography": {
    "23045": 1,
    "100": 2,
    "1519": 1,
    "23042": 1,
    "47960": 1
}}
{"offall": {"2265": 1}}
{"offals": {"23045": 1}}
{"ouphan": {"23044": 1}}
{"ouerlookd": {"2265": 1}}
{"overpower": {"16966": 5}}
{"ouphes": {"23044": 2}}
{"obtain": {
    "16055": 3,
    "23045": 3,
    "1286": 11,
    "43737": 4,
    "23046": 3,
    "1041": 3,
    "27726": 3,
    "20657": 11,
    "1514": 3,
    "1513": 3,
    "1533": 3,
    "1532": 3,
    "23042": 3,
    "1531": 3,
    "1112": 3,
    "23044": 3,
    "1430": 3,
    "27761": 3,
    "1519": 4,
    "1539": 3,
    "1515": 3,
    "18143": 3,
    "47960": 3,
    "2265": 3,
    "2264": 3,
    "100": 12,
    "1524": 3,
    "1523": 3,
    "1522": 3,
    "1508": 3,
    "5429": 4,
    "16966": 4,
    "1526": 3
}}
{"outrun": {
    "100": 7,
    "2264": 1,
    "1533": 1,
    "23044": 1,
    "16966": 2,
    "1430": 1
}}
{"occasions": {
    "16055": 2,
    "47960": 1,
    "1286": 2,
    "2265": 2,
    "20657": 2,
    "100": 18,
    "1524": 2,
    "1532": 2,
    "1531": 1,
    "23044": 1,
    "5429": 1,
    "16966": 4,
    "1515": 1
}}
{"oerpressed": {"100": 2}}
{"outswell": {
    "100": 1,
    "16966": 1
}}
{"owiht": {"43737": 1}}
{"outset": {
    "47960": 3,
    "16966": 2
}}
{"onone": {"43737": 2}}
{"owing": {
    "100": 2,
    "27761": 1,
    "1430": 1,
    "1286": 2,
    "23046": 1,
    "27726": 16,
    "20657": 2,
    "16966": 6
}}
{"obligeait": {"18143": 1}}
{"outflow": {"16966": 1}}
{"openian": {"43737": 1}}
{"obligeant": {"18143": 1}}
{"outstripping": {"100": 1}}
{"onset": {
    "100": 5,
    "1041": 1
}}
{"originally": {
    "16055": 1,
    "23042": 1,
    "47960": 7,
    "27761": 1,
    "1430": 1,
    "43737": 4,
    "16966": 6
}}
{"outspread": {
    "43737": 1,
    "27761": 1
}}
{"occident": {"100": 2}}
{"offertories": {"43737": 1}}
{"ouncehe": {"100": 1}}
{"oerstunk": {
    "23042": 1,
    "100": 1
}}
{"outlandish": {"43737": 1}}
{"ouerchargd": {"2264": 1}}
{"orloff": {"16055": 2}}
{"othellos": {
    "16055": 1,
    "100": 12,
    "1531": 12,
    "1430": 5,
    "1286": 6,
    "27726": 4,
    "20657": 6,
    "16966": 78
}}
{"oeconomical": {"5429": 1}}
{"oerlooking": {
    "1532": 1,
    "100": 1
}}
{"opponents": {
    "43737": 1,
    "27726": 1
}}
{"oafs": {"100": 2}}
{"oaks": {
    "100": 7,
    "1522": 1,
    "27726": 1,
    "5429": 1,
    "23044": 2
}}
{"onlucan": {"43737": 1}}
{"omnipresent": {"27726": 1}}
{"ominous": {
    "2265": 1,
    "100": 10,
    "1524": 1,
    "1523": 1,
    "1519": 1,
    "16966": 4
}}
{"oars": {
    "100": 3,
    "1519": 1
}}
{"oare": {"2265": 1}}
{"oard": {"23042": 1}}
{"oats": {
    "1514": 1,
    "100": 5,
    "1532": 1,
    "23042": 1,
    "1430": 1,
    "1508": 1,
    "27726": 1
}}
{"oath": {
    "47960": 1,
    "23045": 3,
    "1286": 2,
    "43737": 6,
    "2265": 2,
    "23046": 2,
    "27726": 2,
    "20657": 2,
    "1514": 5,
    "100": 160,
    "1524": 2,
    "1523": 3,
    "1522": 4,
    "1532": 4,
    "23042": 1,
    "1531": 2,
    "1430": 2,
    "27761": 2,
    "1508": 4,
    "1519": 1,
    "1539": 7,
    "16966": 7,
    "1515": 9,
    "1526": 3
}}
{"obedient": {
    "47960": 1,
    "23045": 1,
    "1286": 11,
    "43737": 5,
    "23046": 1,
    "20657": 11,
    "100": 30,
    "1532": 1,
    "23042": 1,
    "1531": 5,
    "23044": 1,
    "1430": 1,
    "1508": 4,
    "1539": 2,
    "1526": 2
}}
{"occuper": {
    "43737": 1,
    "18143": 2
}}
{"occupie": {"1112": 1}}
{"overloaded": {"16966": 1}}
{"outspeaks": {"100": 1}}
{"obey": {
    "47960": 5,
    "23045": 1,
    "1286": 10,
    "2265": 7,
    "23046": 5,
    "27726": 2,
    "20657": 10,
    "100": 81,
    "1513": 2,
    "1524": 7,
    "1522": 1,
    "1532": 5,
    "23042": 4,
    "1531": 5,
    "1112": 2,
    "23044": 4,
    "1430": 4,
    "27761": 7,
    "1508": 2,
    "1519": 2,
    "1539": 2,
    "16966": 11,
    "1515": 1,
    "1526": 3
}}
{"overkind": {
    "1539": 1,
    "100": 1
}}
{"obis": {"18143": 1}}
{"offens": {"18143": 1}}
{"offend": {
    "47960": 2,
    "23045": 5,
    "1286": 1,
    "43737": 4,
    "2265": 1,
    "2264": 1,
    "1041": 1,
    "20657": 1,
    "1514": 3,
    "100": 61,
    "1524": 1,
    "1523": 2,
    "1533": 1,
    "1532": 4,
    "23042": 1,
    "1531": 4,
    "23044": 1,
    "1430": 1,
    "27761": 1,
    "1508": 1,
    "1519": 4,
    "16966": 1,
    "1515": 2,
    "1526": 1
}}
{"ouerraght": {"43737": 1}}
{"offers": {
    "16055": 2,
    "23045": 1,
    "1286": 2,
    "43737": 1,
    "23046": 1,
    "1041": 1,
    "27726": 4,
    "20657": 2,
    "1514": 1,
    "1513": 1,
    "1533": 1,
    "1532": 1,
    "23042": 1,
    "1531": 2,
    "1112": 1,
    "23044": 2,
    "1430": 2,
    "27761": 1,
    "1519": 1,
    "1539": 1,
    "1515": 3,
    "18143": 1,
    "47960": 1,
    "2265": 1,
    "2264": 1,
    "100": 24,
    "1524": 1,
    "1523": 1,
    "1522": 1,
    "1508": 1,
    "5429": 2,
    "16966": 6,
    "1526": 1
}}
{"offert": {"100": 1}}
{"offerd": {
    "100": 16,
    "1524": 1,
    "1522": 5,
    "1532": 1,
    "23042": 2,
    "27761": 1,
    "2265": 1,
    "23046": 3,
    "1508": 1,
    "1539": 1
}}
{"overbold": {
    "100": 1,
    "47960": 2,
    "1533": 1
}}
{"openeyd": {"100": 1}}
{"oergrown": {
    "23045": 1,
    "100": 4,
    "1523": 1
}}
{"obtenu": {"18143": 1}}
{"obut": {"100": 1}}
{"obtrusive": {"47960": 1}}
{"occupat": {"100": 1}}
{"ownbe": {"47960": 1}}
{"offence3": {"27761": 1}}
{"offences": {
    "23045": 3,
    "43737": 1,
    "2265": 2,
    "1041": 2,
    "20657": 5,
    "100": 29,
    "1524": 2,
    "1523": 1,
    "1522": 1,
    "1532": 1,
    "27761": 2,
    "1539": 2,
    "16966": 2
}}
{"owner": {
    "16055": 4,
    "23045": 4,
    "1286": 5,
    "43737": 4,
    "23046": 6,
    "1041": 4,
    "27726": 4,
    "20657": 5,
    "1514": 5,
    "1513": 4,
    "1533": 4,
    "1532": 4,
    "23042": 4,
    "1531": 4,
    "1112": 4,
    "23044": 6,
    "1430": 4,
    "27761": 4,
    "1519": 5,
    "1539": 4,
    "1515": 4,
    "18143": 4,
    "47960": 4,
    "2265": 5,
    "2264": 4,
    "100": 19,
    "1524": 5,
    "1523": 5,
    "1522": 4,
    "1508": 4,
    "5429": 4,
    "16966": 5,
    "1526": 4
}}
{"owned": {
    "1286": 4,
    "16055": 6,
    "20657": 4,
    "5429": 1
}}
{"oncebut": {"27761": 1}}
{"observable": {"16966": 2}}
{"overleather": {
    "100": 1,
    "1508": 1
}}
{"othelloa": {"16966": 1}}
{"outstripped": {"100": 2}}
{"overcredulous": {
    "100": 1,
    "16966": 1,
    "1533": 1
}}
{"orphewe": {"43737": 1}}
{"onbndan": {"43737": 1}}
{"orpheus": {
    "43737": 1,
    "100": 4,
    "1515": 1
}}
{"offended": {
    "47960": 1,
    "23045": 5,
    "1286": 14,
    "2265": 3,
    "23046": 1,
    "2264": 1,
    "20657": 14,
    "1514": 1,
    "100": 48,
    "1524": 3,
    "1522": 5,
    "1533": 1,
    "1532": 2,
    "1531": 1,
    "23044": 2,
    "1430": 2,
    "27761": 3,
    "1508": 1,
    "1519": 1,
    "1539": 1,
    "5429": 4,
    "16966": 1,
    "1515": 1,
    "1526": 2
}}
{"offender": {
    "100": 11,
    "27761": 1,
    "23044": 2,
    "23045": 1,
    "1286": 1,
    "1519": 1,
    "20657": 1
}}
{"orpheos": {"43737": 2}}
{"overtake": {
    "100": 7,
    "1533": 1,
    "1532": 2,
    "23044": 1,
    "1508": 1,
    "5429": 1,
    "16966": 4,
    "1515": 1
}}
{"outdwells": {
    "100": 1,
    "1515": 1
}}
{"orourke": {"16055": 1}}
{"odds": {
    "47960": 1,
    "23045": 1,
    "1286": 1,
    "20657": 1,
    "100": 44,
    "1513": 1,
    "1524": 3,
    "1523": 1,
    "1533": 1,
    "1532": 1,
    "1531": 1,
    "23044": 1,
    "27761": 3,
    "1508": 1,
    "1539": 1,
    "16966": 1
}}
{"odda": {"43737": 1}}
{"odde": {
    "16055": 1,
    "2265": 2,
    "1112": 2
}}
{"overtaen": {"100": 2}}
{"odes": {
    "1286": 1,
    "100": 1,
    "1523": 1,
    "20657": 1
}}
{"oder": {"43737": 2}}
{"odly": {"1112": 1}}
{"obseruation": {"2265": 1}}
{"of39": {"27761": 1}}
{"ordayne": {"43737": 1}}
{"octavo": {
    "16055": 2,
    "47960": 1
}}
{"ouches": {"16055": 1}}
{"onweg": {"43737": 2}}
{"orehasty": {"2265": 1}}
{"odoors": {"27761": 1}}
{"oegh": {"43737": 1}}
{"onesidedness": {"16966": 2}}
{"oeil": {"18143": 7}}
{"office": {
    "16055": 2,
    "23045": 10,
    "1286": 6,
    "43737": 10,
    "23046": 4,
    "1041": 2,
    "27726": 2,
    "20657": 6,
    "1514": 1,
    "1513": 3,
    "1533": 4,
    "1532": 6,
    "23042": 4,
    "1531": 8,
    "1112": 3,
    "23044": 5,
    "1430": 6,
    "27761": 2,
    "1519": 9,
    "1539": 5,
    "1515": 2,
    "18143": 1,
    "47960": 3,
    "2265": 2,
    "2264": 4,
    "100": 137,
    "1524": 2,
    "1523": 2,
    "1522": 2,
    "1508": 6,
    "5429": 1,
    "16966": 10,
    "1526": 4
}}
{"officd": {
    "1539": 1,
    "100": 3,
    "1531": 1
}}
{"offendre": {"43737": 1}}
{"offendst": {
    "100": 1,
    "1515": 1
}}
{"outbrave": {
    "100": 1,
    "1515": 1
}}
{"oere": {"43737": 8}}
{"oeuf": {"18143": 1}}
{"occupying": {
    "23042": 1,
    "16966": 2,
    "1430": 1
}}
