{"q": {
    "23045": 3,
    "23044": 2,
    "16966": 6
}}
{"quarterd": {
    "100": 5,
    "1524": 1,
    "1522": 1
}}
{"quarters": {
    "100": 5,
    "1533": 1,
    "1430": 1,
    "43737": 2,
    "23046": 2,
    "2264": 1,
    "27726": 1,
    "1539": 1
}}
{"qwell": {"43737": 1}}
{"q1": {
    "23045": 1,
    "23046": 1,
    "23042": 1,
    "23044": 94,
    "16966": 25
}}
{"q2": {
    "23044": 90,
    "16966": 6
}}
{"q3": {"23044": 235}}
{"qq": {
    "23044": 1,
    "16966": 10
}}
{"qu": {
    "2265": 62,
    "18143": 5,
    "23044": 7
}}
{"qv": {"43737": 60}}
{"querelleur": {"18143": 2}}
{"quiring": {
    "100": 1,
    "1515": 1
}}
{"quiuering": {"1112": 1}}
{"quarrelling": {
    "100": 7,
    "1524": 1,
    "1513": 2,
    "1112": 1,
    "47960": 2,
    "43737": 1,
    "1519": 1,
    "20657": 2,
    "1526": 1,
    "1515": 1
}}
{"qwite": {"43737": 2}}
{"quelquesuns": {"18143": 5}}
{"quelquefois": {"18143": 7}}
{"quagmire": {
    "1532": 1,
    "100": 2
}}
{"quicknesse": {"2265": 1}}
{"queenlc": {"27761": 1}}
{"queenlo": {
    "1539": 1,
    "100": 1
}}
{"queenly": {"43737": 1}}
{"queenmy": {"100": 1}}
{"quietness": {
    "100": 7,
    "47960": 1,
    "16966": 1,
    "1515": 1
}}
{"quarelling": {"2265": 1}}
{"quiconque": {"18143": 1}}
{"quarreling": {
    "1286": 2,
    "1112": 1,
    "1430": 1
}}
{"questioning": {
    "1286": 1,
    "100": 1,
    "1523": 1,
    "20657": 1,
    "16966": 2
}}
{"quarantedeux": {"18143": 1}}
{"quettyng": {"43737": 1}}
{"quality58": {"27761": 1}}
{"quiddits": {
    "2265": 1,
    "100": 1,
    "1524": 1,
    "27761": 3
}}
{"quolibet": {"18143": 1}}
{"quinapalus": {
    "100": 1,
    "1526": 1
}}
{"quarrelscene": {"16966": 3}}
{"qualitieshog": {"16966": 1}}
{"quiddities": {"100": 1}}
{"qualification": {
    "100": 1,
    "1531": 1
}}
{"quoiquelle": {"18143": 1}}
{"quasipron": {"43737": 1}}
{"qwyte": {"43737": 1}}
{"quickning": {"100": 1}}
{"quicksiluer": {"2265": 1}}
{"quietus": {
    "2265": 1,
    "100": 2,
    "1524": 1,
    "1041": 1,
    "27761": 3
}}
{"quietly": {
    "47960": 1,
    "1286": 3,
    "43737": 1,
    "2265": 1,
    "27726": 1,
    "20657": 3,
    "100": 11,
    "1524": 1,
    "27761": 2,
    "1430": 4,
    "1508": 1,
    "5429": 2,
    "16966": 7
}}
{"questionablenew": {"27726": 1}}
{"quicksilver": {
    "1286": 1,
    "100": 2,
    "1524": 1,
    "20657": 1,
    "27761": 1
}}
{"quieter": {
    "1286": 1,
    "16055": 1,
    "100": 1,
    "20657": 1,
    "1526": 1
}}
{"quieten": {"43737": 1}}
{"quieted": {
    "1286": 1,
    "20657": 1
}}
{"questce": {"18143": 6}}
{"quotes": {
    "100": 1,
    "27726": 5,
    "47960": 39,
    "27761": 1
}}
{"quoted": {
    "16055": 4,
    "100": 5,
    "1524": 1,
    "23042": 1,
    "47960": 5,
    "23044": 2,
    "23045": 3,
    "2265": 1,
    "23046": 1,
    "27726": 1,
    "16966": 27
}}
{"quotha": {"100": 2}}
{"quarrelsomeness": {"47960": 1}}
{"queenlike": {
    "1286": 1,
    "20657": 1
}}
{"quivalent": {"18143": 2}}
{"quhelis": {"43737": 1}}
{"quenching": {
    "100": 2,
    "1526": 1
}}
{"quinces": {
    "1514": 2,
    "100": 3,
    "1513": 1,
    "1112": 1,
    "47960": 1
}}
{"quicksand": {"100": 1}}
{"quallaistu": {"18143": 1}}
{"quaking": {"100": 2}}
{"quickeyed": {"100": 1}}
{"quatorze": {"18143": 6}}
{"question": {
    "16055": 1,
    "23045": 3,
    "1286": 9,
    "43737": 8,
    "23046": 2,
    "1041": 2,
    "27726": 10,
    "20657": 9,
    "1514": 2,
    "1513": 2,
    "1533": 4,
    "1532": 7,
    "23042": 2,
    "1531": 4,
    "1112": 2,
    "23044": 6,
    "1430": 4,
    "27761": 9,
    "1519": 8,
    "1539": 5,
    "1515": 6,
    "47960": 8,
    "2265": 14,
    "2264": 4,
    "100": 158,
    "1524": 16,
    "1523": 5,
    "1522": 3,
    "5429": 2,
    "16966": 137,
    "1526": 6
}}
{"quarante": {"18143": 1}}
{"quickshifting": {"100": 1}}
{"quhedirand": {"43737": 1}}
{"quapporte": {"18143": 1}}
{"questionless": {
    "100": 2,
    "27761": 1,
    "1515": 1
}}
{"quantitie": {"2265": 3}}
{"qualify": {
    "23045": 2,
    "100": 8,
    "1041": 1,
    "1519": 1,
    "1539": 1,
    "1515": 1
}}
{"quasipers": {"43737": 1}}
{"quadragsime": {"18143": 1}}
{"quaussitt": {"18143": 1}}
{"questant": {"100": 1}}
{"quinzaine": {"18143": 2}}
{"quintus": {
    "16055": 2,
    "100": 16,
    "2264": 1
}}
{"quartering": {"100": 1}}
{"quayant": {"18143": 1}}
{"quoits": {"100": 1}}
{"quoifs": {
    "1539": 1,
    "100": 1
}}
{"quappartient": {"18143": 2}}
{"quicksands": {"100": 1}}
{"quatrime": {"18143": 2}}
{"quenched": {
    "23045": 1,
    "1286": 1,
    "100": 3,
    "1041": 1,
    "20657": 1,
    "47960": 2
}}
{"quensuite": {"18143": 1}}
{"question56": {"27761": 1}}
{"quests": {
    "23045": 2,
    "100": 1,
    "1531": 1
}}
{"questioned": {
    "1286": 4,
    "100": 4,
    "20657": 4,
    "16966": 4,
    "1430": 1
}}
{"questioner": {"1430": 1}}
{"quaint": {
    "16055": 2,
    "1514": 2,
    "100": 12,
    "23042": 2,
    "23044": 1,
    "1286": 1,
    "1508": 2,
    "1519": 1,
    "27726": 1,
    "20657": 1,
    "1515": 1
}}
{"querelles": {"18143": 6}}
{"quereller": {"18143": 1}}
{"quails": {"100": 2}}
{"quarreller": {
    "100": 1,
    "1526": 1
}}
{"quarrelled": {
    "100": 1,
    "1513": 1,
    "27726": 1,
    "47960": 1
}}
{"qualit": {
    "43737": 1,
    "100": 2
}}
{"quelquun": {"18143": 7}}
{"questionthat": {"23045": 1}}
{"quakes": {
    "1532": 1,
    "100": 2
}}
{"quaked": {
    "100": 2,
    "23044": 1
}}
{"quantity": {
    "1514": 1,
    "100": 13,
    "1524": 4,
    "27761": 6,
    "43737": 3,
    "1508": 1,
    "27726": 2,
    "16966": 2,
    "1526": 1
}}
{"quoniam": {"100": 1}}
{"quando": {"100": 1}}
{"quicklys": {"47960": 1}}
{"quarrelous": {"100": 1}}
{"quelques": {"18143": 23}}
{"queynt": {"43737": 3}}
{"quickned": {"100": 1}}
{"quaprs": {"18143": 1}}
{"qualits": {"18143": 1}}
{"quality": {
    "16055": 5,
    "47960": 3,
    "23045": 1,
    "1286": 2,
    "43737": 2,
    "2265": 3,
    "1041": 1,
    "27726": 4,
    "20657": 2,
    "100": 61,
    "1524": 4,
    "1522": 4,
    "1532": 6,
    "23042": 3,
    "1531": 4,
    "23044": 2,
    "27761": 3,
    "1430": 2,
    "5429": 2,
    "16966": 15,
    "1515": 2,
    "1526": 2
}}
{"quaijoubli": {"23044": 1}}
{"quarry": {
    "100": 3,
    "1524": 1,
    "1533": 1,
    "43737": 1,
    "2265": 1,
    "2264": 2,
    "5429": 1,
    "16966": 1
}}
{"quarum": {"5429": 1}}
{"quarto": {
    "23045": 1,
    "16055": 1,
    "47960": 47,
    "27761": 1,
    "23044": 4,
    "16966": 12
}}
{"quarts": {
    "100": 1,
    "1508": 1
}}
{"quarta": {
    "23045": 1,
    "2264": 4
}}
{"quoique": {"18143": 2}}
{"quatre": {"18143": 2}}
{"quibble": {
    "5429": 5,
    "47960": 10,
    "27761": 2
}}
{"quelquesunes": {"18143": 2}}
{"quatgh": {"43737": 1}}
{"quatil": {"18143": 1}}
{"quatha": {"1112": 1}}
{"quastu": {"18143": 2}}
{"quailing": {"100": 2}}
{"quannonce": {"18143": 1}}
{"qualities": {
    "47960": 2,
    "1286": 16,
    "43737": 1,
    "27726": 4,
    "20657": 16,
    "1514": 1,
    "100": 29,
    "1513": 1,
    "1523": 1,
    "1532": 1,
    "23042": 2,
    "1531": 1,
    "1112": 1,
    "27761": 1,
    "1430": 1,
    "1508": 1,
    "1519": 1,
    "5429": 5,
    "16966": 11,
    "1515": 1
}}
{"quondam": {
    "100": 6,
    "1519": 1
}}
{"quickthus": {"47960": 1}}
{"quavezvous": {"18143": 1}}
{"quickening": {
    "23045": 1,
    "100": 1,
    "47960": 1,
    "16966": 1
}}
{"quack": {"1430": 1}}
{"quinta": {
    "23045": 1,
    "2264": 3
}}
{"quincy": {"1430": 1}}
{"quince": {
    "1514": 51,
    "27726": 1,
    "100": 51
}}
{"queasy": {
    "1532": 1,
    "100": 3,
    "1519": 1
}}
{"queenerosstay": {"100": 1}}
{"quires": {"23044": 1}}
{"queene": {
    "43737": 1,
    "2265": 39,
    "2264": 3,
    "1112": 1,
    "23044": 2
}}
{"quipage": {"18143": 1}}
{"quasiadv": {"43737": 3}}
{"queeno": {
    "1539": 1,
    "100": 1
}}
{"queens": {
    "16055": 2,
    "100": 59,
    "47960": 1,
    "27761": 1,
    "1430": 4,
    "1286": 8,
    "20657": 8,
    "1539": 11,
    "16966": 6
}}
{"quasiadj": {"43737": 1}}
{"quautrefois": {"18143": 1}}
{"quaux": {"18143": 1}}
{"quaes": {"100": 1}}
{"quaff": {
    "100": 1,
    "1508": 1
}}
{"qualm": {
    "100": 3,
    "1519": 1
}}
{"quake": {
    "1514": 2,
    "100": 16,
    "1524": 1,
    "27761": 1,
    "1430": 1,
    "23045": 1,
    "1286": 1,
    "2265": 1,
    "1519": 1,
    "1539": 1,
    "20657": 1,
    "16966": 1
}}
{"quail": {
    "43737": 1,
    "1514": 1,
    "100": 4,
    "1523": 1
}}
{"quant": {"18143": 2}}
{"quiescent": {"16966": 1}}
{"quand": {
    "100": 2,
    "18143": 39
}}
{"quelles": {"18143": 10}}
{"quath": {"43737": 1}}
{"quasi": {
    "100": 1,
    "18143": 1
}}
{"quart": {
    "100": 6,
    "1539": 1,
    "18143": 1,
    "23044": 1
}}
{"quare": {"100": 1}}
{"quiter": {"43737": 1}}
{"quean": {
    "100": 4,
    "23044": 2
}}
{"queas": {
    "100": 1,
    "1508": 1
}}
{"queer": {
    "16055": 1,
    "43737": 1,
    "1430": 1
}}
{"queen": {
    "16055": 23,
    "47960": 4,
    "1286": 95,
    "43737": 2,
    "2265": 8,
    "1041": 1,
    "27726": 4,
    "20657": 95,
    "1514": 16,
    "100": 1047,
    "1513": 1,
    "1524": 120,
    "1523": 1,
    "1533": 4,
    "1532": 5,
    "23042": 10,
    "23044": 7,
    "1430": 62,
    "27761": 110,
    "1508": 1,
    "1539": 46,
    "16966": 38,
    "1515": 2,
    "1526": 2
}}
{"quit71": {"27761": 1}}
{"quirks": {
    "100": 4,
    "1519": 1,
    "1531": 1,
    "47960": 1
}}
{"quiver": {
    "43737": 1,
    "100": 5,
    "1519": 1,
    "16966": 1
}}
{"quelque": {"18143": 41}}
{"quene": {"43737": 1}}
{"quels": {"18143": 1}}
{"quell": {
    "1514": 1,
    "100": 6,
    "1533": 1,
    "1430": 1,
    "2264": 1,
    "5429": 1,
    "16966": 1
}}
{"quitte": {
    "43737": 1,
    "18143": 2
}}
{"queme": {"43737": 1}}
{"quest": {
    "100": 11,
    "1524": 1,
    "1532": 1,
    "18143": 1,
    "23045": 1,
    "2265": 1,
    "23046": 2,
    "1041": 2,
    "5429": 2,
    "1515": 1
}}
{"query": {"16055": 1}}
{"quern": {
    "1514": 1,
    "100": 1
}}
{"quere": {"43737": 1}}
{"quicklyis": {"23044": 1}}
{"queue": {"18143": 1}}
{"quitta": {"18143": 1}}
{"quien": {"16055": 1}}
{"quiet": {
    "23045": 1,
    "1286": 4,
    "43737": 2,
    "23046": 6,
    "1041": 1,
    "27726": 1,
    "20657": 4,
    "1514": 1,
    "1513": 4,
    "1533": 1,
    "23042": 3,
    "1531": 5,
    "1112": 4,
    "23044": 2,
    "1430": 7,
    "27761": 3,
    "1519": 2,
    "1539": 1,
    "47960": 5,
    "2265": 5,
    "2264": 1,
    "100": 86,
    "1524": 5,
    "1523": 1,
    "1508": 5,
    "5429": 2,
    "16966": 11,
    "1526": 1
}}
{"quies": {"23044": 1}}
{"quibbling": {
    "43737": 1,
    "47960": 2,
    "1430": 1
}}
{"quixote": {"16055": 1}}
{"quat": {
    "43737": 2,
    "100": 1,
    "1531": 1
}}
{"quilt": {"100": 1}}
{"quils": {
    "100": 1,
    "18143": 20
}}
{"quam": {
    "100": 1,
    "1508": 1
}}
{"quay": {
    "100": 1,
    "16966": 1
}}
{"quill": {
    "1514": 1,
    "100": 5,
    "1041": 2
}}
{"quau": {"18143": 3}}
{"quai": {"18143": 1}}
{"quae": {
    "100": 1,
    "16966": 1
}}
{"quite": {
    "16055": 1,
    "23045": 4,
    "1286": 14,
    "43737": 10,
    "23046": 2,
    "1041": 5,
    "27726": 34,
    "20657": 15,
    "1514": 4,
    "1513": 2,
    "1533": 1,
    "1532": 1,
    "23042": 2,
    "1531": 3,
    "1112": 3,
    "1430": 10,
    "27761": 5,
    "1539": 2,
    "1515": 1,
    "47960": 15,
    "2265": 5,
    "2264": 2,
    "100": 91,
    "1524": 4,
    "1523": 1,
    "1522": 4,
    "1508": 2,
    "16966": 165,
    "1526": 1
}}
{"quirk": {
    "100": 1,
    "1526": 1
}}
{"quire": {
    "1514": 1,
    "100": 2,
    "23044": 1
}}
{"quips": {
    "100": 4,
    "1519": 1,
    "23044": 1,
    "16966": 1
}}
{"ques": {"23044": 1}}
{"quen": {
    "43737": 2,
    "18143": 11
}}
{"quel": {
    "18143": 22,
    "47960": 1
}}
{"quid": {"100": 1}}
{"quic": {"23044": 40}}
{"quil": {
    "100": 1,
    "18143": 75
}}
{"quit": {
    "47960": 3,
    "23045": 3,
    "2265": 2,
    "23046": 1,
    "2264": 1,
    "100": 50,
    "1513": 1,
    "1524": 2,
    "1523": 1,
    "1533": 1,
    "1532": 3,
    "23042": 3,
    "23044": 1,
    "27761": 2,
    "1430": 1,
    "1508": 1,
    "1519": 1,
    "1539": 2,
    "16966": 1,
    "1515": 1
}}
{"quis": {
    "100": 4,
    "16966": 4
}}
{"quip": {
    "100": 2,
    "1523": 2
}}
{"quoi": {"18143": 25}}
{"quod": {
    "43737": 2,
    "100": 4,
    "5429": 1,
    "47960": 1,
    "23044": 1
}}
{"quon": {"18143": 25}}
{"quom": {"43737": 2}}
{"quick": {
    "16055": 1,
    "23045": 6,
    "1286": 3,
    "43737": 4,
    "23046": 1,
    "1041": 3,
    "20657": 3,
    "1514": 3,
    "1513": 2,
    "1532": 2,
    "23042": 5,
    "1531": 4,
    "23044": 84,
    "1430": 1,
    "27761": 5,
    "1519": 2,
    "1539": 2,
    "1515": 3,
    "47960": 2,
    "100": 108,
    "1524": 8,
    "1523": 1,
    "1522": 2,
    "1508": 1,
    "5429": 2,
    "16966": 5,
    "1526": 2
}}
{"quun": {"18143": 22}}
{"quhen": {"43737": 2}}
{"quyk": {"43737": 1}}
{"queasiness": {"100": 1}}
{"quhar": {"43737": 4}}
{"quickraised": {"100": 1}}
{"quench": {
    "100": 31,
    "1513": 2,
    "1531": 2,
    "1112": 2,
    "47960": 3,
    "23046": 1,
    "1508": 1,
    "1519": 1,
    "1539": 3
}}
{"quibbles": {
    "47960": 1,
    "16966": 1
}}
{"quitt": {"18143": 2}}
{"quits": {
    "23045": 1,
    "100": 3,
    "1526": 1
}}
{"qwiles": {"43737": 2}}
{"quelle": {
    "43737": 1,
    "27726": 2,
    "18143": 53
}}
{"quotation": {
    "16055": 1,
    "27726": 1,
    "47960": 5,
    "16966": 2
}}
{"qulve": {"18143": 1}}
{"quivering": {
    "100": 1,
    "1513": 1,
    "18143": 1
}}
{"quittance": {
    "100": 6,
    "1523": 1,
    "23044": 1
}}
{"questrists": {
    "1532": 1,
    "100": 1,
    "16966": 1
}}
{"quoth": {
    "47960": 11,
    "43737": 1,
    "2265": 1,
    "23046": 15,
    "2264": 1,
    "100": 116,
    "1513": 5,
    "1524": 1,
    "1523": 6,
    "1533": 1,
    "23042": 1,
    "1112": 4,
    "23044": 4,
    "1508": 5
}}
{"quote": {
    "100": 6,
    "1513": 1,
    "1112": 1,
    "47960": 6,
    "23045": 1,
    "27726": 2,
    "16966": 3
}}
{"quaffd": {
    "100": 2,
    "1508": 1
}}
{"quenchless": {
    "16055": 1,
    "100": 2
}}
{"quods": {
    "100": 1,
    "23044": 1
}}
{"queubus": {
    "100": 1,
    "1526": 1
}}
{"quoit": {"100": 1}}
{"quont": {"18143": 1}}
{"quickend": {
    "100": 1,
    "5429": 1
}}
{"quickens": {
    "23042": 1,
    "100": 2,
    "16966": 1
}}
{"quickely": {
    "2264": 1,
    "1112": 1
}}
{"quick73": {"27761": 1}}
{"quantities": {
    "100": 1,
    "5429": 1,
    "16966": 1,
    "1430": 1
}}
{"qualified": {
    "100": 8,
    "1532": 2,
    "1531": 1,
    "1430": 1,
    "1508": 1,
    "27726": 1,
    "1539": 1,
    "5429": 1
}}
{"qualifies": {
    "2265": 1,
    "100": 1,
    "1524": 1
}}
{"quickst": {"100": 1}}
{"quickly": {
    "23045": 4,
    "1286": 14,
    "43737": 15,
    "1041": 1,
    "27726": 4,
    "20657": 14,
    "1514": 2,
    "1513": 5,
    "1533": 4,
    "1532": 4,
    "23042": 1,
    "1531": 2,
    "1112": 4,
    "23044": 48,
    "1430": 3,
    "1519": 1,
    "1539": 1,
    "47960": 8,
    "2265": 1,
    "2264": 3,
    "100": 217,
    "1524": 1,
    "1523": 3,
    "1508": 1,
    "16966": 9,
    "1526": 6
}}
{"quicker": {
    "1514": 1,
    "100": 2,
    "1041": 1
}}
{"quicken": {
    "100": 9,
    "1508": 1,
    "1532": 1,
    "1531": 2,
    "5429": 1,
    "1515": 1
}}
{"quarell": {
    "43737": 1,
    "1112": 1,
    "47960": 1
}}
{"queensave": {
    "23042": 1,
    "100": 1
}}
{"quelling": {"23042": 1}}
{"quickanswerd": {"100": 1}}
{"qualifications": {
    "1286": 1,
    "20657": 1,
    "47960": 1,
    "27761": 1,
    "16966": 3
}}
{"quarrelsome": {
    "100": 3,
    "1523": 2,
    "47960": 1,
    "1430": 1,
    "1286": 1,
    "1508": 1,
    "20657": 1,
    "5429": 1
}}
{"quune": {"18143": 15}}
{"quitteras": {"18143": 1}}
{"quickwitted": {
    "100": 1,
    "1508": 1,
    "16966": 2
}}
{"quotations": {
    "5429": 2,
    "47960": 2,
    "27761": 1,
    "16966": 1,
    "1430": 3
}}
{"quicklier": {"100": 1}}
{"quicke": {
    "2265": 6,
    "1112": 3
}}
{"quitted": {
    "100": 1,
    "1539": 1,
    "16966": 1,
    "1430": 2
}}
{"quitter": {"18143": 6}}
{"quittal": {"100": 1}}
{"quyte": {
    "43737": 3,
    "47960": 1
}}
{"quarries": {
    "1286": 1,
    "100": 1,
    "20657": 1,
    "1531": 1
}}
{"quittent": {"18143": 1}}
{"quiets": {"16966": 1}}
{"quillets21": {"27761": 1}}
{"quickdespatching": {"47960": 1}}
{"quartered": {
    "100": 5,
    "1522": 1
}}
{"quarterin": {"100": 1}}
{"quitting": {"100": 1}}
{"quarrels": {
    "47960": 1,
    "1286": 5,
    "2264": 1,
    "20657": 5,
    "100": 21,
    "1513": 1,
    "1523": 1,
    "1533": 1,
    "1532": 2,
    "1112": 1,
    "1430": 2,
    "1519": 1,
    "16966": 2,
    "1515": 1,
    "1526": 1
}}
{"quarrell": {
    "2265": 1,
    "2264": 1,
    "1112": 9
}}
{"quarreld": {"1112": 1}}
{"quills": {
    "1286": 1,
    "43737": 1,
    "100": 2,
    "1524": 1,
    "20657": 1,
    "27761": 1
}}
{"quartus": {"2264": 1}}
{"quarter": {
    "47960": 1,
    "23045": 1,
    "23046": 1,
    "2264": 1,
    "27726": 1,
    "100": 20,
    "1513": 1,
    "1533": 1,
    "1531": 1,
    "1112": 1,
    "23044": 4,
    "1430": 4,
    "1508": 1,
    "1519": 1,
    "16966": 1
}}
{"quartos": {
    "16055": 2,
    "5429": 1,
    "47960": 16,
    "23044": 8,
    "16966": 13
}}
{"qualifying": {
    "100": 1,
    "16966": 1
}}
{"quillets": {
    "2265": 1,
    "100": 6,
    "1524": 1,
    "1531": 1,
    "27761": 2
}}
{"quoting": {
    "16055": 1,
    "5429": 1,
    "16966": 3
}}
{"queersoeuer": {"43737": 1}}
{"quelconque": {"18143": 2}}
{"questionable": {
    "2265": 1,
    "100": 1,
    "1524": 1,
    "27726": 1,
    "27761": 3,
    "16966": 2
}}
{"quilles": {"2265": 1}}
{"quiuers": {"1112": 1}}
{"quadrisyllable": {"47960": 12}}
{"quexhale": {"18143": 1}}
{"quelquundonnemoi": {"18143": 1}}
{"quotidian": {
    "100": 2,
    "1523": 1
}}
{"quarreled": {"1430": 1}}
{"quhabitent": {"18143": 1}}
{"quickconceiving": {"100": 1}}
{"qualmish": {"100": 1}}
{"quivalents": {"18143": 1}}
{"qua": {
    "43737": 2,
    "18143": 1
}}
{"que": {
    "100": 18,
    "18143": 601,
    "23044": 1
}}
{"qui": {
    "100": 7,
    "27726": 1,
    "18143": 347,
    "23044": 7
}}
{"quh": {"43737": 1}}
{"quo": {
    "43737": 1,
    "100": 3
}}
{"qus": {"23044": 2}}
{"quy": {
    "43737": 1,
    "18143": 2
}}
{"quickened": {
    "5429": 1,
    "27761": 1,
    "16966": 3
}}
{"quickness": {
    "100": 1,
    "1524": 1,
    "16966": 5,
    "1430": 1
}}
{"questionedst": {"100": 1}}
{"quarrel": {
    "47960": 13,
    "1286": 10,
    "43737": 6,
    "20657": 10,
    "100": 98,
    "1513": 11,
    "1524": 2,
    "1523": 5,
    "1522": 1,
    "1533": 2,
    "1532": 4,
    "23042": 1,
    "1531": 3,
    "1112": 1,
    "23044": 1,
    "27761": 1,
    "1430": 16,
    "1508": 4,
    "1519": 4,
    "16966": 11,
    "1515": 1,
    "1526": 5
}}
{"quicklynoble": {"100": 1}}
{"questionings": {"16966": 1}}
{"quenchd": {
    "1514": 1,
    "100": 5,
    "2264": 1,
    "1533": 1,
    "1532": 1
}}
{"quaucune": {"18143": 1}}
{"quantytee": {"43737": 1}}
{"quasisb": {"43737": 16}}
{"quintain": {
    "100": 1,
    "1523": 1
}}
{"questions": {
    "16055": 1,
    "18143": 1,
    "47960": 1,
    "23045": 1,
    "1286": 2,
    "43737": 1,
    "27726": 6,
    "20657": 2,
    "1514": 1,
    "100": 19,
    "1523": 1,
    "23042": 1,
    "1531": 1,
    "23044": 1,
    "1430": 2,
    "5429": 2,
    "16966": 22,
    "1515": 1,
    "1526": 1
}}
{"question8": {"27761": 1}}
{"questiond": {
    "1539": 2,
    "100": 4,
    "1531": 1
}}
{"quolibets": {"18143": 1}}
{"quatchbuttock": {"100": 1}}
{"questioun": {"43737": 2}}
{"quadrangle": {"100": 1}}
{"quicklyvere": {"100": 1}}
{"quenfin": {"18143": 1}}
{"quimporte": {"18143": 1}}
{"queen63": {"27761": 1}}
{"quivers": {
    "100": 1,
    "1513": 1,
    "47960": 1
}}
{"quintessence": {
    "2265": 1,
    "100": 2,
    "1524": 1,
    "1523": 1,
    "27761": 1,
    "16966": 1
}}
{"qulevaient": {"18143": 1}}
{"querelle": {
    "43737": 1,
    "18143": 14
}}
{"qualityo": {
    "1532": 1,
    "100": 1
}}
{"quaintly": {
    "16055": 1,
    "2265": 1,
    "100": 6,
    "1524": 1,
    "1515": 1
}}
{"qualitie": {"23044": 1}}
{"querele": {"43737": 1}}
{"qualitee": {"43737": 1}}
{"queries": {
    "23045": 3,
    "47960": 1
}}
{"queinte": {"43737": 1}}
{"qwart": {"43737": 3}}
{"quiverst": {"100": 1}}
{"quantum": {"5429": 1}}
{"quantit": {"43737": 2}}
{"qwake": {"43737": 1}}
{"quaffing": {
    "100": 1,
    "1526": 1
}}
{"quhill": {"43737": 3}}
