{"usurpers": {
    "43737": 1,
    "100": 5,
    "1523": 2,
    "1533": 1
}}
{"u": {
    "43737": 20,
    "2265": 2,
    "100": 1,
    "2264": 2,
    "27761": 1,
    "16966": 3
}}
{"unmingled": {
    "100": 2,
    "23046": 1,
    "16966": 3
}}
{"unbowdalas": {
    "23042": 1,
    "100": 1
}}
{"untouchd": {
    "100": 1,
    "1522": 1
}}
{"unclaimed": {
    "100": 1,
    "1523": 1
}}
{"unstate": {
    "1532": 1,
    "100": 2,
    "16966": 1
}}
{"unstaid": {
    "100": 3,
    "1526": 1
}}
{"unwashd": {
    "100": 2,
    "1513": 1
}}
{"unthread": {"100": 1}}
{"uproar": {
    "1286": 1,
    "43737": 2,
    "100": 5,
    "1533": 1,
    "20657": 1,
    "1430": 2
}}
{"unceremonious": {"27761": 1}}
{"unseminared": {"100": 1}}
{"uneven": {
    "23045": 1,
    "1514": 1,
    "100": 7,
    "1513": 1,
    "47960": 4
}}
{"unwise": {"100": 3}}
{"unacknowledged": {
    "1286": 1,
    "20657": 1,
    "1430": 1
}}
{"urs251l229": {"1430": 1}}
{"uniquely": {"43737": 1}}
{"unwipd": {
    "100": 1,
    "1533": 1
}}
{"unwind": {"100": 2}}
{"untruths218": {"16966": 1}}
{"unwares": {"100": 1}}
{"unpitifully": {
    "100": 1,
    "23044": 1
}}
{"unauthorizd": {
    "100": 1,
    "1531": 1
}}
{"unbuckling": {"100": 1}}
{"undonethe": {"23044": 1}}
{"unforfeited": {
    "100": 1,
    "1515": 1
}}
{"ungracious": {
    "100": 8,
    "1524": 1,
    "1532": 1,
    "27761": 1,
    "1286": 1,
    "20657": 1,
    "1526": 1
}}
{"usancies": {"23045": 1}}
{"uneffectual": {
    "100": 1,
    "1524": 1,
    "27761": 1
}}
{"unscarred": {"100": 2}}
{"un": {
    "43737": 6,
    "100": 3,
    "18143": 373,
    "47960": 2,
    "23044": 6
}}
{"up": {
    "16055": 6,
    "23045": 30,
    "1286": 135,
    "43737": 48,
    "23046": 17,
    "1041": 18,
    "27726": 29,
    "20657": 135,
    "1514": 30,
    "1513": 59,
    "1533": 29,
    "1532": 35,
    "23042": 24,
    "1531": 33,
    "1112": 3,
    "23044": 23,
    "1430": 64,
    "27761": 36,
    "1519": 27,
    "1539": 39,
    "1515": 16,
    "18143": 6,
    "47960": 101,
    "2265": 3,
    "2264": 3,
    "100": 1161,
    "1524": 40,
    "1523": 16,
    "1522": 38,
    "1508": 30,
    "5429": 7,
    "16966": 69,
    "1526": 19
}}
{"ur": {"43737": 10}}
{"us": {
    "16055": 13,
    "23045": 38,
    "1286": 43,
    "43737": 29,
    "23046": 54,
    "1041": 10,
    "27726": 36,
    "20657": 42,
    "1514": 32,
    "1513": 38,
    "1533": 62,
    "1532": 60,
    "23042": 46,
    "1531": 41,
    "1112": 8,
    "23044": 37,
    "1430": 30,
    "27761": 59,
    "1519": 40,
    "1539": 60,
    "1515": 38,
    "18143": 13,
    "47960": 79,
    "2265": 8,
    "2264": 8,
    "100": 1755,
    "1524": 77,
    "1523": 41,
    "1522": 71,
    "1508": 33,
    "5429": 30,
    "16966": 313,
    "1526": 26
}}
{"ut": {
    "16055": 1,
    "23045": 1,
    "1286": 1,
    "43737": 2,
    "23046": 1,
    "1041": 1,
    "27726": 1,
    "20657": 1,
    "1514": 1,
    "1513": 1,
    "1533": 1,
    "1532": 1,
    "23042": 1,
    "1531": 1,
    "1112": 1,
    "23044": 1,
    "1430": 1,
    "27761": 1,
    "1519": 1,
    "1539": 1,
    "1515": 1,
    "18143": 3,
    "47960": 1,
    "2265": 1,
    "2264": 1,
    "100": 3,
    "1524": 1,
    "1523": 1,
    "1522": 1,
    "1508": 2,
    "5429": 3,
    "16966": 1,
    "1526": 1
}}
{"untasted": {"100": 1}}
{"unhousled": {
    "100": 1,
    "1524": 1
}}
{"unrighteously": {"43737": 1}}
{"urals": {"16055": 1}}
{"untrimmed": {"100": 2}}
{"unbolted": {
    "1532": 1,
    "27726": 1,
    "100": 1
}}
{"undeservd": {
    "23045": 1,
    "100": 1
}}
{"understand": {
    "16055": 3,
    "23045": 4,
    "1286": 6,
    "43737": 6,
    "23046": 5,
    "1041": 1,
    "27726": 13,
    "20657": 6,
    "1514": 3,
    "1513": 1,
    "1533": 2,
    "1532": 4,
    "23042": 2,
    "1531": 6,
    "1112": 1,
    "23044": 8,
    "1430": 8,
    "27761": 4,
    "1519": 1,
    "1539": 4,
    "1515": 7,
    "18143": 1,
    "47960": 6,
    "2265": 2,
    "2264": 2,
    "100": 103,
    "1524": 8,
    "1523": 4,
    "1522": 1,
    "1508": 6,
    "5429": 6,
    "16966": 40,
    "1526": 6
}}
{"unsayt": {"100": 1}}
{"unshifting": {"23045": 1}}
{"urinal": {
    "100": 3,
    "23044": 1
}}
{"unaltered": {
    "1286": 1,
    "20657": 1,
    "5429": 1
}}
{"updated": {
    "16055": 2,
    "23045": 1,
    "1286": 2,
    "43737": 1,
    "23046": 1,
    "1041": 2,
    "27726": 1,
    "20657": 1,
    "1514": 2,
    "1513": 2,
    "1533": 2,
    "1532": 2,
    "23042": 1,
    "1531": 2,
    "1112": 2,
    "23044": 1,
    "1430": 2,
    "27761": 2,
    "1519": 2,
    "1539": 2,
    "1515": 2,
    "18143": 1,
    "47960": 1,
    "2265": 2,
    "2264": 2,
    "100": 2,
    "1524": 2,
    "1523": 2,
    "1522": 2,
    "1508": 2,
    "5429": 2,
    "16966": 2,
    "1526": 2
}}
{"usurping": {
    "100": 16,
    "23046": 1,
    "1523": 1,
    "23042": 1
}}
{"universities": {
    "1286": 1,
    "100": 1,
    "20657": 1,
    "27761": 1,
    "1430": 1
}}
{"ungravely": {"100": 1}}
{"uncultivated": {"43737": 1}}
{"underminers": {"100": 1}}
{"unsaht": {"43737": 1}}
{"unsafe": {
    "100": 4,
    "1533": 1,
    "1531": 1,
    "1286": 1,
    "20657": 1,
    "1539": 1,
    "16966": 1,
    "1526": 1
}}
{"unmatched": {
    "100": 4,
    "16966": 1
}}
{"uncompassionate": {"100": 1}}
{"unthrift": {
    "100": 3,
    "1041": 1,
    "1515": 1
}}
{"upward": {
    "100": 13,
    "1522": 1,
    "1533": 1,
    "1532": 3,
    "23044": 1,
    "1519": 1,
    "16966": 4
}}
{"undervalued": {
    "100": 1,
    "16966": 1,
    "1430": 1,
    "1515": 1
}}
{"undramatic": {"16966": 11}}
{"undergo": {
    "1514": 1,
    "100": 17,
    "1524": 1,
    "1522": 1,
    "23042": 1,
    "23045": 1,
    "1286": 2,
    "43737": 1,
    "20657": 2,
    "1539": 2
}}
{"unformed": {
    "43737": 1,
    "5429": 1
}}
{"upspring": {
    "100": 1,
    "1524": 1
}}
{"urged": {
    "100": 18,
    "1523": 2,
    "47960": 1,
    "27761": 1,
    "1430": 1,
    "1286": 3,
    "27726": 1,
    "20657": 3,
    "5429": 1,
    "16966": 1
}}
{"urges": {
    "43737": 1,
    "100": 1,
    "1532": 1,
    "16966": 3
}}
{"urghe": {"43737": 1}}
{"universel": {"18143": 1}}
{"uersthul": {"43737": 1}}
{"unresting": {"23045": 1}}
{"universal": {
    "16055": 1,
    "47960": 2,
    "1286": 2,
    "27726": 3,
    "20657": 2,
    "100": 13,
    "1513": 1,
    "1523": 1,
    "1522": 1,
    "1533": 1,
    "27761": 1,
    "1539": 1,
    "5429": 2,
    "16966": 8,
    "1515": 1
}}
{"unprizable": {
    "100": 2,
    "1526": 1
}}
{"unlawful": {
    "100": 11,
    "1531": 2,
    "27761": 1,
    "23045": 1,
    "1286": 2,
    "23046": 1,
    "20657": 2,
    "1539": 1,
    "5429": 1
}}
{"unauthorised": {"5429": 1}}
{"untoour": {"100": 1}}
{"undishonoured": {
    "100": 1,
    "23046": 2
}}
{"unsound": {
    "100": 1,
    "1526": 1
}}
{"unnerved": {"27761": 1}}
{"unusual": {
    "16055": 1,
    "47960": 2,
    "23045": 1,
    "1286": 1,
    "43737": 2,
    "27726": 1,
    "20657": 1,
    "100": 6,
    "1533": 1,
    "1532": 1,
    "27761": 1,
    "1430": 1,
    "1508": 1,
    "1539": 1,
    "5429": 1,
    "16966": 22
}}
{"unpeopled": {
    "100": 4,
    "1523": 1,
    "16966": 1
}}
{"undinted": {"100": 1}}
{"unfurnished": {"100": 2}}
{"unconscious": {
    "1286": 2,
    "20657": 2,
    "16966": 22
}}
{"unremitted": {"27761": 1}}
{"unsupported": {"16966": 1}}
{"unthoughton": {
    "1539": 1,
    "100": 1
}}
{"unthoughtof": {"100": 1}}
{"ungotten": {"100": 1}}
{"unagreeable": {"100": 1}}
{"unfailing": {
    "5429": 1,
    "16966": 1
}}
{"unaskd": {"100": 1}}
{"unqualitied": {"100": 1}}
{"unforced": {
    "100": 1,
    "1531": 1
}}
{"urhut": {"43737": 1}}
{"ushering": {"100": 1}}
{"unreversed": {"100": 1}}
{"unsuccessfulness": {"5429": 1}}
{"usually": {
    "16055": 3,
    "100": 2,
    "1533": 1,
    "47960": 3,
    "27761": 2,
    "1430": 1,
    "1286": 1,
    "43737": 24,
    "27726": 3,
    "20657": 1,
    "16966": 15
}}
{"unseht": {"43737": 1}}
{"unseen": {
    "16055": 1,
    "47960": 1,
    "1286": 4,
    "23046": 6,
    "1041": 2,
    "20657": 4,
    "1514": 1,
    "100": 25,
    "1513": 1,
    "1524": 3,
    "23042": 2,
    "27761": 3,
    "1430": 1,
    "1539": 1
}}
{"unpleased": {"100": 1}}
{"unseal": {
    "100": 4,
    "1524": 1,
    "1532": 1,
    "1515": 1
}}
{"unarmd": {"100": 6}}
{"unarms": {"100": 1}}
{"uneasiness": {
    "1286": 1,
    "100": 1,
    "27726": 1,
    "20657": 1,
    "16966": 3
}}
{"unaffected": {"16966": 1}}
{"unlike123": {"16966": 1}}
{"unapprehensive": {"27761": 1}}
{"uncontracted": {"47960": 1}}
{"ueylle": {"43737": 1}}
{"underfngen": {"43737": 1}}
{"unstaunched": {"100": 1}}
{"unhouseld": {"27761": 2}}
{"unbreathd": {
    "1514": 1,
    "100": 1
}}
{"uumixd": {"27761": 1}}
{"understood": {
    "47960": 4,
    "1286": 6,
    "43737": 2,
    "27726": 2,
    "20657": 6,
    "100": 14,
    "1523": 1,
    "1522": 1,
    "1533": 1,
    "27761": 2,
    "1430": 1,
    "1519": 1,
    "5429": 9,
    "16966": 7
}}
{"underwrit": {
    "100": 1,
    "1533": 1
}}
{"unimitable": {"5429": 1}}
{"unsoild": {"23045": 1}}
{"uncorrected": {
    "100": 1,
    "23044": 1
}}
{"uncivil": {
    "1286": 1,
    "100": 8,
    "27726": 1,
    "20657": 1,
    "1526": 4
}}
{"utmost": {
    "23045": 1,
    "1286": 10,
    "43737": 1,
    "23046": 1,
    "1041": 1,
    "20657": 10,
    "100": 20,
    "1522": 1,
    "1531": 2,
    "27761": 2,
    "1430": 1,
    "1519": 1,
    "5429": 3,
    "16966": 1
}}
{"unlucky": {
    "100": 5,
    "1513": 2,
    "1531": 1,
    "47960": 2,
    "1430": 1,
    "1286": 2,
    "27726": 1,
    "20657": 2,
    "5429": 1,
    "16966": 4
}}
{"unwood": {"1041": 1}}
{"unhardened": {"100": 1}}
{"uedde": {"43737": 1}}
{"unseasond": {"100": 2}}
{"uncurbed": {"100": 1}}
{"urine": {
    "23045": 1,
    "100": 3,
    "1533": 1,
    "1515": 1
}}
{"unscanned": {"100": 1}}
{"uncrown": {"100": 2}}
{"unrecalling": {"100": 1}}
{"unbackd": {
    "23042": 1,
    "100": 2
}}
{"undiscoverd": {
    "1539": 1,
    "100": 2,
    "1524": 1
}}
{"undressed": {"100": 1}}
{"unawed": {"16966": 1}}
{"unpeaceable": {"100": 1}}
{"unconsciousness": {"16966": 1}}
{"unacc": {"43737": 2}}
{"unfeed": {
    "1532": 1,
    "100": 1
}}
{"unspeakable": {
    "1286": 1,
    "100": 5,
    "23046": 1,
    "20657": 1,
    "1539": 2
}}
{"unroosted": {
    "1539": 1,
    "100": 1
}}
{"unauspicious": {
    "100": 1,
    "1526": 1
}}
{"unmuzzled": {
    "100": 1,
    "1526": 1
}}
{"unfrequently": {
    "23045": 1,
    "1286": 1,
    "20657": 1,
    "47960": 1,
    "16966": 1
}}
{"uninspired": {"1430": 1}}
{"ungrammatical": {"5429": 1}}
{"unrough": {
    "100": 1,
    "1533": 1
}}
{"unfeelingness": {
    "1286": 1,
    "20657": 1
}}
{"unvulnerable": {"100": 1}}
{"unrivalled": {"100": 1}}
{"untouched": {
    "1286": 1,
    "100": 1,
    "20657": 1,
    "16966": 5
}}
{"uncle": {
    "16055": 1,
    "47960": 8,
    "1286": 15,
    "23046": 1,
    "27726": 2,
    "20657": 15,
    "100": 197,
    "1513": 4,
    "1524": 10,
    "1523": 9,
    "1533": 2,
    "23042": 2,
    "1531": 2,
    "23044": 4,
    "27761": 9,
    "1430": 5,
    "1519": 10,
    "16966": 11,
    "1515": 1,
    "1526": 1
}}
{"unmerited": {"16966": 1}}
{"usances": {
    "100": 1,
    "1515": 1
}}
{"unfinishd": {
    "100": 2,
    "23046": 1
}}
{"unfrequented": {"100": 2}}
{"unseducd": {"100": 1}}
{"understands": {
    "100": 5,
    "27726": 1,
    "47960": 1,
    "16966": 6,
    "1515": 1
}}
{"unrevenged": {"100": 2}}
{"unfamd": {"100": 1}}
{"unbar": {"100": 1}}
{"unsounded": {"100": 3}}
{"unfair": {
    "1286": 1,
    "100": 1,
    "1041": 1,
    "27726": 1,
    "20657": 1
}}
{"unbid": {"100": 1}}
{"unapt": {
    "100": 6,
    "47960": 1,
    "1508": 1
}}
{"unslipping": {"100": 1}}
{"unarm": {"100": 7}}
{"uniformity": {"43737": 1}}
{"unthtigkeit": {"27726": 1}}
{"underwrought": {"100": 1}}
{"unchecked": {
    "27726": 1,
    "100": 2,
    "1515": 1
}}
{"uneae": {"43737": 1}}
{"unenforceability": {
    "16055": 1,
    "23045": 1,
    "1286": 1,
    "43737": 1,
    "23046": 1,
    "1041": 1,
    "27726": 1,
    "20657": 1,
    "1514": 1,
    "1513": 1,
    "1533": 1,
    "1532": 1,
    "23042": 1,
    "1531": 1,
    "1112": 1,
    "23044": 1,
    "1430": 1,
    "27761": 1,
    "1519": 1,
    "1539": 1,
    "1515": 1,
    "18143": 1,
    "47960": 1,
    "2265": 1,
    "2264": 1,
    "100": 1,
    "1524": 1,
    "1523": 1,
    "1522": 1,
    "1508": 1,
    "5429": 1,
    "16966": 1,
    "1526": 1
}}
{"unweore": {"43737": 1}}
{"unoccupied": {"43737": 1}}
{"undue": {
    "16055": 1,
    "16966": 1
}}
{"unbndan": {"43737": 1}}
{"untrussing": {
    "23045": 1,
    "100": 1
}}
{"unwrung": {
    "100": 1,
    "1524": 1,
    "27761": 3
}}
{"undon": {"43737": 1}}
{"undot": {
    "100": 1,
    "1531": 1
}}
{"unobjectionable": {"16966": 1}}
{"unfeignedly": {"100": 4}}
{"unprepard": {
    "100": 1,
    "1533": 1
}}
{"unrelieved": {"16966": 1}}
{"undyr": {"43737": 2}}
{"under": {
    "16055": 15,
    "23045": 20,
    "1286": 66,
    "43737": 25,
    "23046": 8,
    "1041": 12,
    "27726": 20,
    "20657": 67,
    "1514": 8,
    "1513": 12,
    "1533": 13,
    "1532": 15,
    "23042": 15,
    "1531": 7,
    "1112": 6,
    "23044": 15,
    "1430": 27,
    "27761": 15,
    "1519": 18,
    "1539": 10,
    "1515": 13,
    "18143": 7,
    "47960": 30,
    "2265": 6,
    "2264": 6,
    "100": 316,
    "1524": 11,
    "1523": 19,
    "1522": 15,
    "1508": 11,
    "5429": 11,
    "16966": 30,
    "1526": 12
}}
{"unconfirmed": {
    "100": 2,
    "1519": 1
}}
{"undeserving": {"100": 2}}
{"undid": {"100": 2}}
{"undis": {"16966": 1}}
{"unique": {
    "16055": 3,
    "18143": 7,
    "16966": 3
}}
{"unbroke": {"100": 1}}
{"unkingly": {
    "1286": 1,
    "20657": 1
}}
{"untutord": {
    "100": 2,
    "1041": 1
}}
{"unpossible": {"100": 1}}
{"unkinged": {"100": 2}}
{"uncomeliness": {
    "100": 1,
    "23044": 1
}}
{"ungld": {"43737": 1}}
{"unfriendly": {
    "1286": 1,
    "20657": 1,
    "16966": 1
}}
{"unfoldeth": {
    "100": 1,
    "1526": 1
}}
{"underworld": {"100": 1}}
{"undertaking": {
    "23045": 3,
    "1286": 1,
    "100": 5,
    "20657": 1,
    "1539": 1,
    "5429": 2
}}
{"unintended": {
    "1286": 1,
    "20657": 1
}}
{"unripe": {
    "100": 4,
    "1524": 1
}}
{"ungot": {
    "23045": 1,
    "100": 1
}}
{"undraws": {
    "1539": 1,
    "100": 1,
    "47960": 1
}}
{"upmost": {
    "100": 1,
    "1522": 1
}}
{"unresisting": {
    "23045": 1,
    "43737": 1
}}
{"unprovided": {
    "100": 7,
    "1508": 1,
    "1532": 1,
    "27761": 1
}}
{"unfriended": {
    "1532": 1,
    "100": 3,
    "1526": 1
}}
{"unscholarly": {"16966": 1}}
{"underhonest": {"100": 1}}
{"unfix": {
    "1286": 1,
    "100": 3,
    "1533": 2,
    "20657": 1,
    "16966": 1
}}
{"unfit": {
    "100": 10,
    "23042": 1,
    "1531": 1,
    "23045": 1,
    "1286": 1,
    "20657": 1,
    "5429": 1,
    "16966": 1
}}
{"unfed": {
    "1532": 1,
    "100": 1,
    "16966": 1
}}
{"unbegot": {"100": 1}}
{"unaware": {
    "100": 2,
    "16966": 2
}}
{"ungovernd": {
    "1532": 1,
    "100": 1
}}
{"unexciting": {"16966": 1}}
{"unloosed": {"100": 1}}
{"unions": {
    "100": 1,
    "47960": 1,
    "1041": 1
}}
{"unknowable": {"16055": 1}}
{"union": {
    "1514": 1,
    "100": 5,
    "1524": 2,
    "23042": 1,
    "18143": 1,
    "47960": 1,
    "27761": 2,
    "1430": 1,
    "1286": 3,
    "27726": 3,
    "20657": 3,
    "16966": 4
}}
{"unscratchd": {"100": 1}}
{"unite": {
    "43737": 1,
    "100": 6,
    "1524": 1,
    "47960": 1,
    "27761": 1,
    "16966": 3
}}
{"unity": {
    "100": 8,
    "1533": 1,
    "47960": 3,
    "43737": 2,
    "27726": 3,
    "1539": 1,
    "5429": 4,
    "16966": 3
}}
{"utruvio": {
    "100": 1,
    "1513": 1
}}
{"unremovable": {
    "1532": 1,
    "100": 1
}}
{"unremovably": {"100": 1}}
{"unsevered": {"100": 1}}
{"unneighbourly": {"100": 1}}
{"unhallowd": {
    "23045": 1,
    "100": 3,
    "1513": 1,
    "47960": 1,
    "16966": 1
}}
{"unjustified": {"16966": 2}}
{"unmoving": {
    "100": 1,
    "1531": 1
}}
{"unsifted83": {"27761": 1}}
{"unvalud": {
    "100": 1,
    "1524": 1
}}
{"unroot": {"100": 1}}
{"unroll": {"100": 1}}
{"uncheerful": {"100": 1}}
{"unweeded": {
    "1286": 1,
    "100": 1,
    "1524": 1,
    "20657": 1,
    "27761": 1,
    "16966": 1
}}
{"unenlightened": {"5429": 1}}
{"united": {
    "16055": 16,
    "23045": 15,
    "1286": 16,
    "43737": 17,
    "23046": 15,
    "1041": 15,
    "27726": 16,
    "20657": 17,
    "1514": 15,
    "1513": 15,
    "1533": 15,
    "1532": 15,
    "23042": 15,
    "1531": 15,
    "1112": 15,
    "23044": 16,
    "1430": 15,
    "27761": 15,
    "1519": 15,
    "1539": 15,
    "1515": 15,
    "18143": 15,
    "47960": 15,
    "2265": 15,
    "2264": 15,
    "100": 20,
    "1524": 15,
    "1523": 15,
    "1522": 15,
    "1508": 15,
    "5429": 17,
    "16966": 21,
    "1526": 15
}}
{"unites": {
    "27726": 1,
    "16966": 3
}}
{"uncapable": {
    "100": 2,
    "1531": 1,
    "1515": 1
}}
{"unseeming": {"100": 1}}
{"untrodden": {"100": 1}}
{"unkindly": {
    "1514": 1,
    "100": 6,
    "1522": 1,
    "1531": 1,
    "1286": 3,
    "1508": 1,
    "27726": 1,
    "20657": 3
}}
{"unkle": {"5429": 1}}
{"undelivered": {"23046": 1}}
{"untainted": {
    "23045": 1,
    "100": 7,
    "1041": 1,
    "27761": 1
}}
{"unspoken": {
    "100": 1,
    "27761": 1
}}
{"urinals": {
    "100": 1,
    "23044": 3
}}
{"unconstrained": {
    "100": 3,
    "1519": 1
}}
{"uader": {"43737": 1}}
{"ungartered": {
    "100": 2,
    "1523": 1
}}
{"usurped": {
    "1286": 1,
    "100": 8,
    "20657": 1,
    "1531": 1
}}
{"undress": {
    "100": 1,
    "1508": 1
}}
{"usurper": {
    "100": 8,
    "1523": 1,
    "27761": 1,
    "1286": 8,
    "20657": 8,
    "5429": 3,
    "16966": 1
}}
{"unlookedfor": {
    "1286": 3,
    "20657": 3,
    "100": 3
}}
{"unproperly": {"100": 1}}
{"usendfld": {"43737": 1}}
{"untangling": {"47960": 1}}
{"unhonest": {"47960": 2}}
{"usurpst": {
    "100": 3,
    "1524": 1,
    "27761": 2
}}
{"unselfishness": {"16966": 1}}
{"unlikeness": {"16966": 1}}
{"undistinguishable": {
    "1514": 2,
    "100": 2
}}
{"unwary": {"16966": 1}}
{"unbefitting": {"100": 1}}
{"unwishd": {
    "1514": 1,
    "100": 2
}}
{"unmannerd": {
    "100": 1,
    "1508": 1
}}
{"usurpingly": {"100": 1}}
{"unstaind": {
    "100": 1,
    "23046": 1,
    "1513": 1,
    "47960": 1
}}
{"unbinds": {"100": 1}}
{"unable": {
    "100": 6,
    "1532": 1,
    "47960": 1,
    "1430": 4,
    "23045": 1,
    "1286": 13,
    "1508": 1,
    "27726": 3,
    "20657": 13,
    "5429": 1,
    "16966": 13
}}
{"unbidden": {"100": 1}}
{"unrestrained": {"100": 1}}
{"uncharitable": {"27726": 1}}
{"unpossessing": {
    "1532": 1,
    "100": 1
}}
{"uncharitably": {"100": 1}}
{"upwards": {
    "100": 1,
    "1519": 1,
    "27761": 1,
    "16966": 1
}}
{"untalkd": {
    "100": 1,
    "1513": 1,
    "47960": 2
}}
{"unquenchable": {"5429": 1}}
{"unvarnished": {"27726": 1}}
{"ungrateful": {
    "1286": 8,
    "1514": 1,
    "100": 7,
    "27726": 1,
    "20657": 10,
    "16966": 1
}}
{"unlessoned": {
    "1286": 1,
    "20657": 1
}}
{"unprotected": {
    "16055": 1,
    "23045": 1,
    "1286": 2,
    "43737": 1,
    "23046": 1,
    "1041": 1,
    "27726": 1,
    "20657": 2,
    "1514": 1,
    "1513": 1,
    "1533": 1,
    "1532": 1,
    "23042": 1,
    "1531": 1,
    "1112": 1,
    "23044": 1,
    "1430": 1,
    "27761": 1,
    "1519": 1,
    "1539": 1,
    "1515": 1,
    "18143": 1,
    "47960": 1,
    "2265": 1,
    "2264": 1,
    "100": 1,
    "1524": 1,
    "1523": 1,
    "1522": 1,
    "1508": 1,
    "5429": 1,
    "16966": 1,
    "1526": 1
}}
{"unresolved": {"100": 1}}
{"uerst": {"43737": 2}}
{"unarmed": {"100": 3}}
{"underborne": {
    "100": 1,
    "1519": 1
}}
{"usurp90": {"27761": 1}}
{"undisposed": {"23046": 1}}
{"unowd": {"100": 1}}
{"uprightly": {"23045": 1}}
{"ungenerous": {
    "1286": 1,
    "20657": 1
}}
{"unimitated": {"5429": 1}}
{"unpeg": {
    "100": 1,
    "1524": 1
}}
{"unfashionable": {"100": 1}}
{"unpay": {"100": 1}}
{"unpleasantst": {
    "100": 1,
    "47960": 1,
    "1515": 1
}}
{"uninflected": {"43737": 1}}
{"unsophisticated": {"16966": 1}}
{"uaile": {"43737": 1}}
{"unhopefullest": {
    "100": 1,
    "1519": 1
}}
{"unlooked": {"100": 5}}
{"upstart": {"100": 2}}
{"uprear": {
    "100": 1,
    "1041": 1
}}
{"urchinsnouted": {"100": 1}}
{"unwiped": {"16966": 1}}
{"unwashed": {
    "27726": 1,
    "100": 1,
    "47960": 1
}}
{"unlicked": {
    "100": 1,
    "47960": 1
}}
{"unravel": {"27761": 1}}
{"ungraciously": {
    "1286": 1,
    "20657": 1
}}
{"unconstant": {
    "1532": 1,
    "100": 4,
    "1508": 1
}}
{"unreverent": {
    "100": 3,
    "1508": 1
}}
{"unreverend": {
    "23045": 1,
    "100": 3
}}
{"usuries": {
    "23045": 2,
    "1286": 2,
    "100": 2,
    "20657": 2
}}
{"unbegotten": {"100": 1}}
{"unmeriting": {"100": 1}}
{"undergetan": {"43737": 1}}
{"unaneld": {
    "100": 1,
    "1524": 1,
    "27761": 2
}}
{"usuring": {"100": 2}}
{"underwent": {
    "27726": 1,
    "100": 1,
    "47960": 1
}}
{"unwatched": {
    "1286": 1,
    "20657": 1
}}
{"unfledgd": {
    "100": 3,
    "1524": 1,
    "1539": 1,
    "27761": 1
}}
{"unambitious": {"16966": 1}}
{"unwept": {"100": 2}}
{"unpin": {
    "100": 2,
    "1531": 2
}}
{"unwell": {
    "1286": 1,
    "20657": 1,
    "1430": 1
}}
{"uncertainly": {
    "100": 1,
    "23046": 1
}}
{"undonefly": {
    "100": 1,
    "23044": 1
}}
{"undeservers": {
    "100": 1,
    "1522": 1
}}
{"uninspected": {"16055": 1}}
{"usant": {"18143": 1}}
{"uncertainty": {
    "1286": 1,
    "100": 3,
    "23046": 2,
    "20657": 1,
    "27761": 1,
    "16966": 2
}}
{"unsheathed": {
    "1286": 1,
    "20657": 1,
    "100": 2
}}
{"unkindness": {
    "23045": 3,
    "1286": 9,
    "23046": 1,
    "1041": 2,
    "20657": 9,
    "100": 24,
    "1522": 1,
    "1533": 1,
    "1532": 4,
    "1531": 3,
    "23044": 1,
    "1430": 3,
    "1508": 1,
    "1539": 1,
    "16966": 8
}}
{"unbeautiful": {"1430": 1}}
{"unscrupulousness": {"47960": 1}}
{"unreprievable": {"100": 1}}
{"usato": {"18143": 1}}
{"untie": {
    "100": 6,
    "1508": 1,
    "1533": 1,
    "23042": 1
}}
{"until": {
    "16055": 4,
    "47960": 9,
    "23045": 2,
    "1286": 5,
    "43737": 19,
    "23046": 4,
    "1041": 1,
    "27726": 3,
    "20657": 5,
    "1514": 2,
    "100": 80,
    "1524": 1,
    "1522": 1,
    "1533": 1,
    "1532": 3,
    "27761": 1,
    "1430": 7,
    "1508": 2,
    "1519": 3,
    "1539": 3,
    "16966": 18,
    "1515": 7
}}
{"usage": {
    "16055": 1,
    "18143": 7,
    "23045": 1,
    "1286": 2,
    "43737": 4,
    "20657": 4,
    "100": 13,
    "1532": 1,
    "1531": 1,
    "27761": 1,
    "1430": 1,
    "1539": 2,
    "1526": 1
}}
{"unbashful": {
    "100": 1,
    "1523": 1,
    "1430": 1
}}
{"usait": {"18143": 1}}
{"unstrung": {"27761": 1}}
{"usurpation": {"100": 3}}
{"unsay": {
    "1514": 1,
    "100": 3
}}
{"unstable": {
    "27726": 1,
    "100": 1,
    "16966": 1
}}
{"unflattering": {"27726": 1}}
{"unruly": {
    "100": 16,
    "1513": 1,
    "1533": 1,
    "1532": 1,
    "18143": 1,
    "47960": 1,
    "23045": 1,
    "1286": 2,
    "43737": 1,
    "23046": 2,
    "20657": 2
}}
{"unhappily": {
    "100": 5,
    "1524": 1,
    "1532": 1,
    "23045": 1,
    "1286": 1,
    "1041": 1,
    "20657": 1,
    "16966": 1
}}
{"unsex": {
    "100": 1,
    "16966": 1,
    "1533": 1
}}
{"unset": {
    "100": 1,
    "1041": 1
}}
{"unhappier": {
    "23046": 1,
    "1430": 1
}}
{"unhappied": {"100": 1}}
{"uprise": {"100": 2}}
{"ungratefulthis": {"1286": 1}}
{"unequal": {
    "100": 5,
    "1524": 1,
    "47960": 1,
    "27761": 1,
    "1286": 1,
    "20657": 1,
    "16966": 1
}}
{"uprousd": {
    "100": 1,
    "1513": 1,
    "47960": 1
}}
{"understndan": {"43737": 1}}
{"unwillingly": {
    "16055": 1,
    "100": 6,
    "1523": 1,
    "23042": 1,
    "47960": 1,
    "1430": 2,
    "1286": 3,
    "20657": 3,
    "1539": 1,
    "16966": 2,
    "1515": 1
}}
{"unnumberd": {
    "100": 1,
    "1522": 1
}}
{"undiminished": {"16966": 2}}
{"unsuited": {"27726": 1}}
{"uprightness": {"100": 1}}
{"upmark": {"100": 1}}
{"unimportant": {
    "16055": 1,
    "43737": 1,
    "47960": 1,
    "16966": 5
}}
{"unsearched": {"100": 1}}
{"uggligr": {"43737": 1}}
{"uttrance": {"100": 1}}
{"unusd": {
    "100": 1,
    "1524": 1
}}
{"ungartred": {
    "100": 1,
    "1524": 1
}}
{"unkindest": {
    "1286": 1,
    "100": 4,
    "1522": 1,
    "20657": 1
}}
{"unheedfully": {"100": 1}}
{"unkennel": {
    "100": 2,
    "1524": 1,
    "27761": 2,
    "23044": 1,
    "16966": 1
}}
{"unmasking": {
    "100": 3,
    "1519": 2
}}
{"unfathered": {"100": 2}}
{"underrated": {"16966": 1}}
{"untrusse": {"43737": 1}}
{"usbut": {"20657": 1}}
{"unloosing": {
    "1286": 1,
    "20657": 1
}}
{"usurers": {
    "100": 8,
    "1532": 1,
    "47960": 1,
    "1286": 2,
    "1519": 1,
    "20657": 2,
    "1539": 1
}}
{"untruths": {
    "100": 3,
    "1519": 1
}}
{"unbated43": {"27761": 1}}
{"untot": {"100": 1}}
{"uniformly": {
    "47960": 1,
    "16966": 1
}}
{"uncaught": {
    "1532": 1,
    "100": 2
}}
{"ungainly": {"43737": 1}}
{"uorzede": {"43737": 1}}
{"unseparable": {"100": 1}}
{"usest": {
    "100": 5,
    "1513": 1,
    "1041": 1,
    "47960": 1,
    "1526": 1
}}
{"unmoved": {
    "100": 1,
    "1430": 1,
    "1286": 1,
    "23046": 1,
    "1041": 1,
    "27726": 1,
    "20657": 1,
    "16966": 4
}}
{"useth": {
    "100": 4,
    "1522": 1,
    "1531": 1,
    "1430": 1
}}
{"untruth": {
    "1286": 3,
    "100": 1,
    "27726": 2,
    "20657": 3,
    "23042": 2,
    "16966": 1
}}
{"untruly": {"16966": 1}}
{"unexecuted": {"100": 1}}
{"unqueened": {"100": 1}}
{"unvexd": {"100": 1}}
{"usein": {"47960": 1}}
{"underwrite": {"100": 1}}
{"unthrifts": {
    "100": 2,
    "1041": 1
}}
{"unthrifty": {
    "100": 4,
    "1041": 1,
    "1539": 1,
    "1515": 1
}}
{"unmerciful": {
    "1532": 1,
    "100": 1
}}
{"unveil": {
    "27726": 1,
    "100": 1
}}
{"usend": {"43737": 1}}
{"unbounded": {
    "100": 2,
    "16966": 1
}}
{"uncropped": {"100": 1}}
{"unwed": {
    "100": 2,
    "23046": 1
}}
{"unbroken": {
    "100": 1,
    "5429": 2,
    "16966": 4
}}
{"unregistered": {"100": 1}}
{"unwar": {"16966": 1}}
{"unhapply": {"100": 1}}
{"untwind": {"100": 1}}
{"untwine": {"100": 1}}
{"unveils": {
    "27726": 1,
    "47960": 1
}}
{"unsworn": {
    "23045": 1,
    "100": 1
}}
{"unhappie": {"23046": 1}}
{"usher": {"100": 8}}
{"unquietness": {
    "100": 2,
    "1531": 1,
    "1519": 1
}}
{"ushers": {
    "100": 2,
    "1041": 1
}}
{"unicorn": {"100": 2}}
{"unappeased": {"100": 1}}
{"unicode": {"23042": 1}}
{"unhacked": {"100": 1}}
{"unexamined": {
    "100": 1,
    "5429": 1
}}
{"unaccomplished": {"16966": 1}}
{"unactive": {"100": 1}}
{"unscissored": {"100": 1}}
{"unvalued": {
    "16055": 1,
    "100": 1,
    "27761": 1
}}
{"unlessond": {
    "100": 1,
    "1515": 1
}}
{"unmovd": {"100": 1}}
{"unsatisfactory": {"16966": 1}}
{"unplagued": {
    "1286": 1,
    "20657": 1
}}
{"unnoted": {"100": 3}}
{"unperceived": {
    "1286": 1,
    "100": 1,
    "20657": 1,
    "27761": 1
}}
{"unsympathetically": {"16966": 1}}
{"using": {
    "16055": 6,
    "23045": 7,
    "1286": 7,
    "43737": 6,
    "23046": 6,
    "1041": 6,
    "27726": 6,
    "20657": 7,
    "1514": 6,
    "1513": 6,
    "1533": 7,
    "1532": 6,
    "23042": 6,
    "1531": 6,
    "1112": 6,
    "23044": 7,
    "1430": 8,
    "27761": 7,
    "1519": 6,
    "1539": 6,
    "1515": 6,
    "18143": 6,
    "47960": 8,
    "2265": 6,
    "2264": 6,
    "100": 14,
    "1524": 6,
    "1523": 6,
    "1522": 6,
    "1508": 6,
    "5429": 7,
    "16966": 14,
    "1526": 6
}}
{"uncurbable": {"100": 1}}
{"unpromising": {"16966": 1}}
{"untutored": {
    "1286": 2,
    "20657": 2,
    "100": 4
}}
{"upreared": {"100": 2}}
{"unbracd": {
    "100": 1,
    "1524": 1,
    "27761": 1
}}
{"ungenerative": {
    "23045": 2,
    "100": 1
}}
{"ulrici": {
    "47960": 7,
    "16966": 1
}}
{"unclaspd": {
    "1539": 1,
    "100": 2,
    "1526": 1
}}
{"unloading": {"100": 1}}
{"unpaidfor": {"100": 1}}
{"uncandied": {"100": 1}}
{"unparalleled": {
    "27726": 1,
    "100": 2,
    "47960": 1
}}
{"unconnected": {"43737": 1}}
{"unproper": {
    "100": 1,
    "1531": 1
}}
{"underrate": {"16966": 1}}
{"unaided": {"16966": 2}}
{"unthankfulness": {
    "100": 4,
    "1513": 1,
    "47960": 1
}}
{"unwholesome": {
    "100": 10,
    "1524": 1,
    "27726": 1,
    "23042": 1,
    "1531": 1,
    "23044": 1
}}
{"unlawfully": {
    "23045": 1,
    "100": 3,
    "1531": 1
}}
{"unbecoming": {
    "100": 1,
    "1533": 1
}}
{"undercrest": {"100": 1}}
{"unmaking": {"16966": 1}}
{"unmatchd": {
    "100": 1,
    "1524": 1
}}
{"unrolled": {
    "1539": 1,
    "100": 1
}}
{"unharness": {"27761": 1}}
{"unswayd": {"1041": 1}}
{"unmanlyyet": {"100": 1}}
{"unanimated": {"5429": 1}}
{"universe": {
    "100": 2,
    "1041": 1,
    "27726": 1,
    "16966": 3
}}
{"ungovernable": {
    "1286": 2,
    "20657": 2
}}
{"unwhippd": {
    "1532": 1,
    "100": 1
}}
{"unpathd": {
    "1539": 1,
    "100": 1
}}
{"unctuous": {"100": 1}}
{"ungentleness": {
    "100": 1,
    "1523": 1
}}
{"unurged": {"23046": 2}}
{"unconquerd": {"100": 1}}
{"unminded": {"100": 1}}
{"urgently": {"23042": 1}}
{"unexplained": {"16966": 3}}
{"undrownd": {
    "23042": 2,
    "100": 2
}}
{"unreasoned": {"100": 1}}
{"unloadeth": {"23045": 1}}
{"undeeded": {
    "100": 1,
    "1533": 1
}}
{"untired": {
    "100": 2,
    "1522": 1
}}
{"uayre": {"43737": 1}}
{"uneard": {"1041": 1}}
{"unenclosed": {"43737": 1}}
{"unbanded": {
    "100": 1,
    "1523": 1
}}
{"unmusical": {"100": 1}}
{"uproars": {"100": 1}}
{"udge": {
    "100": 1,
    "23044": 1
}}
{"uneath": {"100": 1}}
{"uneasy": {
    "100": 4,
    "23042": 1,
    "1430": 1,
    "1286": 3,
    "20657": 3,
    "1539": 1,
    "16966": 3
}}
{"unlearned": {
    "1286": 1,
    "100": 4,
    "1041": 1,
    "20657": 1,
    "47960": 1,
    "27761": 1
}}
{"unfeared": {"100": 1}}
{"underground": {"100": 2}}
{"understandst": {"100": 1}}
{"undertakes": {
    "100": 4,
    "1519": 1
}}
{"undertaket": {"100": 1}}
{"undertaker": {
    "100": 3,
    "1531": 1,
    "1526": 1
}}
{"undertaken": {
    "1286": 6,
    "20657": 6,
    "5429": 2,
    "16966": 1,
    "1430": 1
}}
{"unswept": {
    "100": 3,
    "1041": 1,
    "23044": 2
}}
{"unduteous": {
    "100": 1,
    "23044": 1
}}
{"usurps": {
    "1532": 1,
    "100": 5
}}
{"usurpd": {
    "1532": 1,
    "100": 6,
    "1526": 1
}}
{"uncoined": {"100": 1}}
{"unbarred": {"43737": 1}}
{"unmoral": {"27726": 1}}
{"unvisited": {"100": 1}}
{"unswear": {
    "100": 2,
    "1531": 1
}}
{"unrest": {
    "100": 8,
    "1513": 1,
    "1041": 1,
    "47960": 1
}}
{"uelh": {"27761": 1}}
{"uele": {"43737": 1}}
{"unsecret": {"100": 1}}
{"utensil": {
    "100": 1,
    "1526": 1
}}
{"usurer": {
    "100": 9,
    "1513": 1,
    "1532": 1,
    "47960": 1,
    "1286": 1,
    "1041": 2,
    "20657": 1,
    "1539": 1,
    "16966": 1,
    "1515": 1
}}
{"unraked": {
    "100": 1,
    "23044": 1
}}
{"ufan": {"43737": 1}}
{"uncalled": {"27726": 1}}
{"useless": {
    "100": 2,
    "23042": 1,
    "47960": 1,
    "1286": 3,
    "20657": 3,
    "5429": 2,
    "16966": 4
}}
{"undernid": {"43737": 1}}
{"unmasterd": {
    "100": 1,
    "1524": 1
}}
{"usque": {
    "100": 1,
    "5429": 1
}}
{"unread": {"100": 1}}
{"unusually": {
    "1286": 3,
    "27726": 1,
    "20657": 3,
    "16966": 3
}}
{"unpaved": {"100": 1}}
{"unreal": {
    "100": 2,
    "1533": 1,
    "1539": 1,
    "16966": 5
}}
{"unfolding": {
    "23045": 1,
    "100": 3,
    "1041": 1,
    "1531": 1
}}
{"unloved": {"100": 1}}
{"unchecked243": {"16966": 1}}
{"ugly": {
    "16055": 1,
    "47960": 4,
    "1286": 2,
    "1041": 1,
    "27726": 1,
    "20657": 2,
    "1514": 1,
    "100": 30,
    "1524": 1,
    "1523": 1,
    "1532": 1,
    "1531": 1,
    "1430": 3,
    "16966": 4,
    "1515": 1
}}
{"unsisting": {
    "23045": 2,
    "100": 1
}}
{"unwitnessed": {"100": 1}}
{"unhinged": {
    "1286": 1,
    "20657": 1
}}
{"universala": {"16966": 1}}
{"unimproved": {
    "100": 1,
    "1524": 1
}}
{"unsteadfast": {"100": 1}}
{"unholy": {
    "100": 4,
    "1524": 1
}}
{"undervalud": {
    "100": 1,
    "1515": 1
}}
{"underhangman": {"100": 1}}
{"uhte": {"43737": 1}}
{"unurgdst": {"23046": 1}}
{"untreow": {"43737": 1}}
{"unsettledfairest": {"100": 1}}
{"uncommon": {
    "1286": 1,
    "27726": 1,
    "20657": 1,
    "5429": 1,
    "47960": 3,
    "16966": 2
}}
{"unintelligent": {
    "1539": 1,
    "100": 1
}}
{"undutiful": {
    "1286": 1,
    "100": 1,
    "20657": 1,
    "1430": 2
}}
{"uncurls": {"100": 1}}
{"untread": {
    "100": 2,
    "1515": 1
}}
{"untaught": {
    "23045": 1,
    "1286": 1,
    "100": 5,
    "1513": 1,
    "20657": 1,
    "47960": 1
}}
{"uncurse": {"100": 1}}
{"unaccented": {
    "43737": 6,
    "47960": 6
}}
{"unused": {
    "100": 5,
    "1041": 4,
    "1531": 1,
    "16966": 2
}}
{"unwatchd": {
    "100": 1,
    "1524": 1,
    "27761": 1
}}
{"unknightly": {"43737": 1}}
{"unreservedly": {"16966": 1}}
{"unweaves": {"100": 1}}
{"undiscussed": {"16966": 1}}
{"unbonneted": {
    "100": 2,
    "1532": 1,
    "1531": 1,
    "16966": 1
}}
{"unsullied": {"100": 1}}
{"unsatisfied": {
    "100": 6,
    "1524": 1,
    "1513": 1,
    "47960": 2,
    "27761": 1,
    "43737": 1,
    "16966": 1
}}
{"usurp": {
    "100": 21,
    "1524": 1,
    "1523": 1,
    "23042": 1,
    "47960": 1,
    "27761": 1,
    "23045": 1,
    "1508": 1,
    "27726": 1,
    "1526": 2
}}
{"usury": {
    "100": 4,
    "1041": 1
}}
{"unpanged": {"100": 1}}
{"unlisting": {"23045": 1}}
{"upbraids": {
    "100": 4,
    "1532": 1,
    "1531": 1,
    "1526": 1
}}
{"unceasingly": {"43737": 1}}
{"unearthed": {"100": 1}}
{"unearthly": {
    "1539": 1,
    "100": 1,
    "16966": 1
}}
{"usual": {
    "16055": 1,
    "47960": 3,
    "23045": 1,
    "1286": 9,
    "43737": 10,
    "27726": 2,
    "20657": 9,
    "1514": 1,
    "100": 6,
    "1524": 1,
    "23042": 1,
    "27761": 1,
    "1508": 1,
    "16966": 28,
    "1515": 1
}}
{"unschoold": {
    "100": 2,
    "1524": 1,
    "1515": 1
}}
{"unpurposed": {"100": 1}}
{"unelected": {"100": 1}}
{"uplifted": {
    "43737": 2,
    "100": 4,
    "1533": 1,
    "23042": 1,
    "16966": 1
}}
{"unurgd": {"100": 2}}
{"unspeaking": {"100": 1}}
{"unnaturally": {"100": 1}}
{"underlying": {"16966": 4}}
{"ulke": {"43737": 2}}
{"undetermined": {"16966": 1}}
{"uninjured": {"5429": 1}}
{"unmade": {
    "100": 1,
    "1513": 1,
    "47960": 1
}}
{"unraveling": {"1286": 1}}
{"unloaded": {
    "43737": 1,
    "100": 1
}}
{"upbraid": {
    "43737": 1,
    "1514": 1,
    "100": 8,
    "1533": 1,
    "23042": 1,
    "1526": 1
}}
{"umbe": {"43737": 1}}
{"undern": {"43737": 1}}
{"undert": {
    "100": 2,
    "1533": 1
}}
{"unprevailing": {
    "100": 1,
    "1524": 1,
    "47960": 1,
    "27761": 1
}}
{"unelated": {"16966": 1}}
{"uswhy": {"100": 1}}
{"untried": {
    "1539": 1,
    "100": 1
}}
{"unstringed": {"100": 1}}
{"upweard": {"43737": 1}}
{"unlikely": {
    "16055": 2,
    "100": 4,
    "27761": 1,
    "1286": 2,
    "20657": 2,
    "5429": 2,
    "16966": 11
}}
{"unspaced": {"23042": 1}}
{"unloose": {
    "23045": 1,
    "100": 5
}}
{"undo": {
    "43737": 2,
    "27726": 2,
    "1514": 1,
    "100": 32,
    "1524": 1,
    "1532": 2,
    "23042": 1,
    "1531": 1,
    "27761": 1,
    "1519": 2,
    "1539": 1,
    "16966": 4,
    "1526": 2
}}
{"unsuspicious": {
    "27761": 1,
    "16966": 3
}}
{"unda": {"16966": 1}}
{"uncu": {"43737": 1}}
{"uphear": {"100": 1}}
{"unit": {
    "43737": 1,
    "18143": 1,
    "16966": 1
}}
{"unlookd": {"1041": 2}}
{"unor": {"43737": 1}}
{"unnoble": {"100": 1}}
{"unravelled": {"5429": 1}}
{"up63": {"27761": 1}}
{"unavailing": {"16966": 1}}
{"unum": {"100": 1}}
{"unto": {
    "16055": 1,
    "23045": 3,
    "1286": 1,
    "43737": 4,
    "23046": 11,
    "1041": 1,
    "20657": 1,
    "1514": 8,
    "1513": 9,
    "1533": 3,
    "1532": 3,
    "23042": 4,
    "1531": 1,
    "23044": 3,
    "1430": 1,
    "27761": 1,
    "1519": 6,
    "1539": 3,
    "1515": 14,
    "47960": 16,
    "100": 472,
    "1524": 8,
    "1523": 9,
    "1522": 14,
    "1508": 23,
    "5429": 1,
    "16966": 3,
    "1526": 3
}}
{"unte": {"43737": 1}}
{"unwr": {"43737": 1}}
{"undeck": {"100": 1}}
{"undeaf": {"100": 1}}
{"undetermind": {"100": 1}}
{"unserviceable": {"100": 1}}
{"unassailed": {"100": 1}}
{"unwieldy": {
    "100": 3,
    "1513": 1,
    "5429": 1,
    "47960": 1
}}
{"unfasten": {"100": 1}}
{"unpregnant": {
    "23045": 1,
    "100": 2,
    "1524": 1,
    "27761": 2,
    "16966": 2
}}
{"unfought": {"100": 1}}
{"uoul": {"43737": 1}}
{"undeterred": {"43737": 1}}
{"undivided": {
    "100": 1,
    "1041": 1,
    "16966": 3
}}
{"underfon": {"43737": 1}}
{"uneducated": {
    "43737": 1,
    "100": 1
}}
{"undoubtedly": {
    "16055": 4,
    "100": 1,
    "5429": 4,
    "47960": 2,
    "16966": 9
}}
{"upon": {
    "16055": 24,
    "23045": 65,
    "1286": 292,
    "43737": 25,
    "23046": 34,
    "1041": 31,
    "27726": 34,
    "20657": 293,
    "1514": 31,
    "1513": 44,
    "1533": 61,
    "1532": 50,
    "23042": 49,
    "1531": 55,
    "1112": 2,
    "23044": 34,
    "1430": 40,
    "27761": 59,
    "1519": 39,
    "1539": 60,
    "1515": 52,
    "18143": 4,
    "47960": 114,
    "2265": 2,
    "2264": 2,
    "100": 1866,
    "1524": 57,
    "1523": 47,
    "1522": 49,
    "1508": 27,
    "5429": 47,
    "16966": 112,
    "1526": 36
}}
{"unbitted": {
    "100": 1,
    "1531": 1
}}
{"university": {
    "16055": 2,
    "47960": 2,
    "23045": 1,
    "43737": 1,
    "2265": 1,
    "23046": 1,
    "2264": 1,
    "100": 1,
    "23042": 1,
    "23044": 1,
    "27761": 3,
    "1508": 1,
    "16966": 13
}}
{"uppe": {"43737": 1}}
{"untoward": {
    "1286": 3,
    "100": 2,
    "1508": 1,
    "20657": 3
}}
{"upto": {
    "100": 1,
    "16966": 1,
    "1519": 1
}}
{"unpolished": {
    "27726": 1,
    "100": 3
}}
{"unbewildered": {"16966": 1}}
{"unprejudiced": {"47960": 1}}
{"unmeet": {
    "23045": 1,
    "1286": 2,
    "100": 6,
    "1519": 1,
    "20657": 2
}}
{"unadorned": {"16966": 1}}
{"unleavend": {"23045": 1}}
{"unavoidable": {
    "27726": 1,
    "5429": 2
}}
{"unexpressive": {
    "100": 1,
    "1523": 1
}}
{"ungecnde": {"43737": 1}}
{"us94": {"27761": 1}}
{"unplucked": {"100": 1}}
{"unfenced": {"100": 1}}
{"unlockd": {
    "100": 1,
    "1515": 1
}}
{"unlocks": {
    "100": 3,
    "1531": 1,
    "1515": 1
}}
{"unlicensed": {"100": 1}}
{"uram": {"43737": 3}}
{"urch": {"43737": 2}}
{"urgh": {"43737": 4}}
{"urgd": {
    "1514": 1,
    "100": 13,
    "1513": 3,
    "1522": 2,
    "1532": 1,
    "47960": 3
}}
{"urge": {
    "100": 36,
    "1522": 3,
    "1430": 2,
    "1286": 1,
    "1041": 2,
    "20657": 1,
    "1515": 2
}}
{"unaspiring": {
    "1286": 1,
    "20657": 1
}}
{"unsmirched": {
    "100": 1,
    "1524": 1,
    "27761": 3
}}
{"urns": {"100": 2}}
{"unburied": {
    "27726": 1,
    "100": 3
}}
{"ursa": {
    "1532": 1,
    "100": 1
}}
{"uninterrupted": {
    "1286": 1,
    "20657": 1
}}
{"unquestioned": {"100": 1}}
{"unadvisedly": {
    "100": 1,
    "1430": 1
}}
{"used": {
    "16055": 17,
    "23045": 8,
    "1286": 34,
    "43737": 29,
    "23046": 4,
    "1041": 4,
    "27726": 8,
    "20657": 34,
    "1514": 3,
    "1513": 3,
    "1533": 3,
    "1532": 4,
    "23042": 6,
    "1531": 4,
    "1112": 3,
    "23044": 5,
    "1430": 10,
    "27761": 29,
    "1519": 4,
    "1539": 3,
    "1515": 4,
    "18143": 3,
    "47960": 101,
    "2265": 5,
    "2264": 5,
    "100": 59,
    "1524": 4,
    "1523": 3,
    "1522": 3,
    "1508": 3,
    "5429": 8,
    "16966": 62,
    "1526": 4
}}
{"unmeasurable": {
    "100": 2,
    "23044": 1
}}
{"use9": {"16055": 1}}
{"unhurt": {"1430": 1}}
{"uses": {
    "16055": 3,
    "47960": 33,
    "1286": 1,
    "43737": 2,
    "23046": 1,
    "27726": 1,
    "20657": 1,
    "100": 19,
    "1524": 3,
    "1523": 2,
    "1531": 1,
    "27761": 5,
    "1430": 2,
    "5429": 1,
    "16966": 27,
    "1526": 3
}}
{"user": {
    "16055": 3,
    "23045": 3,
    "1286": 3,
    "43737": 4,
    "23046": 3,
    "1041": 4,
    "27726": 3,
    "20657": 3,
    "1514": 3,
    "1513": 3,
    "1533": 3,
    "1532": 3,
    "23042": 3,
    "1531": 3,
    "1112": 3,
    "23044": 3,
    "1430": 3,
    "27761": 3,
    "1519": 3,
    "1539": 3,
    "1515": 3,
    "18143": 5,
    "47960": 3,
    "2265": 3,
    "2264": 3,
    "100": 4,
    "1524": 3,
    "1523": 3,
    "1522": 3,
    "1508": 3,
    "5429": 3,
    "16966": 3,
    "1526": 3
}}
{"useo": {
    "1539": 1,
    "100": 1
}}
{"usof": {"1430": 1}}
{"uphoarded": {
    "100": 1,
    "1524": 1,
    "27761": 2
}}
{"unmask": {
    "23045": 1,
    "100": 4,
    "1524": 1,
    "27761": 1
}}
{"usus": {"43737": 1}}
{"unchallenged": {"16966": 1}}
{"unready": {"100": 3}}
{"uswe": {"23042": 1}}
{"unmake": {
    "100": 2,
    "1533": 1,
    "1531": 1,
    "16966": 1
}}
{"unloads": {
    "23045": 2,
    "100": 1
}}
{"unchary": {
    "100": 1,
    "1526": 1
}}
{"utf8": {"23042": 1}}
{"unhatchd": {
    "100": 1,
    "1531": 1
}}
{"utis": {"100": 1}}
{"unities": {
    "27726": 2,
    "5429": 8
}}
{"undone": {
    "47960": 3,
    "1286": 3,
    "43737": 1,
    "20657": 3,
    "100": 60,
    "1513": 2,
    "1523": 1,
    "1522": 1,
    "1533": 3,
    "1532": 1,
    "1531": 3,
    "23044": 3,
    "1508": 4,
    "1519": 1,
    "1539": 4,
    "16966": 5,
    "1515": 1
}}
{"undistinguishd": {"100": 1}}
{"uniting": {"27726": 1}}
{"unschooled": {
    "1286": 1,
    "20657": 1
}}
{"undoes": {
    "1539": 1,
    "100": 2
}}
{"unskilfulness": {"5429": 3}}
{"unmixd": {
    "100": 1,
    "1524": 1,
    "27761": 2,
    "16966": 1
}}
{"urchinshows": {
    "23042": 1,
    "100": 1
}}
{"unweighing": {
    "23045": 1,
    "100": 1
}}
{"unpossessed": {"100": 1}}
{"unintelligible": {
    "5429": 1,
    "47960": 1,
    "16966": 5
}}
{"unrealities": {"27726": 1}}
{"uphold": {
    "100": 6,
    "1041": 1
}}
{"unmasked": {"1430": 1}}
{"undoubted": {
    "23045": 1,
    "100": 4,
    "5429": 1,
    "16966": 3
}}
{"unploughed": {"43737": 1}}
{"unseamd": {
    "100": 1,
    "16966": 3,
    "1533": 1
}}
{"unseald": {"100": 1}}
{"unrecognized": {"27726": 4}}
{"ulisses": {"16966": 1}}
{"unsorted": {
    "100": 1,
    "5429": 1
}}
{"unsifted": {
    "100": 1,
    "1524": 1,
    "27761": 2
}}
{"unexceptionably": {"5429": 1}}
{"unquietly": {
    "1532": 1,
    "100": 1
}}
{"unfurnish": {
    "1539": 1,
    "100": 1
}}
{"underprizing": {
    "100": 1,
    "1515": 1
}}
{"unguided": {
    "100": 2,
    "1526": 1
}}
{"unsettle": {
    "100": 1,
    "27761": 1,
    "16966": 1
}}
{"uncuckolded": {"100": 1}}
{"untrimmd": {"1041": 1}}
{"unvanquishd": {"100": 1}}
{"untreads": {"100": 1}}
{"universally": {
    "27726": 1,
    "47960": 1,
    "16966": 6
}}
{"unattendedknocking": {
    "100": 1,
    "1533": 1
}}
{"uncharmd": {
    "100": 1,
    "1513": 1
}}
{"uncharge": {
    "100": 1,
    "1524": 1
}}
{"uncommonly": {"16055": 1}}
{"ueberlegenheit": {"27726": 1}}
{"unpicked": {"100": 1}}
{"unhoused": {
    "100": 2,
    "1531": 1
}}
{"unsalted": {"100": 1}}
{"undermine": {"100": 3}}
{"unhallowed": {
    "100": 9,
    "1515": 1
}}
{"unpartial": {"100": 1}}
{"unapproachably": {"16966": 1}}
{"unseconded": {"100": 1}}
{"unparagond": {
    "16055": 2,
    "100": 2
}}
{"unbarbed": {"100": 1}}
{"unshunnable": {
    "100": 1,
    "1531": 1
}}
{"unchaste": {
    "1532": 1,
    "100": 4,
    "23044": 1
}}
{"unhearts": {"100": 1}}
{"unfolded": {
    "1286": 1,
    "100": 4,
    "20657": 1,
    "23044": 2
}}
{"unrewarded": {
    "23042": 1,
    "100": 1
}}
{"unassuaged": {"16966": 1}}
{"unresisted": {"100": 1}}
{"unspotted": {
    "100": 7,
    "27761": 1
}}
{"unfoldthough": {
    "100": 1,
    "1526": 1
}}
{"unburnt": {"100": 1}}
{"uncoverd": {
    "100": 1,
    "1513": 1,
    "47960": 1
}}
{"upholstery": {"16055": 1}}
{"uprising": {"100": 1}}
{"undignified": {"16966": 1}}
{"utgan": {"43737": 1}}
{"unbuild": {"100": 1}}
{"unmanly": {
    "1286": 1,
    "100": 4,
    "1524": 1,
    "20657": 1,
    "27761": 1
}}
{"unmannd": {
    "100": 2,
    "1513": 1,
    "1533": 1,
    "47960": 2
}}
{"utopia": {"27726": 2}}
{"underling": {"43737": 1}}
{"unlike": {
    "100": 17,
    "1531": 1,
    "47960": 2,
    "1430": 1,
    "23045": 1,
    "1286": 2,
    "1508": 1,
    "20657": 2,
    "16966": 21,
    "1515": 2
}}
{"unyoke": {
    "100": 2,
    "1524": 1,
    "27761": 1
}}
{"unyokd": {"100": 1}}
{"unwarrantable": {"47960": 1}}
{"understandings": {
    "100": 1,
    "23044": 1
}}
{"unassailable": {
    "100": 1,
    "1522": 1,
    "16966": 1
}}
{"utterancewhos": {
    "100": 1,
    "1533": 1
}}
{"undaunted": {
    "100": 4,
    "16966": 1,
    "1533": 1
}}
{"unlink": {
    "16055": 1,
    "23045": 1,
    "1286": 1,
    "43737": 1,
    "23046": 1,
    "1041": 1,
    "27726": 1,
    "20657": 1,
    "1514": 1,
    "1513": 1,
    "1533": 1,
    "1532": 1,
    "23042": 1,
    "1531": 1,
    "1112": 1,
    "23044": 1,
    "1430": 1,
    "27761": 1,
    "1519": 1,
    "1539": 1,
    "1515": 1,
    "18143": 1,
    "47960": 1,
    "2265": 1,
    "2264": 1,
    "100": 1,
    "1524": 1,
    "1523": 1,
    "1522": 1,
    "1508": 1,
    "5429": 1,
    "16966": 1,
    "1526": 1
}}
{"understanding": {
    "16055": 1,
    "47960": 2,
    "23045": 1,
    "1286": 4,
    "43737": 3,
    "27726": 9,
    "20657": 4,
    "100": 19,
    "1524": 2,
    "1523": 2,
    "1532": 1,
    "23042": 1,
    "23044": 1,
    "27761": 4,
    "1539": 2,
    "5429": 2,
    "16966": 14
}}
{"upcast": {"100": 1}}
{"undivulged": {
    "1532": 1,
    "100": 1,
    "16966": 2
}}
{"unhorse": {"100": 1}}
{"unfatherd": {
    "100": 1,
    "1041": 2
}}
{"unmistakable": {"16966": 4}}
{"unmistakably": {"16966": 4}}
{"unconquerable": {
    "16966": 2,
    "1430": 1
}}
{"unendurable": {"16966": 1}}
{"uttering": {
    "1514": 1,
    "100": 2,
    "27761": 1,
    "1286": 2,
    "1041": 1,
    "27726": 2,
    "20657": 2,
    "16966": 2
}}
{"undisguised": {"16966": 1}}
{"unshakespearean": {"16966": 2}}
{"undiscovered": {
    "100": 1,
    "27761": 1
}}
{"unhandsome": {
    "100": 4,
    "1523": 1,
    "1519": 1,
    "1531": 1
}}
{"unsavoury": {
    "100": 5,
    "1513": 1,
    "47960": 5
}}
{"usthou": {
    "100": 1,
    "1524": 1
}}
{"unhardend": {
    "1514": 1,
    "100": 1
}}
{"unsaught": {"43737": 1}}
{"unstaining": {"23042": 1}}
{"unchain": {"100": 1}}
{"unpunished": {"16966": 1}}
{"unwappered": {"100": 1}}
{"unoppressed": {"16966": 1}}
{"usgate": {"43737": 3}}
{"uncritical": {"16966": 1}}
{"unlock": {
    "100": 4,
    "1515": 1,
    "1533": 1
}}
{"unload": {
    "43737": 1,
    "100": 2
}}
{"usthey": {"27726": 1}}
{"unhair": {"100": 1}}
{"undeniably": {"43737": 2}}
{"unfinished": {
    "100": 2,
    "5429": 1,
    "16966": 1
}}
{"unannounced": {"16966": 1}}
{"unsightly": {
    "1532": 1,
    "100": 1
}}
{"underhand": {
    "100": 2,
    "1523": 1
}}
{"undeniable": {"16966": 2}}
{"upswarmd": {"100": 1}}
{"unfairness": {"27726": 1}}
{"unregarded": {
    "100": 1,
    "1523": 1,
    "5429": 1
}}
{"unbraced": {
    "100": 2,
    "1522": 2
}}
{"unquestiond": {
    "23045": 1,
    "100": 1
}}
{"unhand": {
    "100": 1,
    "1524": 1,
    "16966": 2
}}
{"unbending": {
    "1286": 1,
    "20657": 1,
    "47960": 1,
    "16966": 1
}}
{"unalterable": {
    "1286": 1,
    "20657": 1
}}
{"underscores": {
    "43737": 1,
    "47960": 1
}}
{"unbelieved": {
    "23045": 1,
    "100": 1
}}
{"unbeliever": {
    "1286": 1,
    "20657": 1,
    "16966": 1
}}
{"unalterably": {"47960": 1}}
{"utterances": {"27726": 2}}
{"upbraiding": {
    "1286": 2,
    "20657": 2
}}
{"uttereth": {
    "100": 1,
    "1508": 1
}}
{"unwisely": {
    "1286": 1,
    "100": 2,
    "20657": 1,
    "16966": 1
}}
{"utterance": {
    "100": 9,
    "1513": 1,
    "1524": 1,
    "1522": 2,
    "47960": 2,
    "27761": 1,
    "1286": 2,
    "43737": 1,
    "27726": 2,
    "1539": 1,
    "20657": 2,
    "16966": 6
}}
{"unfeigned": {
    "100": 3,
    "1508": 1
}}
{"unburden": {
    "100": 1,
    "1515": 1
}}
{"unbuttoning": {
    "27726": 1,
    "100": 1
}}
{"unpleasantest": {
    "1286": 1,
    "20657": 1
}}
{"usorder": {"100": 1}}
{"urgent": {
    "1286": 1,
    "100": 2,
    "20657": 1,
    "1539": 1
}}
{"unhopedfor": {
    "1286": 1,
    "20657": 1
}}
{"urgerm": {"43737": 1}}
{"urgest": {
    "100": 2,
    "1515": 1
}}
{"urgeth": {"100": 2}}
{"unshakespearian": {
    "27726": 1,
    "47960": 1
}}
{"unblown": {"100": 1}}
{"unconfinable": {
    "100": 1,
    "23044": 1
}}
{"unprovoked": {"16966": 1}}
{"unfeeling": {
    "100": 4,
    "23045": 1,
    "1286": 1,
    "43737": 1,
    "23046": 1,
    "20657": 1,
    "16966": 1,
    "1515": 1
}}
{"untitled": {
    "100": 1,
    "1533": 1
}}
{"unseasoned": {
    "1286": 1,
    "100": 1,
    "20657": 1,
    "23044": 1
}}
{"unreasoning": {"27726": 1}}
{"unsheathe": {"100": 3}}
{"unlovable": {"16055": 1}}
{"uncourteous": {
    "100": 1,
    "1526": 1
}}
{"unbraided": {
    "1539": 1,
    "100": 1
}}
{"uninhabited": {
    "43737": 2,
    "23042": 1,
    "16966": 1
}}
{"uncolted": {"100": 1}}
{"unmuffles": {
    "23045": 1,
    "100": 1
}}
{"uncontemned": {"100": 1}}
{"unselfish": {"16966": 3}}
{"unboyteene": {"23044": 1}}
{"unwillingness": {
    "100": 3,
    "16966": 4
}}
{"unshrubbd": {
    "23042": 1,
    "100": 1
}}
{"unbless": {
    "100": 1,
    "1041": 1
}}
{"unproportiond": {
    "100": 1,
    "1524": 1,
    "27761": 2
}}
{"unbewailed": {"100": 1}}
{"upholding": {
    "43737": 1,
    "100": 1
}}
{"unrecorded": {"43737": 1}}
{"unconformably": {"27726": 1}}
{"utters": {
    "100": 7,
    "1513": 1,
    "47960": 5,
    "27726": 1,
    "1539": 1,
    "5429": 1,
    "16966": 6,
    "1526": 1
}}
{"uttere": {"43737": 1}}
{"utterd": {
    "100": 4,
    "1524": 1,
    "1519": 1,
    "1532": 1,
    "1539": 1
}}
{"unpurged": {
    "100": 1,
    "1522": 1
}}
{"unlookdfor": {
    "100": 3,
    "1513": 1,
    "47960": 1
}}
{"ultimately": {
    "43737": 1,
    "16966": 1
}}
{"unlimited": {
    "100": 1,
    "1524": 1,
    "27726": 1,
    "27761": 1,
    "16966": 2
}}
{"unawares": {
    "43737": 1,
    "100": 5,
    "16966": 1
}}
{"usefully": {"16966": 1}}
{"unsoiled": {
    "1286": 1,
    "20657": 1,
    "100": 1
}}
{"uncouple": {
    "1514": 1,
    "100": 3,
    "23044": 1
}}
{"ungalled": {
    "100": 2,
    "1524": 1,
    "23046": 1
}}
{"urging": {
    "100": 10,
    "23046": 8,
    "1513": 1,
    "47960": 1,
    "16966": 2
}}
{"unlovd": {
    "1514": 1,
    "100": 1
}}
{"uoreyzede": {"43737": 1}}
{"unpolicied": {"100": 1}}
{"unhospitable": {
    "100": 1,
    "1526": 1
}}
{"unmuffle": {"47960": 2}}
{"unified": {
    "2265": 1,
    "2264": 1
}}
{"undertakings": {
    "27726": 1,
    "100": 3,
    "1524": 1
}}
{"unprofited": {
    "100": 1,
    "1526": 1
}}
{"unwelcome": {
    "100": 6,
    "1533": 1,
    "47960": 1,
    "1286": 2,
    "20657": 2,
    "5429": 1,
    "16966": 1
}}
{"unraised": {"100": 1}}
{"unbruised": {
    "100": 4,
    "1513": 1,
    "1519": 1,
    "47960": 1
}}
{"untreowe": {"43737": 1}}
{"unmanned": {
    "1286": 1,
    "20657": 1,
    "47960": 2
}}
{"unclean": {
    "100": 5,
    "1513": 1,
    "1523": 1,
    "47960": 1,
    "23044": 1,
    "16966": 1
}}
{"unprizd": {
    "1532": 1,
    "100": 1
}}
{"untraded": {"100": 1}}
{"unscorchd": {
    "100": 1,
    "1522": 1
}}
{"utterswhich": {"47960": 1}}
{"unslepig": {"43737": 1}}
{"unselfishly": {"16966": 1}}
{"upholdeth": {"100": 1}}
{"usgive": {
    "100": 1,
    "1523": 1
}}
{"unloving": {"100": 1}}
{"unhoped": {"100": 1}}
{"uplift": {
    "27726": 1,
    "100": 2
}}
{"usharki": {
    "100": 1,
    "1533": 1
}}
{"uniform": {
    "16055": 1,
    "23045": 1,
    "1286": 1,
    "43737": 1,
    "23046": 1,
    "1041": 1,
    "27726": 1,
    "20657": 1,
    "1514": 1,
    "1513": 1,
    "1533": 1,
    "1532": 1,
    "23042": 1,
    "1531": 1,
    "1112": 1,
    "23044": 1,
    "1430": 2,
    "27761": 1,
    "1519": 1,
    "1539": 1,
    "1515": 1,
    "18143": 1,
    "47960": 1,
    "2265": 1,
    "2264": 1,
    "100": 1,
    "1524": 1,
    "1523": 1,
    "1522": 1,
    "1508": 1,
    "5429": 2,
    "16966": 1,
    "1526": 1
}}
{"understandeth": {"100": 1}}
{"unrelated": {"43737": 2}}
{"unsuspiciousness": {"16966": 1}}
{"unpinkd": {
    "100": 1,
    "47960": 1,
    "1508": 1
}}
{"unblessed": {
    "100": 1,
    "1430": 1
}}
{"uninhabitable": {
    "23042": 1,
    "100": 1
}}
{"unaccustomd": {
    "100": 5,
    "1513": 3,
    "1522": 1,
    "47960": 3
}}
{"uttra": {"43737": 1}}
{"unabated": {"16966": 1}}
{"unreclaimed": {
    "100": 1,
    "1524": 1
}}
{"upbraidings": {
    "1286": 1,
    "100": 3,
    "23046": 1,
    "20657": 1,
    "47960": 1
}}
{"unclasp": {
    "100": 6,
    "1519": 1
}}
{"unconditional": {"27726": 3}}
{"unmannerly102": {"27761": 1}}
{"unissez": {"18143": 1}}
{"unrippedst": {"100": 1}}
{"uncomfortablenesses": {"1430": 1}}
{"undertides": {"43737": 1}}
{"urswick": {"100": 2}}
{"unutterable": {
    "1286": 1,
    "20657": 1
}}
{"utter": {
    "47960": 6,
    "23045": 2,
    "1286": 5,
    "43737": 2,
    "23046": 1,
    "27726": 7,
    "20657": 5,
    "1514": 1,
    "100": 41,
    "1513": 1,
    "1524": 1,
    "1522": 1,
    "23042": 1,
    "1531": 1,
    "27761": 3,
    "1430": 2,
    "1519": 3,
    "1539": 3,
    "5429": 1,
    "16966": 8,
    "1515": 1
}}
{"unacted": {"100": 1}}
{"unheedful": {"100": 2}}
{"unshown": {"100": 1}}
{"unshorn": {"100": 1}}
{"usmatter": {
    "100": 1,
    "1523": 1
}}
{"untrue": {
    "100": 7,
    "1430": 2,
    "1286": 1,
    "43737": 1,
    "1041": 2,
    "20657": 1,
    "16966": 7
}}
{"unfitting": {"16966": 1}}
{"unthink": {"100": 1}}
{"undertone": {"16966": 1}}
{"unshout": {"100": 1}}
{"undertook": {
    "100": 5,
    "1531": 1,
    "1286": 2,
    "27726": 1,
    "20657": 2,
    "5429": 2,
    "1515": 1
}}
{"untrod": {
    "100": 1,
    "1522": 1
}}
{"unknown": {
    "16055": 1,
    "23045": 1,
    "1286": 8,
    "43737": 13,
    "23046": 3,
    "1041": 2,
    "27726": 4,
    "20657": 9,
    "1514": 1,
    "1513": 1,
    "1533": 2,
    "1532": 1,
    "1531": 2,
    "27761": 3,
    "1519": 1,
    "1539": 4,
    "1515": 1,
    "47960": 2,
    "100": 48,
    "1524": 2,
    "1523": 1,
    "1522": 2,
    "1508": 2,
    "16966": 8,
    "1526": 1
}}
{"unattempted": {
    "100": 1,
    "5429": 1
}}
{"unadvised": {
    "1286": 2,
    "20657": 2,
    "100": 5
}}
{"unlaced": {"100": 1}}
{"untraind": {"100": 1}}
{"upreard": {"100": 1}}
{"unityfour": {"16055": 1}}
{"unheeded": {"43737": 1}}
{"untuned": {
    "1286": 1,
    "100": 2,
    "23046": 3,
    "20657": 1
}}
{"usefulness": {"43737": 1}}
{"ungird": {
    "100": 1,
    "1526": 1
}}
{"umpire": {
    "1286": 1,
    "100": 4,
    "20657": 1,
    "47960": 2
}}
{"untroubled": {
    "43737": 1,
    "100": 1,
    "16966": 4
}}
{"unreconciliable": {"100": 1}}
{"unprofitable": {
    "100": 6,
    "1524": 1,
    "27761": 2,
    "23045": 1,
    "1286": 1,
    "27726": 1,
    "20657": 1,
    "16966": 2
}}
{"uggsamligr": {"43737": 1}}
{"undoubtful": {
    "23045": 1,
    "100": 1
}}
{"unpitied": {
    "23045": 1,
    "100": 4
}}
{"underpeep": {
    "100": 1,
    "47960": 1
}}
{"unexpected": {
    "1286": 5,
    "100": 2,
    "20657": 5,
    "5429": 1,
    "47960": 1,
    "16966": 2
}}
{"unpiteous": {
    "1286": 1,
    "20657": 1
}}
{"uncrowning": {
    "1286": 1,
    "20657": 1
}}
{"ursula": {
    "1286": 11,
    "100": 34,
    "1519": 32,
    "20657": 11,
    "1430": 5
}}
{"unskillfully": {"27726": 1}}
{"unfilled": {
    "100": 2,
    "1526": 1
}}
{"unperfectness": {
    "100": 1,
    "1531": 1
}}
{"upremember": {"27761": 1}}
{"untold": {
    "100": 3,
    "1041": 1
}}
{"underbearing": {"100": 1}}
{"unexampled": {
    "43737": 2,
    "5429": 1
}}
{"ulcer": {"100": 1}}
{"uprihte": {"43737": 1}}
{"upons": {
    "100": 8,
    "1522": 1,
    "1533": 2,
    "1532": 1,
    "16966": 1
}}
{"upont": {
    "100": 24,
    "1524": 2,
    "1533": 2,
    "1531": 1,
    "27761": 1,
    "23044": 1,
    "23045": 2,
    "1539": 1,
    "16966": 1,
    "1526": 2
}}
{"uncurable": {"100": 2}}
{"unfavourable": {"16966": 2}}
{"undergoes": {
    "27726": 1,
    "100": 2,
    "1519": 1
}}
{"unrespected": {
    "100": 2,
    "1041": 2
}}
{"uolueld": {"43737": 1}}
{"unaneld112": {"27761": 1}}
{"unworthiness": {
    "1286": 1,
    "100": 5,
    "1041": 1,
    "20657": 1,
    "23042": 1
}}
{"undergone": {
    "100": 1,
    "23042": 1,
    "16966": 1,
    "1430": 1
}}
{"uptill": {"100": 1}}
{"unlesse": {"23044": 1}}
{"unartificial": {"27726": 1}}
{"ungord": {
    "100": 1,
    "1524": 1
}}
{"unstuffd": {
    "100": 1,
    "1513": 1,
    "47960": 2
}}
{"untune": {
    "27726": 1,
    "100": 1,
    "16966": 1
}}
{"untund": {
    "1532": 1,
    "100": 2
}}
{"unrelenting": {"100": 3}}
{"uncase": {
    "100": 1,
    "1508": 1
}}
{"uncape": {
    "100": 1,
    "23044": 2
}}
{"unobtrusive": {"16966": 1}}
{"ungoverned": {"100": 4}}
{"unmixed": {
    "1286": 2,
    "43737": 1,
    "20657": 2,
    "16966": 1
}}
{"unsaluted": {"100": 1}}
{"undividable": {
    "100": 1,
    "23046": 1
}}
{"unsuitable": {
    "1286": 1,
    "100": 2,
    "20657": 1,
    "23044": 1,
    "16966": 1,
    "1526": 1
}}
{"unaptness": {"100": 1}}
{"unsaidthe": {"27726": 1}}
{"unburdens": {"100": 1}}
{"unmellowed": {"100": 1}}
{"unaquainted": {"16966": 1}}
{"unfortified": {
    "100": 1,
    "1524": 1
}}
{"unburdend": {
    "1532": 1,
    "100": 1
}}
{"unrhymed": {"47960": 1}}
{"unforcd": {
    "100": 1,
    "1524": 1,
    "27761": 1
}}
{"unroofed": {
    "27726": 1,
    "100": 1
}}
{"upper": {
    "100": 9,
    "1522": 1,
    "47960": 4,
    "27761": 2,
    "43737": 2,
    "27726": 3,
    "1539": 1,
    "16966": 2
}}
{"untrustworthy": {
    "43737": 1,
    "16966": 1
}}
{"unsuccessful": {
    "1286": 1,
    "27726": 2,
    "20657": 1,
    "5429": 1,
    "16966": 1
}}
{"uppon": {
    "16055": 1,
    "43737": 1
}}
{"unprovokes": {
    "100": 1,
    "1533": 1
}}
{"utemest": {"43737": 1}}
{"unreasonably": {
    "1286": 1,
    "100": 1,
    "20657": 1,
    "16966": 1
}}
{"utensilsfor": {
    "23042": 1,
    "100": 1
}}
{"uncasing": {"100": 1}}
{"undivulgd": {
    "100": 1,
    "1533": 1
}}
{"underplot": {"16966": 1}}
{"unreasonable": {
    "16055": 1,
    "100": 4,
    "1513": 1,
    "47960": 2,
    "23044": 1,
    "1430": 1,
    "1286": 1,
    "43737": 1,
    "27726": 1,
    "20657": 1,
    "16966": 3,
    "1515": 1
}}
{"unconcerned": {"27726": 1}}
{"unpoetic": {"16966": 1}}
{"unshapes": {
    "23045": 1,
    "100": 1
}}
{"unshaped": {
    "100": 1,
    "1524": 1
}}
{"uncontrolled": {
    "1286": 1,
    "100": 3,
    "20657": 1,
    "16966": 1
}}
{"unguarded": {
    "1286": 1,
    "100": 3,
    "1533": 1,
    "20657": 1,
    "27761": 1
}}
{"unsentenced": {"100": 1}}
{"unpacking": {"16966": 1}}
{"upset": {"1430": 1}}
{"ushered": {"100": 2}}
{"unbookish": {
    "100": 1,
    "1531": 1
}}
{"untreowlice": {"43737": 1}}
{"unscourd": {"23045": 1}}
{"unlaid": {"100": 2}}
{"unravelling": {"20657": 1}}
{"unlace": {
    "100": 1,
    "1531": 1
}}
{"unveiling": {
    "23045": 1,
    "100": 2,
    "1526": 1
}}
{"unhurtful": {
    "23045": 1,
    "100": 1
}}
{"unjustifiable": {"16966": 1}}
{"unharmd": {"47960": 1}}
{"utility": {
    "27726": 1,
    "100": 1
}}
{"unprevailing42": {"27761": 1}}
{"uncurrent": {
    "100": 3,
    "1524": 1,
    "1539": 1,
    "1526": 1
}}
{"unpopularity": {"16966": 1}}
{"unworthy": {
    "47960": 3,
    "1286": 11,
    "43737": 1,
    "20657": 11,
    "1514": 1,
    "100": 40,
    "1513": 2,
    "1524": 2,
    "1523": 3,
    "1531": 1,
    "27761": 2,
    "1430": 1,
    "1508": 1,
    "1519": 1,
    "1539": 2,
    "5429": 2,
    "16966": 4
}}
{"undisclosed": {"16966": 1}}
{"unapproved": {"100": 1}}
{"unexperienced": {
    "100": 1,
    "1508": 1
}}
{"upton": {
    "23045": 3,
    "23042": 2,
    "5429": 1,
    "47960": 1
}}
{"upright": {
    "100": 23,
    "1532": 1,
    "23042": 1,
    "47960": 1,
    "1286": 2,
    "27726": 1,
    "20657": 2,
    "16966": 1,
    "1515": 4
}}
{"unfellowed": {
    "100": 1,
    "1524": 1
}}
{"unlinked": {
    "100": 1,
    "1523": 1
}}
{"uninvited": {
    "47960": 1,
    "1430": 1
}}
{"unsuiting": {
    "100": 1,
    "1531": 1
}}
{"unskilled": {"16966": 1}}
{"unclne": {"43737": 1}}
{"unpolishd": {
    "100": 1,
    "47960": 1,
    "1508": 1
}}
{"uncles": {
    "100": 19,
    "1524": 1,
    "1523": 1,
    "27761": 2,
    "1519": 2,
    "27726": 1,
    "16966": 4
}}
{"unclew": {"100": 1}}
{"unfilial": {
    "1286": 1,
    "100": 1,
    "20657": 1,
    "1539": 1
}}
{"untowardly": {
    "100": 1,
    "1519": 1
}}
{"unlifelike": {"27726": 1}}
{"unsuitableness": {
    "1286": 1,
    "20657": 1,
    "16966": 1
}}
{"unplausive": {"100": 1}}
{"unfolds": {
    "1514": 1,
    "100": 3,
    "1539": 1,
    "1531": 1,
    "47960": 1,
    "16966": 1
}}
{"unimpressive": {"16966": 1}}
{"unfold2": {"27761": 1}}
{"unclog": {"100": 1}}
{"untangled": {
    "100": 1,
    "1513": 1,
    "47960": 2
}}
{"unnoticedseems": {"23046": 1}}
{"unshaken": {
    "100": 2,
    "1524": 1,
    "16966": 1
}}
{"urchins": {
    "23042": 1,
    "100": 3,
    "23044": 1
}}
{"unnumbered": {"16055": 3}}
{"unlineal": {
    "100": 1,
    "16966": 1,
    "1533": 1
}}
{"unless": {
    "16055": 3,
    "23045": 5,
    "1286": 7,
    "43737": 8,
    "23046": 8,
    "1041": 9,
    "27726": 5,
    "20657": 7,
    "1514": 4,
    "1513": 9,
    "1533": 4,
    "1532": 4,
    "23042": 6,
    "1531": 7,
    "1112": 3,
    "23044": 6,
    "1430": 13,
    "27761": 5,
    "1519": 8,
    "1539": 5,
    "1515": 12,
    "18143": 3,
    "47960": 11,
    "2265": 3,
    "2264": 3,
    "100": 168,
    "1524": 6,
    "1523": 7,
    "1522": 4,
    "1508": 6,
    "5429": 5,
    "16966": 26,
    "1526": 10
}}
{"unequaled": {"27726": 1}}
{"ungodly": {"100": 1}}
{"umbrage": {
    "100": 1,
    "1524": 1
}}
{"ulcerous": {
    "100": 3,
    "1524": 1,
    "1533": 1,
    "27761": 1,
    "1430": 1
}}
{"unrihtwislice": {"43737": 1}}
{"underprop": {"100": 3}}
{"unchastity": {
    "43737": 1,
    "47960": 1
}}
{"unhidden": {"100": 1}}
{"unmatchable": {
    "100": 4,
    "1526": 1
}}
{"ulysses": {
    "27726": 3,
    "100": 116,
    "16966": 1
}}
{"understnding": {"43737": 1}}
{"unlived": {"100": 1}}
{"unsanctified": {
    "100": 3,
    "1524": 1,
    "1533": 1,
    "1532": 1,
    "27761": 1,
    "16966": 1
}}
{"unfledged": {"1430": 1}}
{"untenderd": {"100": 1}}
{"unhelpful": {"100": 1}}
{"unction": {
    "100": 2,
    "1524": 2,
    "27761": 3,
    "1430": 1
}}
{"unbuckles": {"100": 1}}
{"uttered": {
    "100": 12,
    "1513": 1,
    "1522": 1,
    "47960": 3,
    "27761": 1,
    "1430": 1,
    "1286": 7,
    "43737": 1,
    "1519": 2,
    "27726": 2,
    "20657": 7,
    "16966": 6
}}
{"unsunnd": {"100": 1}}
{"unguem": {"100": 1}}
{"upstairs": {"100": 1}}
{"ungenerously": {
    "1286": 1,
    "20657": 1
}}
{"unamusing": {"27726": 1}}
{"utterly": {
    "1286": 4,
    "100": 10,
    "27726": 16,
    "20657": 4,
    "23044": 1,
    "16966": 13
}}
{"unlearnd": {"100": 1}}
{"unavoided": {
    "100": 4,
    "47960": 1
}}
{"untreasured": {
    "100": 1,
    "1523": 1
}}
{"unstanched": {
    "23042": 1,
    "100": 1
}}
{"uncertain": {
    "16055": 1,
    "100": 11,
    "47960": 2,
    "23045": 1,
    "1286": 3,
    "43737": 2,
    "1041": 1,
    "20657": 3,
    "1539": 1,
    "5429": 2,
    "16966": 2
}}
{"unprovide": {
    "100": 1,
    "1531": 1
}}
{"upprickd": {"100": 1}}
{"uncrossd": {"100": 1}}
{"unrecuring": {"100": 1}}
{"unlistning": {"23045": 1}}
{"underlings": {
    "100": 1,
    "1522": 1
}}
{"unbowed": {"100": 1}}
{"unstuffed": {"47960": 1}}
{"unmuffling": {"100": 1}}
{"untempering": {"100": 1}}
{"unbloodied": {"100": 1}}
{"unanswerd": {
    "1539": 1,
    "100": 1
}}
{"undertaen": {
    "1539": 1,
    "100": 1
}}
{"ugliest": {"100": 1}}
{"unwedgeable": {
    "23045": 1,
    "100": 1,
    "1430": 1
}}
{"undertake": {
    "47960": 1,
    "1286": 9,
    "43737": 3,
    "20657": 9,
    "1514": 1,
    "100": 47,
    "1513": 1,
    "1524": 2,
    "1532": 1,
    "1531": 2,
    "23044": 1,
    "1430": 1,
    "1508": 3,
    "1519": 1,
    "1539": 2,
    "5429": 1,
    "1526": 3
}}
{"unexpectedly": {"27726": 1}}
{"unmitigated": {
    "100": 1,
    "1519": 1,
    "27726": 1,
    "16966": 1
}}
{"unbridled": {"100": 2}}
{"undoing": {
    "100": 5,
    "16966": 2
}}
{"unsinewd": {
    "100": 1,
    "1524": 1
}}
{"unkept": {
    "100": 1,
    "1523": 1
}}
{"unhaird": {"100": 1}}
{"undescried": {
    "1539": 1,
    "100": 1
}}
{"unbound": {
    "100": 3,
    "23046": 1,
    "1513": 1,
    "18143": 1,
    "47960": 1
}}
{"unbuttoned": {
    "100": 1,
    "1523": 1
}}
{"unfruitful": {"100": 1}}
{"unconsidered": {
    "27726": 1,
    "1539": 1,
    "100": 3
}}
{"unfaithful": {
    "1286": 2,
    "100": 1,
    "1523": 1,
    "20657": 2,
    "16966": 1
}}
{"unpolluted": {
    "43737": 1,
    "100": 1,
    "1524": 1,
    "27761": 1,
    "16966": 1
}}
{"unyielding": {
    "43737": 1,
    "100": 1,
    "47960": 1
}}
{"upholds": {
    "16055": 1,
    "100": 4
}}
{"unfurled": {"43737": 1}}
{"untuckd": {"100": 1}}
{"unpardonable": {"100": 1}}
{"unhappy": {
    "47960": 4,
    "23045": 3,
    "1286": 19,
    "43737": 4,
    "23046": 4,
    "20657": 19,
    "100": 42,
    "1513": 2,
    "1523": 2,
    "1532": 2,
    "1531": 4,
    "1430": 11,
    "1508": 1,
    "1539": 3,
    "5429": 2,
    "16966": 14,
    "1515": 1,
    "1526": 1
}}
{"uncover": {
    "1286": 1,
    "100": 1,
    "20657": 1,
    "47960": 1,
    "1430": 1
}}
{"unbred": {
    "100": 1,
    "1041": 1
}}
{"unpleasing": {
    "1286": 3,
    "43737": 1,
    "100": 6,
    "1513": 1,
    "20657": 3,
    "47960": 1
}}
{"unskilful": {
    "100": 5,
    "1524": 1,
    "1531": 1,
    "27761": 1,
    "23044": 1,
    "5429": 2,
    "16966": 1
}}
{"uttermost": {
    "100": 8,
    "1522": 2,
    "1508": 1,
    "1531": 1,
    "16966": 1,
    "1515": 2
}}
{"untent": {"100": 1}}
{"uncouth": {
    "1286": 1,
    "100": 3,
    "1523": 1,
    "20657": 1
}}
{"ungenitured": {
    "23045": 1,
    "100": 1
}}
{"upbraided": {
    "100": 5,
    "23046": 1,
    "1430": 1
}}
{"underscore": {"27761": 1}}
{"unblessd": {
    "100": 2,
    "1531": 2
}}
{"undreamd": {
    "1539": 1,
    "100": 1
}}
{"unswayable": {"100": 1}}
{"unmindful": {
    "100": 1,
    "47960": 1
}}
{"unadvisd": {
    "100": 2,
    "1513": 1,
    "47960": 1
}}
{"unkinglike": {"100": 1}}
{"unshakd": {
    "100": 2,
    "1522": 1
}}
{"unboyteen": {"23044": 1}}
{"unparalleld": {
    "1539": 1,
    "100": 1
}}
{"unkind": {
    "47960": 4,
    "1286": 10,
    "23046": 3,
    "1041": 3,
    "20657": 10,
    "1514": 1,
    "100": 30,
    "1513": 1,
    "1524": 1,
    "1523": 1,
    "1532": 2,
    "1531": 1,
    "27761": 1,
    "1508": 1,
    "16966": 3,
    "1515": 1,
    "1526": 2
}}
{"unborn": {
    "100": 10,
    "1523": 1,
    "1522": 1
}}
{"undutifulness": {"16966": 2}}
{"untangle": {
    "100": 1,
    "1526": 1
}}
{"unbolt": {"100": 2}}
{"unsuspecting": {
    "1286": 1,
    "20657": 1
}}
{"unkiss": {"100": 1}}
{"unhanged": {"100": 1}}
{"unrighteous": {
    "100": 1,
    "1524": 1,
    "16966": 1
}}
{"unwonted": {
    "23045": 1,
    "23042": 1,
    "100": 2
}}
{"upheaveth": {
    "100": 1,
    "47960": 1
}}
{"unequalled": {"43737": 1}}
{"unacquainted": {
    "16055": 1,
    "100": 3,
    "5429": 2,
    "16966": 1
}}
{"usance": {
    "100": 2,
    "1515": 2
}}
{"unanswerable": {"16966": 3}}
{"unjustly": {
    "1286": 1,
    "43737": 2,
    "100": 9,
    "20657": 1,
    "1531": 1,
    "1430": 1
}}
{"unvarnishd": {
    "100": 1,
    "1531": 1
}}
{"unaccommodated": {
    "1532": 1,
    "100": 1
}}
{"unhesitating": {"16966": 1}}
{"unbuckle": {
    "1539": 2,
    "100": 2
}}
{"unquiet": {
    "1286": 2,
    "100": 8,
    "23046": 1,
    "20657": 2,
    "16966": 1,
    "1515": 2
}}
{"unlickt": {"47960": 1}}
{"unhackd": {"100": 1}}
{"unsphere": {
    "1539": 1,
    "100": 1
}}
{"unspoke": {
    "1532": 1,
    "100": 1
}}
{"unmannered": {"100": 1}}
{"untill": {"47960": 1}}
{"unweighed": {
    "100": 1,
    "23044": 1
}}
{"unscaleable": {"100": 1}}
{"ungaind": {"100": 2}}
{"unnoticed": {"16966": 2}}
{"undefined": {"16966": 1}}
{"unviolated": {
    "100": 1,
    "23046": 1
}}
{"unrestored": {"100": 1}}
{"uncharged": {"100": 1}}
{"untied": {
    "100": 2,
    "1523": 1
}}
{"undeceived": {"16966": 1}}
{"unscoured": {"100": 1}}
{"unseasonable": {
    "1286": 1,
    "100": 4,
    "1519": 1,
    "20657": 1
}}
{"unmannerly": {
    "100": 13,
    "1524": 1,
    "1533": 1,
    "1532": 1,
    "27761": 1,
    "23044": 1,
    "1430": 1,
    "1286": 3,
    "20657": 3,
    "16966": 2,
    "1515": 1
}}
{"unseasonably": {
    "100": 2,
    "1523": 1
}}
{"unsolved": {"27726": 1}}
{"unknit": {
    "100": 4,
    "1508": 1
}}
{"unmarried": {
    "1286": 1,
    "100": 2,
    "20657": 1,
    "1539": 1
}}
{"unplagud": {
    "100": 1,
    "1513": 1,
    "47960": 1
}}
{"underniman": {"43737": 1}}
{"upshoot": {"100": 1}}
{"unrightful": {"100": 1}}
{"unearnd": {
    "1514": 1,
    "100": 1
}}
{"unconsciously": {
    "16966": 8,
    "1430": 1
}}
{"unsquard": {"100": 1}}
{"understandingis": {"27726": 1}}
{"unappointed": {"27761": 1}}
{"umfrevile": {"100": 1}}
{"unworthier": {
    "100": 1,
    "1515": 1
}}
{"unclefather": {
    "100": 1,
    "1524": 1,
    "27761": 1
}}
{"unpaid": {"100": 3}}
{"unpack": {
    "2265": 1,
    "100": 1,
    "1524": 1,
    "2264": 1,
    "27761": 1
}}
{"uncomfortable": {
    "100": 1,
    "1513": 1,
    "47960": 3
}}
{"unworthily": {"100": 2}}
{"unharmed": {"43737": 1}}
{"unwilling": {
    "100": 11,
    "1524": 1,
    "1286": 6,
    "43737": 2,
    "2265": 1,
    "23046": 1,
    "2264": 1,
    "1508": 1,
    "20657": 6,
    "16966": 4
}}
{"uttring": {"100": 1}}
{"uncourtly": {"27761": 1}}
{"unbosom": {"100": 1}}
{"ungalld": {"27761": 1}}
{"unsuspected": {
    "100": 2,
    "1508": 1
}}
{"unbreechd": {
    "1539": 1,
    "100": 1
}}
{"unskilfully": {
    "23045": 1,
    "16055": 1,
    "100": 1
}}
{"unyoked": {"100": 1}}
{"unfallible": {"100": 1}}
{"unsolicited": {
    "16055": 1,
    "23045": 1,
    "1286": 1,
    "43737": 1,
    "23046": 1,
    "1041": 1,
    "27726": 1,
    "20657": 1,
    "1514": 1,
    "1513": 1,
    "1533": 1,
    "1532": 1,
    "23042": 1,
    "1531": 1,
    "1112": 1,
    "23044": 1,
    "1430": 1,
    "27761": 1,
    "1519": 1,
    "1539": 1,
    "1515": 1,
    "18143": 1,
    "47960": 1,
    "2265": 1,
    "2264": 1,
    "100": 3,
    "1524": 1,
    "1523": 1,
    "1522": 1,
    "1508": 1,
    "5429": 1,
    "16966": 1,
    "1526": 1
}}
{"unyoke14": {"27761": 1}}
{"untrained": {"100": 1}}
{"unpremeditated": {
    "100": 1,
    "16966": 1
}}
{"unnecessary": {
    "100": 3,
    "1532": 2,
    "47960": 1,
    "1430": 1,
    "1286": 1,
    "27726": 7,
    "20657": 1
}}
{"unassisted": {"5429": 1}}
{"upturned": {
    "43737": 1,
    "47960": 2
}}
{"unscrupulous": {"16055": 1}}
{"undiscernible": {
    "23045": 1,
    "1286": 1,
    "100": 1,
    "20657": 1
}}
{"unchilded": {"100": 1}}
{"unaccompanied": {
    "100": 2,
    "16966": 1,
    "1533": 1
}}
{"undermined": {
    "1286": 1,
    "20657": 1,
    "16966": 1
}}
{"ubique": {
    "100": 1,
    "1524": 1
}}
{"unpacked": {"23042": 1}}
{"unbearably": {"1430": 1}}
{"unbearable": {"16966": 3}}
{"unthankful": {"100": 1}}
{"unfortunate": {
    "100": 11,
    "1523": 1,
    "1533": 1,
    "1532": 1,
    "1531": 2,
    "47960": 4,
    "1430": 2,
    "1286": 9,
    "27726": 1,
    "20657": 9,
    "16966": 5
}}
{"umber": {
    "100": 1,
    "1523": 1
}}
{"unhappiness": {
    "100": 2,
    "5429": 1,
    "1519": 1
}}
{"uncleanly": {
    "100": 5,
    "1531": 1,
    "1523": 2
}}
{"undated": {"47960": 2}}
{"unfamiliar": {
    "16966": 3,
    "1430": 1
}}
{"ultimate": {"16966": 25}}
{"unpublishd": {
    "1532": 1,
    "100": 1
}}
{"unjust": {
    "100": 25,
    "1533": 1,
    "23045": 4,
    "1286": 7,
    "23046": 1,
    "1519": 1,
    "1041": 1,
    "27726": 1,
    "1539": 1,
    "20657": 7,
    "16966": 8,
    "1526": 1
}}
{"unrespective": {"100": 2}}
{"uplendisc": {"43737": 1}}
{"unbodied": {"100": 1}}
{"ufe": {"43737": 1}}
{"unconquered": {"100": 2}}
{"us107": {"27761": 1}}
{"uif": {"43737": 1}}
{"ull": {"43737": 1}}
{"unmitigable": {
    "23042": 1,
    "100": 1
}}
{"umb": {"43737": 1}}
{"und": {
    "27726": 2,
    "16966": 1
}}
{"une": {
    "100": 3,
    "18143": 220
}}
{"uni": {"18143": 1}}
{"us190": {"16966": 1}}
{"uom": {"47960": 1}}
{"uol": {"43737": 1}}
{"uor": {"43737": 3}}
{"upp": {"43737": 3}}
{"us7": {"27761": 1}}
{"urd": {"23044": 1}}
{"ure": {
    "23045": 1,
    "43737": 1
}}
{"urh": {"43737": 1}}
{"urn": {"100": 5}}
{"use": {
    "16055": 22,
    "23045": 23,
    "1286": 33,
    "43737": 39,
    "23046": 20,
    "1041": 25,
    "27726": 25,
    "20657": 33,
    "1514": 17,
    "1513": 26,
    "1533": 18,
    "1532": 27,
    "23042": 24,
    "1531": 19,
    "1112": 12,
    "23044": 26,
    "1430": 24,
    "27761": 29,
    "1519": 21,
    "1539": 19,
    "1515": 23,
    "18143": 12,
    "47960": 72,
    "2265": 12,
    "2264": 12,
    "100": 361,
    "1524": 28,
    "1523": 16,
    "1522": 22,
    "1508": 20,
    "5429": 18,
    "16966": 69,
    "1526": 17
}}
{"usd": {
    "1514": 1,
    "100": 24,
    "1524": 1,
    "1522": 1,
    "1533": 2,
    "1532": 2,
    "1531": 5,
    "27761": 1,
    "1041": 2,
    "1539": 2
}}
{"usi": {"100": 1}}
{"uso": {
    "1514": 1,
    "100": 1
}}
{"uss": {"18143": 1}}
{"ute": {"43737": 1}}
{"uncounted": {"100": 1}}
{"uyf": {"43737": 1}}
{"unnaturalbut": {"27726": 1}}
{"unexpiated": {"43737": 1}}
{"uprighteously": {
    "23045": 2,
    "100": 1
}}
{"unbruisd": {"100": 1}}
{"upstaringthen": {
    "23042": 1,
    "100": 1
}}
{"unfrequent": {"47960": 1}}
{"unstooping": {"100": 1}}
{"unsettled": {
    "1286": 3,
    "100": 6,
    "20657": 3,
    "23042": 1,
    "1539": 2,
    "5429": 1
}}
{"unspeak": {
    "100": 1,
    "16966": 2,
    "1533": 1
}}
{"unreconcild": {
    "100": 1,
    "1531": 1
}}
{"unsought": {
    "1286": 1,
    "100": 3,
    "23046": 1,
    "20657": 1,
    "47960": 1,
    "1526": 1
}}
{"unheedy": {
    "1514": 1,
    "100": 1
}}
{"useful": {
    "100": 2,
    "47960": 3,
    "1430": 2,
    "1286": 6,
    "43737": 2,
    "20657": 6,
    "5429": 5,
    "16966": 4
}}
{"undeveloped": {"16966": 1}}
{"uninfluenced": {"16966": 1}}
{"unwittingly": {
    "100": 2,
    "16966": 3
}}
{"unmuzzle": {
    "100": 1,
    "1523": 1
}}
{"unprevented": {"100": 1}}
{"ungescapen": {"43737": 1}}
{"ungentle": {
    "100": 12,
    "1523": 1,
    "1522": 1,
    "1286": 1,
    "23046": 1,
    "20657": 1,
    "1539": 2
}}
{"unwitted": {
    "100": 1,
    "1531": 1
}}
{"unjointed": {"100": 1}}
{"unfelt": {
    "100": 4,
    "1430": 1,
    "1533": 1
}}
{"ultrieures": {"18143": 1}}
{"ungently": {
    "23042": 2,
    "100": 3,
    "1522": 1
}}
{"unhooded": {"47960": 1}}
{"umbra": {"100": 1}}
{"uncovered": {
    "16055": 1,
    "100": 4,
    "1532": 1,
    "47960": 1,
    "1430": 1,
    "1286": 2,
    "1519": 1,
    "27726": 1,
    "20657": 2
}}
{"undergoing": {
    "23042": 1,
    "100": 1
}}
{"unnaturalness": {
    "1532": 1,
    "100": 1
}}
{"unexhaustible": {"5429": 1}}
{"uneared": {"100": 1}}
{"unluckily": {
    "100": 7,
    "1513": 1,
    "1522": 1,
    "47960": 1,
    "43737": 1,
    "23046": 1,
    "1508": 1,
    "1539": 1,
    "16966": 1
}}
{"unbakd": {"100": 1}}
{"unnecessarily": {
    "23045": 1,
    "100": 1,
    "23042": 1,
    "16966": 1
}}
{"uneasily": {"1430": 1}}
{"unproportioned": {"1430": 1}}
{"unintelligibility": {"16966": 1}}
{"unimagined": {"16966": 1}}
{"unmoaned": {"100": 1}}
{"unpeople": {
    "23045": 1,
    "100": 4
}}
{"unreality": {"16966": 3}}
{"unburdensomeness": {"43737": 1}}
{"untirable": {"100": 1}}
{"umberd": {"100": 1}}
{"unmeritable": {
    "100": 2,
    "1522": 1
}}
{"unhandled": {
    "100": 2,
    "1515": 1
}}
{"unnatural": {
    "47960": 3,
    "1286": 5,
    "43737": 2,
    "27726": 24,
    "20657": 5,
    "100": 39,
    "1513": 1,
    "1524": 4,
    "1523": 2,
    "1533": 3,
    "1532": 7,
    "23042": 1,
    "1531": 2,
    "27761": 5,
    "1539": 1,
    "16966": 12
}}
{"upgebregdan": {"43737": 1}}
{"underneath": {
    "100": 15,
    "1513": 2,
    "1522": 2,
    "47960": 2,
    "43737": 3,
    "1519": 1,
    "1526": 1
}}
{"unuttered": {"47960": 1}}
{"unfurnishd": {
    "100": 3,
    "1513": 1,
    "47960": 1,
    "1515": 1
}}
{"unwooed": {"100": 1}}
{"untimely": {
    "100": 27,
    "1524": 1,
    "1513": 5,
    "1533": 2,
    "1532": 2,
    "47960": 9,
    "27761": 1,
    "1430": 1,
    "1286": 2,
    "20657": 2,
    "5429": 2
}}
{"unkissed": {
    "100": 1,
    "1519": 1
}}
{"uniqueness": {"43737": 1}}
{"unlocked": {
    "100": 1,
    "1430": 1
}}
{"untimberd": {"100": 1}}
{"unchanging": {"100": 1}}
{"unrequited": {
    "1286": 1,
    "20657": 1,
    "47960": 1
}}
{"unthought": {
    "100": 1,
    "1526": 1
}}
{"unfirm": {
    "100": 4,
    "1513": 1,
    "1522": 1,
    "47960": 3,
    "1526": 1
}}
{"unvenerable": {
    "1539": 1,
    "100": 1
}}
{"udders": {
    "100": 1,
    "1523": 1
}}
{"undisposd": {"100": 1}}
{"unswayed": {"100": 2}}
{"ungeryde": {"43737": 1}}
{"unstained": {
    "100": 6,
    "1041": 1,
    "1539": 1,
    "27761": 1,
    "16966": 1
}}
{"unaching": {"100": 1}}
{"underfoot": {
    "1286": 1,
    "100": 1,
    "1508": 1
}}
{"umpires": {
    "100": 1,
    "23044": 1
}}
{"unbent": {"100": 2}}
{"unbend": {
    "100": 1,
    "1533": 1
}}
{"unbatterd": {
    "100": 1,
    "1533": 1
}}
{"unworthiest": {
    "100": 2,
    "1524": 1,
    "1513": 1,
    "27726": 1,
    "47960": 1
}}
{"ungratified": {
    "1286": 1,
    "20657": 1
}}
{"unattainted": {
    "100": 1,
    "1513": 1,
    "47960": 3
}}
{"unseemly": {
    "1286": 1,
    "100": 1,
    "1513": 1,
    "20657": 1,
    "47960": 2
}}
{"unmotived": {"16966": 1}}
{"untuneable": {
    "100": 2,
    "1523": 1
}}
{"unvirtuous": {
    "100": 1,
    "23044": 1
}}
{"unprovident": {
    "100": 1,
    "1041": 1
}}
{"underbear": {"100": 1}}
{"upside": {"100": 2}}
{"underskinker": {"100": 1}}
{"uglier": {
    "16055": 1,
    "23042": 1,
    "100": 2
}}
{"upshot": {
    "100": 2,
    "1524": 1,
    "1526": 1
}}
{"untender": {
    "1532": 1,
    "100": 2,
    "16966": 1
}}
{"undeserved": {
    "100": 4,
    "1430": 1,
    "1286": 1,
    "1508": 1,
    "27726": 1,
    "20657": 1,
    "16966": 2,
    "1515": 1
}}
{"undeserver": {"100": 2}}
{"unhatched": {
    "100": 1,
    "1526": 1
}}
{"unfool": {
    "100": 1,
    "23044": 1
}}
{"unsure": {
    "100": 6,
    "1524": 1,
    "1533": 1,
    "27726": 1,
    "1531": 1,
    "1526": 1
}}
{"unsurd": {"100": 1}}
{"unshunned": {
    "23045": 1,
    "100": 1
}}
{"unfold": {
    "47960": 2,
    "23045": 3,
    "1286": 1,
    "43737": 1,
    "20657": 1,
    "1514": 1,
    "100": 31,
    "1513": 1,
    "1524": 3,
    "1522": 2,
    "1533": 1,
    "1532": 1,
    "1531": 2,
    "23044": 1,
    "27761": 3,
    "5429": 1,
    "16966": 1,
    "1515": 1,
    "1526": 1
}}
{"unshrinking": {
    "100": 1,
    "1533": 1
}}
{"unsubstantial": {
    "100": 2,
    "1513": 1,
    "1532": 1,
    "5429": 1,
    "47960": 1,
    "16966": 1
}}
{"unemployed": {"43737": 1}}
{"unbated": {
    "100": 3,
    "1524": 2,
    "27761": 3,
    "1515": 1
}}
{"unpractised": {
    "1286": 1,
    "100": 1,
    "20657": 1,
    "5429": 1,
    "16966": 1
}}
{"unimaginative": {"16966": 1}}
{"urchinfield": {"100": 1}}
{"unpractisd": {
    "100": 2,
    "1515": 1
}}
{"unseeing": {
    "100": 2,
    "1041": 1
}}
{"upfill": {
    "100": 1,
    "1513": 1,
    "47960": 1
}}
{"ungrown": {"100": 2}}
{"unknowingly": {
    "1286": 2,
    "20657": 2
}}
{"unquestionably": {
    "16055": 1,
    "47960": 3,
    "23044": 1,
    "16966": 7
}}
{"unquestionable": {
    "100": 1,
    "1523": 1,
    "27726": 2,
    "5429": 1,
    "47960": 1
}}
{"unfounded": {
    "1286": 1,
    "20657": 1
}}
{"unfortunately": {
    "16055": 1,
    "100": 1,
    "1430": 2,
    "1286": 2,
    "27726": 2,
    "20657": 2,
    "16966": 4
}}
{"unbind": {
    "43737": 1,
    "100": 3,
    "1508": 1,
    "1532": 1
}}
{"unforeseen": {"16966": 1}}
{"unintentionally": {"16966": 1}}
{"unpleasant": {
    "1286": 1,
    "43737": 1,
    "27726": 1,
    "20657": 1,
    "16966": 3,
    "1430": 5
}}
{"ursala": {
    "100": 1,
    "1519": 1
}}
{"unprepared": {
    "23045": 1,
    "100": 4,
    "1531": 1,
    "27761": 1
}}
{"unpruned": {"100": 3}}
{"unchanged": {
    "16055": 1,
    "23042": 6,
    "47960": 1,
    "23044": 3,
    "23045": 2,
    "23046": 2,
    "16966": 3
}}
{"unheard": {
    "1286": 1,
    "20657": 1,
    "100": 4
}}
{"unwearied": {
    "1286": 1,
    "100": 1,
    "20657": 1,
    "1515": 1
}}
{"usages": {
    "18143": 1,
    "47960": 1,
    "27761": 1
}}
{"unknowing": {
    "100": 1,
    "1524": 1
}}
{"uncleanness": {
    "23045": 2,
    "100": 2
}}
{"unpinked": {"47960": 1}}
{"unmetrical": {"23045": 1}}
{"unrecounted": {"100": 1}}
{"unicorns": {
    "23042": 1,
    "100": 2,
    "1522": 1
}}
{"uplocked": {
    "100": 1,
    "1041": 1
}}
{"unpressed": {"100": 1}}
{"uncleanliness": {
    "23045": 2,
    "100": 1
}}
{"unlettered": {
    "100": 4,
    "1041": 1
}}
{"unbutton": {
    "1532": 1,
    "27726": 1,
    "100": 1
}}
{"undisturbed": {
    "47960": 1,
    "27761": 1,
    "16966": 1
}}
{"upsprng": {"43737": 1}}
{"unperfect": {
    "100": 1,
    "1041": 1
}}
{"unwarily": {"100": 1}}
{"unwisting": {"23045": 1}}
{"userez": {"18143": 1}}
