{"v": {
    "16055": 37,
    "23045": 18,
    "43737": 1935,
    "23046": 10,
    "1041": 1,
    "27726": 11,
    "1514": 2,
    "1513": 10,
    "1533": 8,
    "1532": 8,
    "23042": 11,
    "1531": 2,
    "23044": 26,
    "1430": 20,
    "27761": 5,
    "1519": 4,
    "1539": 2,
    "1515": 6,
    "18143": 4,
    "47960": 283,
    "2265": 2,
    "2264": 2,
    "100": 214,
    "1524": 6,
    "1523": 6,
    "1522": 4,
    "1508": 4,
    "5429": 16,
    "16966": 121,
    "1526": 6
}}
{"venome": {
    "2265": 2,
    "23046": 1
}}
{"venomd": {
    "2265": 1,
    "100": 3,
    "1524": 1,
    "23046": 1,
    "27761": 3
}}
{"versificationi": {"16966": 1}}
{"venons": {"18143": 1}}
{"vnpegge": {"2265": 1}}
{"visitants": {
    "1286": 1,
    "20657": 1
}}
{"vastly": {
    "100": 1,
    "16966": 1
}}
{"vnshrinking": {"2264": 1}}
{"visitors": {
    "100": 2,
    "47960": 1,
    "1430": 3,
    "1286": 2,
    "20657": 2,
    "1539": 1,
    "16966": 1
}}
{"vocatur": {"100": 1}}
{"vaster": {"16966": 5}}
{"vibration": {"5429": 1}}
{"vineyards": {"100": 2}}
{"vulgarvidelicet": {"100": 1}}
{"videmment": {"18143": 1}}
{"vingtcinq": {"18143": 1}}
{"viburna": {"5429": 1}}
{"vtters": {"1112": 1}}
{"volley": {
    "100": 4,
    "1524": 1
}}
{"verament": {"43737": 1}}
{"voracious": {
    "1286": 1,
    "20657": 1
}}
{"vials": {
    "1539": 1,
    "100": 4,
    "16966": 1
}}
{"vnmanly": {"2265": 1}}
{"viall": {"1112": 1}}
{"vnkindenesse": {"43737": 1}}
{"vritable": {"18143": 9}}
{"vnmannd": {"2264": 1}}
{"verisimilitudes": {"27726": 1}}
{"viand": {"100": 1}}
{"violently": {
    "100": 6,
    "1513": 1,
    "1532": 1,
    "1112": 1,
    "47960": 2,
    "1286": 1,
    "43737": 4,
    "23046": 1,
    "20657": 1,
    "5429": 1,
    "16966": 10
}}
{"vassal": {
    "100": 21,
    "1532": 1,
    "23042": 1,
    "23045": 1,
    "1286": 2,
    "1041": 2,
    "20657": 2
}}
{"vileconcluded": {"100": 1}}
{"violentus": {"16966": 1}}
{"violentst": {"100": 1}}
{"v1": {
    "43737": 44,
    "23046": 3,
    "27761": 1
}}
{"v2": {
    "43737": 25,
    "47960": 1,
    "27761": 1
}}
{"v3": {
    "43737": 6,
    "47960": 1,
    "27761": 1
}}
{"v4": {"27761": 1}}
{"v5": {"27761": 1}}
{"v6": {"27761": 1}}
{"v7": {
    "47960": 1,
    "27761": 1
}}
{"v8": {"27761": 1}}
{"v9": {"27761": 1}}
{"va": {
    "18143": 31,
    "27761": 1
}}
{"vb": {
    "43737": 1,
    "16966": 2
}}
{"ve": {"23044": 1}}
{"vi": {
    "16055": 14,
    "18143": 1,
    "47960": 26,
    "23045": 9,
    "43737": 657,
    "23046": 4,
    "1041": 1,
    "27726": 14,
    "100": 78,
    "1513": 2,
    "1524": 2,
    "1523": 2,
    "1533": 6,
    "1532": 4,
    "23042": 4,
    "23044": 12,
    "27761": 1,
    "1430": 7,
    "5429": 4,
    "16966": 46,
    "1515": 2
}}
{"vn": {
    "43737": 2,
    "23044": 2
}}
{"vp": {
    "43737": 12,
    "2265": 35,
    "2264": 26,
    "1112": 56,
    "47960": 2,
    "23044": 13
}}
{"vr": {"43737": 1}}
{"vs": {
    "43737": 12,
    "2265": 63,
    "2264": 56,
    "1112": 30,
    "23044": 15
}}
{"vu": {"18143": 23}}
{"vv": {
    "2265": 1,
    "2264": 1
}}
{"virgil": {
    "47960": 2,
    "1430": 2
}}
{"virgin": {
    "16055": 1,
    "23045": 1,
    "1286": 6,
    "43737": 3,
    "2265": 1,
    "1041": 1,
    "20657": 6,
    "1514": 3,
    "100": 42,
    "1524": 1,
    "1523": 1,
    "23042": 2,
    "27761": 3,
    "1508": 1,
    "1519": 1,
    "1539": 1,
    "5429": 1,
    "1515": 2
}}
{"virgined": {"100": 1}}
{"virginal": {
    "100": 3,
    "47960": 1
}}
{"virginknot": {"23042": 1}}
{"valiantness": {"100": 1}}
{"virginit": {"18143": 2}}
{"volsce": {"100": 12}}
{"video": {"100": 1}}
{"vides": {
    "100": 1,
    "18143": 1
}}
{"venomous": {
    "16055": 1,
    "100": 5,
    "1523": 1,
    "1430": 1,
    "1286": 3,
    "23046": 1,
    "20657": 3,
    "5429": 1,
    "16966": 1
}}
{"voirhlas": {"18143": 1}}
{"vigilant": {"100": 3}}
{"voulez": {"18143": 6}}
{"vastness": {"16966": 3}}
{"verplanck": {"47960": 2}}
{"vetches": {
    "23042": 1,
    "100": 1
}}
{"vices": {
    "23045": 1,
    "1286": 1,
    "2264": 1,
    "1041": 1,
    "27726": 3,
    "20657": 1,
    "100": 16,
    "1533": 1,
    "1532": 3,
    "1531": 1,
    "1430": 1,
    "1539": 3,
    "16966": 9
}}
{"visitating": {"100": 1}}
{"visitation": {
    "100": 17,
    "1524": 3,
    "23042": 1,
    "27761": 3,
    "23045": 1,
    "2265": 3,
    "1539": 3,
    "16966": 1,
    "1515": 1
}}
{"vicar": {
    "100": 5,
    "1523": 2,
    "1508": 1,
    "27726": 1,
    "47960": 1,
    "23044": 3
}}
{"venerable": {
    "100": 4,
    "1523": 1,
    "47960": 1,
    "1286": 3,
    "27726": 1,
    "20657": 3,
    "1526": 1
}}
{"volivorco": {"100": 1}}
{"valuing": {
    "100": 1,
    "1519": 1
}}
{"virgilia": {
    "100": 37,
    "16966": 4
}}
{"vtements": {"18143": 2}}
{"virgille": {"43737": 1}}
{"vnreall": {"2264": 1}}
{"vigilance": {
    "1286": 1,
    "100": 3,
    "1532": 1,
    "20657": 1,
    "23042": 1,
    "5429": 1
}}
{"vagueness": {"16966": 5}}
{"varnished": {"100": 1}}
{"vnplagud": {"1112": 1}}
{"vieux": {"18143": 16}}
{"vehement": {
    "23045": 1,
    "100": 6,
    "1531": 1,
    "16966": 12,
    "1515": 1
}}
{"videlicet": {
    "2265": 1,
    "1514": 1,
    "100": 4,
    "1524": 1,
    "1523": 1,
    "23044": 2
}}
{"visiting": {
    "100": 5,
    "1513": 1,
    "1112": 1,
    "47960": 2,
    "1286": 1,
    "20657": 1,
    "1539": 1
}}
{"vtterance": {
    "2265": 1,
    "2264": 1
}}
{"views": {
    "100": 3,
    "27761": 1,
    "1286": 1,
    "27726": 9,
    "20657": 1,
    "5429": 1,
    "16966": 12
}}
{"viewd": {
    "16055": 1,
    "100": 1
}}
{"vncurrant": {"2265": 1}}
{"vileesteemd": {"100": 1}}
{"vntreweliere": {"43737": 1}}
{"vorbisnen": {"43737": 1}}
{"vnmaske": {"2265": 1}}
{"volont": {"18143": 8}}
{"vizarded": {
    "27726": 1,
    "100": 2,
    "23044": 1
}}
{"viens": {"18143": 19}}
{"vient": {"18143": 16}}
{"viene": {"43737": 1}}
{"vieni": {"47960": 1}}
{"vagrancy": {"16966": 1}}
{"vousure": {"43737": 1}}
{"vndede": {"43737": 2}}
{"venjance": {"43737": 1}}
{"vngorgd": {"2265": 1}}
{"vehemently": {"5429": 1}}
{"vnsmirched": {"2265": 1}}
{"ventagesand": {"27761": 1}}
{"vntitled": {"2264": 1}}
{"vividly": {"16966": 4}}
{"vigor": {"100": 1}}
{"voyages": {
    "16055": 1,
    "100": 2,
    "23046": 1,
    "18143": 1,
    "47960": 1
}}
{"vigne": {"43737": 1}}
{"vigil": {
    "43737": 1,
    "100": 1
}}
{"vaudrait": {"18143": 1}}
{"vraie": {"18143": 5}}
{"vrais": {"18143": 1}}
{"vnholy": {"2265": 1}}
{"volume": {
    "16055": 2,
    "18143": 2,
    "47960": 14,
    "23045": 4,
    "43737": 2,
    "2265": 1,
    "23046": 4,
    "2264": 1,
    "27726": 7,
    "100": 10,
    "1513": 2,
    "1524": 1,
    "1533": 1,
    "23042": 5,
    "1112": 2,
    "23044": 4,
    "27761": 2,
    "1430": 2,
    "5429": 1,
    "16966": 6
}}
{"vagrant": {
    "5429": 1,
    "23044": 3
}}
{"violette": {"43737": 2}}
{"visited": {
    "1514": 1,
    "16055": 2,
    "100": 9,
    "47960": 1,
    "1430": 4,
    "1286": 6,
    "2264": 1,
    "1539": 1,
    "20657": 6,
    "16966": 1,
    "1515": 1,
    "1526": 1
}}
{"venomously": {
    "1532": 1,
    "100": 2
}}
{"venuto": {
    "100": 3,
    "1508": 2
}}
{"veneration": {"5429": 5}}
{"vantages": {"100": 5}}
{"vrdes": {"23044": 3}}
{"vnbynde": {"43737": 4}}
{"vpturned": {"1112": 1}}
{"ventre": {"18143": 1}}
{"vindicative": {"100": 1}}
{"vented": {
    "100": 2,
    "5429": 1,
    "47960": 1
}}
{"venter": {"23044": 1}}
{"virgos": {"100": 1}}
{"visitor": {
    "1286": 2,
    "100": 1,
    "20657": 2,
    "23042": 2,
    "1430": 3
}}
{"virginalling": {
    "1539": 1,
    "100": 1
}}
{"veirement": {"43737": 1}}
{"vnderstanding": {"2265": 3}}
{"ventures": {
    "100": 6,
    "1522": 1,
    "5429": 1,
    "1430": 1,
    "1515": 4
}}
{"ventured": {
    "16055": 1,
    "100": 7,
    "1523": 1,
    "1430": 2,
    "1286": 5,
    "20657": 5,
    "16966": 1
}}
{"vacancy": {
    "100": 4,
    "1524": 1,
    "27761": 1,
    "16966": 2,
    "1526": 1
}}
{"violence": {
    "18143": 2,
    "47960": 2,
    "23045": 1,
    "1286": 4,
    "43737": 4,
    "2265": 4,
    "27726": 3,
    "20657": 4,
    "100": 19,
    "1513": 1,
    "1524": 4,
    "1531": 3,
    "1112": 1,
    "27761": 3,
    "1430": 1,
    "1539": 1,
    "5429": 5,
    "16966": 16
}}
{"villanously": {"23045": 3}}
{"vnthankefulnesse": {"1112": 1}}
{"vivacity": {"47960": 1}}
{"valorously": {"100": 1}}
{"viler": {"100": 1}}
{"vilia": {"100": 1}}
{"vilda": {"43737": 1}}
{"vilde": {
    "2265": 5,
    "23044": 1
}}
{"vaunting": {
    "100": 3,
    "1522": 1
}}
{"ville": {
    "18143": 11,
    "23044": 1
}}
{"villr": {"43737": 1}}
{"villa": {"47960": 1}}
{"villagery": {
    "1514": 1,
    "100": 1
}}
{"vnmand": {"1112": 1}}
{"vnmake": {"2264": 1}}
{"vnusuall": {"2264": 1}}
{"viols": {"47960": 1}}
{"vnderneath": {"1112": 2}}
{"viola": {
    "100": 139,
    "47960": 1,
    "1430": 29,
    "1286": 56,
    "20657": 64,
    "16966": 3,
    "1526": 139
}}
{"violl": {
    "2265": 1,
    "1112": 1
}}
{"vnmade": {"1112": 1}}
{"vrine": {"2264": 1}}
{"venetian": {
    "16055": 1,
    "100": 10,
    "1531": 5,
    "23044": 5,
    "1430": 4,
    "1286": 5,
    "20657": 5,
    "16966": 8,
    "1515": 4
}}
{"voluptuous": {"47960": 1}}
{"visions": {
    "1286": 1,
    "1514": 2,
    "100": 3,
    "20657": 1,
    "23042": 1,
    "16966": 4
}}
{"vnkindnesse": {"2264": 1}}
{"vnkyndnes": {"43737": 1}}
{"vnpossible": {"23044": 1}}
{"vines": {
    "100": 4,
    "1532": 1,
    "27726": 1,
    "23042": 1
}}
{"venyme": {"43737": 1}}
{"vingt": {"18143": 10}}
{"vinna": {"43737": 1}}
{"vnproportiond": {"2265": 1}}
{"vndert": {"2264": 1}}
{"vnbrused": {"1112": 1}}
{"vyrgynflour": {"43737": 1}}
{"vnclene": {"43737": 1}}
{"violenta": {"100": 2}}
{"violente": {"18143": 1}}
{"violents": {"18143": 1}}
{"vncomfortable": {"1112": 1}}
{"violating": {
    "16055": 1,
    "47960": 1
}}
{"voisinsne": {"18143": 1}}
{"vauntingly": {"100": 1}}
{"violation": {
    "100": 4,
    "18143": 1,
    "23045": 3,
    "1286": 1,
    "20657": 1,
    "1539": 1,
    "5429": 2
}}
{"vnseene": {
    "2265": 3,
    "1112": 1,
    "47960": 1
}}
{"vitness": {"23044": 1}}
{"vntrewe": {"43737": 2}}
{"vanquishd": {
    "100": 8,
    "1522": 1,
    "1533": 1,
    "1532": 1,
    "2264": 1,
    "1519": 1,
    "16966": 2
}}
{"vnpregnant": {"2265": 1}}
{"vacillations": {"27726": 1}}
{"votaries": {
    "100": 2,
    "5429": 1
}}
{"vedde": {"43737": 1}}
{"valanced": {"27761": 2}}
{"visaged": {"100": 1}}
{"visages": {
    "100": 5,
    "1531": 1,
    "16966": 1,
    "1430": 1,
    "1515": 2
}}
{"voyces": {
    "2264": 1,
    "1112": 1
}}
{"volscians": {"100": 9}}
{"verity": {
    "100": 11,
    "1524": 1,
    "1523": 1,
    "1533": 1,
    "1532": 1,
    "23042": 1,
    "27761": 1,
    "23045": 1,
    "23046": 1,
    "2264": 1,
    "1539": 1
}}
{"veder": {"47960": 1}}
{"vocatives": {"23046": 1}}
{"verily": {
    "100": 14,
    "1523": 1,
    "23042": 2,
    "23044": 1,
    "1286": 1,
    "27726": 1,
    "20657": 1,
    "1539": 7
}}
{"vndivulgd": {"2264": 1}}
{"vexation": {
    "1514": 2,
    "100": 11,
    "1531": 1,
    "47960": 3,
    "1286": 2,
    "20657": 2,
    "1539": 1
}}
{"vpbraid": {"2264": 1}}
{"viewless": {
    "23045": 1,
    "100": 1
}}
{"viper": {
    "100": 4,
    "1531": 1,
    "5429": 1
}}
{"verify": {
    "100": 2,
    "16966": 3
}}
{"violastres": {"43737": 2}}
{"verier": {
    "1539": 1,
    "100": 2
}}
{"votarist": {
    "100": 2,
    "1531": 1
}}
{"vnoccupied": {"43737": 1}}
{"visor": {
    "100": 17,
    "1513": 3,
    "1519": 4,
    "1112": 3,
    "47960": 3,
    "1430": 1
}}
{"viser": {"23042": 1}}
{"voyant": {"18143": 4}}
{"vnnerued": {"2265": 1}}
{"viso3": {"18143": 1}}
{"voyage": {
    "1286": 4,
    "2265": 2,
    "23046": 1,
    "20657": 4,
    "1514": 1,
    "100": 23,
    "1524": 2,
    "1523": 2,
    "1522": 1,
    "23042": 2,
    "23044": 1,
    "27761": 1,
    "1430": 2,
    "1519": 1,
    "5429": 1,
    "16966": 9,
    "1526": 4
}}
{"variance": {
    "1286": 1,
    "43737": 1,
    "100": 1,
    "20657": 1,
    "47960": 1,
    "16966": 1
}}
{"visit": {
    "16055": 2,
    "23045": 6,
    "1286": 27,
    "43737": 3,
    "23046": 3,
    "1041": 2,
    "27726": 3,
    "20657": 28,
    "1514": 2,
    "1513": 2,
    "1533": 2,
    "1532": 3,
    "23042": 4,
    "1531": 2,
    "1112": 2,
    "23044": 3,
    "1430": 7,
    "27761": 6,
    "1519": 3,
    "1539": 7,
    "1515": 3,
    "18143": 3,
    "47960": 5,
    "2265": 6,
    "2264": 2,
    "100": 62,
    "1524": 7,
    "1523": 2,
    "1522": 5,
    "1508": 5,
    "5429": 2,
    "16966": 9,
    "1526": 3
}}
{"venison": {
    "1286": 4,
    "100": 7,
    "1523": 1,
    "20657": 4,
    "23044": 3
}}
{"virus": {
    "16055": 1,
    "23045": 1,
    "1286": 1,
    "43737": 1,
    "23046": 1,
    "1041": 1,
    "27726": 1,
    "20657": 1,
    "1514": 1,
    "1513": 1,
    "1533": 1,
    "1532": 1,
    "23042": 1,
    "1531": 1,
    "1112": 1,
    "23044": 1,
    "1430": 1,
    "27761": 1,
    "1519": 1,
    "1539": 1,
    "1515": 1,
    "18143": 1,
    "47960": 1,
    "2265": 1,
    "2264": 1,
    "100": 1,
    "1524": 1,
    "1523": 1,
    "1522": 1,
    "1508": 1,
    "5429": 1,
    "16966": 1,
    "1526": 1
}}
{"veines": {
    "18143": 4,
    "1112": 4
}}
{"vergil": {"43737": 1}}
{"vnkuynde": {"43737": 1}}
{"virer": {"43737": 1}}
{"verger": {"18143": 2}}
{"verges": {
    "100": 28,
    "1519": 28,
    "27726": 1,
    "23042": 3,
    "23044": 4
}}
{"verget": {"18143": 1}}
{"veils": {"100": 1}}
{"veila": {"43737": 3}}
{"veikr": {"43737": 1}}
{"veill": {"18143": 3}}
{"veild": {
    "100": 2,
    "1522": 1
}}
{"veins": {
    "100": 32,
    "1513": 4,
    "23042": 1,
    "47960": 5,
    "1430": 1,
    "1286": 3,
    "1041": 2,
    "20657": 3,
    "1539": 1,
    "16966": 3,
    "1515": 2
}}
{"veine": {"18143": 1}}
{"viennent": {"18143": 5}}
{"vrone": {"18143": 23}}
{"verona": {
    "16055": 7,
    "18143": 1,
    "47960": 33,
    "23045": 1,
    "1286": 25,
    "27726": 1,
    "20657": 25,
    "100": 35,
    "1513": 13,
    "1112": 9,
    "23044": 1,
    "1430": 14,
    "1508": 6,
    "16966": 2
}}
{"vnbounde": {"43737": 1}}
{"verisimilitude": {"16966": 3}}
{"vochen": {"43737": 3}}
{"vncle": {
    "2265": 3,
    "1112": 4,
    "23044": 4
}}
{"vnlookt": {"1112": 1}}
{"victuals": {
    "1286": 1,
    "43737": 1,
    "100": 4,
    "20657": 1
}}
{"vernon": {"100": 45}}
{"volant": {"100": 1}}
{"vnrable": {"18143": 2}}
{"vehor": {"100": 1}}
{"vivant": {
    "100": 1,
    "18143": 3
}}
{"vivrais": {"18143": 1}}
{"viter": {"18143": 2}}
{"venait": {"18143": 4}}
{"votaress": {"100": 1}}
{"vitae": {
    "100": 3,
    "1513": 2
}}
{"vital": {
    "100": 4,
    "1531": 1,
    "18143": 1,
    "16966": 2
}}
{"variableness": {"27761": 1}}
{"voluptuousness": {
    "100": 2,
    "1533": 1
}}
{"verdadera": {"16055": 1}}
{"vengeances": {
    "1532": 1,
    "100": 1
}}
{"vegetarian": {"1430": 1}}
{"vermin": {
    "1532": 1,
    "100": 1
}}
{"vixen": {
    "1514": 1,
    "100": 1
}}
{"vphoorded": {"2265": 1}}
{"vulnerable": {
    "1286": 1,
    "100": 1,
    "2264": 1,
    "1533": 1,
    "20657": 1
}}
{"villianda": {"100": 1}}
{"vnder": {
    "43737": 6,
    "2265": 5,
    "2264": 7,
    "1112": 6,
    "47960": 1,
    "23044": 4
}}
{"vnckle": {"2265": 3}}
{"vndoe": {"2265": 1}}
{"verdict": {
    "27726": 1,
    "100": 7,
    "1041": 1
}}
{"vndon": {"2264": 1}}
{"vacated": {
    "1286": 1,
    "20657": 1
}}
{"vnhallowed": {"1112": 1}}
{"view131": {"16966": 1}}
{"vivid": {
    "27726": 2,
    "47960": 1,
    "16966": 6
}}
{"view153": {"16966": 1}}
{"vivra": {"18143": 2}}
{"vivre": {"18143": 7}}
{"verkja": {"43737": 1}}
{"versesome": {"16966": 1}}
{"venger": {
    "43737": 1,
    "18143": 2
}}
{"venged": {"43737": 1}}
{"vengea": {"27726": 1}}
{"vnschette": {"43737": 1}}
{"vnpacke": {"2265": 1}}
{"vnfortunate": {"2264": 1}}
{"versal": {
    "100": 1,
    "1513": 1,
    "47960": 3
}}
{"verses": {
    "16055": 3,
    "1514": 1,
    "100": 21,
    "1523": 8,
    "1522": 2,
    "47960": 4,
    "23044": 2,
    "23045": 3,
    "23046": 2,
    "1041": 1
}}
{"visitings": {
    "100": 1,
    "2264": 1,
    "1533": 1
}}
{"verrez": {"18143": 2}}
{"veneys": {
    "100": 1,
    "23044": 1
}}
{"verrit": {"43737": 1}}
{"venery": {
    "43737": 1,
    "23044": 1
}}
{"verras": {"18143": 2}}
{"verray": {"43737": 1}}
{"verrai": {"18143": 3}}
{"vnlocke": {"2264": 1}}
{"velja": {"43737": 1}}
{"venetians": {
    "1286": 1,
    "100": 1,
    "20657": 1,
    "1531": 1,
    "1430": 1
}}
{"vnskilfull": {
    "2265": 1,
    "23044": 1
}}
{"variable": {
    "100": 7,
    "1524": 2,
    "1513": 1,
    "18143": 1,
    "1112": 1,
    "47960": 4,
    "27761": 1,
    "23044": 1,
    "2265": 2,
    "1515": 1
}}
{"vnity": {"2264": 1}}
{"vnite": {"2265": 1}}
{"vnaduisd": {"1112": 1}}
{"vnion": {"2265": 2}}
{"viciousness": {"100": 1}}
{"vendre": {"18143": 1}}
{"venturesome": {"47960": 1}}
{"verdure": {
    "23042": 1,
    "100": 3,
    "47960": 1
}}
{"venue": {
    "100": 1,
    "18143": 4
}}
{"venus": {
    "1514": 3,
    "16055": 16,
    "100": 38,
    "1513": 2,
    "1523": 1,
    "23042": 1,
    "1112": 2,
    "47960": 9,
    "43737": 1,
    "1519": 1,
    "16966": 2,
    "1515": 1
}}
{"vents": {
    "100": 3,
    "1523": 1,
    "18143": 2,
    "27761": 1
}}
{"vento": {"18143": 1}}
{"vente": {"18143": 1}}
{"vncoue": {"43737": 2}}
{"venge": {
    "100": 8,
    "1513": 1,
    "1532": 1,
    "1112": 1,
    "47960": 1,
    "43737": 1,
    "16966": 1
}}
{"vizors": {
    "27726": 1,
    "100": 1
}}
{"venez": {"18143": 10}}
{"vmbethoucht": {"43737": 1}}
{"vouchsafes": {"100": 1}}
{"vouchsafed": {
    "1286": 1,
    "100": 2,
    "20657": 1,
    "1526": 1
}}
{"vends": {"18143": 1}}
{"vizor": {"27726": 2}}
{"venom": {
    "100": 19,
    "1524": 2,
    "1522": 1,
    "1533": 2,
    "27761": 2,
    "1286": 1,
    "23046": 2,
    "2264": 2,
    "1539": 1,
    "20657": 1,
    "16966": 4,
    "1526": 1
}}
{"venit": {"100": 1}}
{"venir": {"18143": 14}}
{"venis": {"1430": 1}}
{"venin": {"18143": 1}}
{"venim": {"43737": 1}}
{"vnpleasing": {"1112": 1}}
{"voudra": {"18143": 1}}
{"vermilion": {
    "100": 1,
    "1041": 1
}}
{"verie": {
    "2265": 11,
    "23044": 12
}}
{"verge": {
    "1286": 1,
    "100": 8,
    "1523": 1,
    "1532": 2,
    "20657": 1,
    "18143": 1
}}
{"verba": {
    "100": 2,
    "23044": 1
}}
{"verbs": {
    "43737": 7,
    "47960": 1
}}
{"verai": {"43737": 1}}
{"verce": {"43737": 1}}
{"vnseale": {"2265": 1}}
{"vnseamd": {"2264": 1}}
{"valuable": {
    "16055": 4,
    "47960": 5,
    "1430": 1,
    "1286": 3,
    "20657": 3,
    "5429": 1,
    "16966": 2
}}
{"varlets": {
    "23045": 1,
    "23042": 1,
    "100": 4
}}
{"vntrawe": {"43737": 2}}
{"vnkle": {
    "2265": 4,
    "2264": 2
}}
{"vnderstondynge": {"43737": 1}}
{"vengeancedid": {"16966": 1}}
{"vrging": {"1112": 1}}
{"vouchd": {
    "100": 3,
    "2264": 1,
    "1533": 1
}}
{"voyons": {"18143": 1}}
{"venise": {"18143": 1}}
{"vivacious": {"5429": 1}}
{"vitalises": {"16966": 1}}
{"vaded": {"100": 4}}
{"vague": {
    "16055": 1,
    "43737": 1,
    "27726": 1,
    "18143": 3,
    "5429": 1,
    "16966": 12
}}
{"vertueuse": {"18143": 1}}
{"vetch": {
    "100": 1,
    "23044": 1
}}
{"vultures": {
    "100": 2,
    "23044": 1
}}
{"venial": {
    "100": 1,
    "1531": 1
}}
{"vnnee": {"43737": 1}}
{"volscian": {"100": 11}}
{"venice": {
    "16055": 13,
    "47960": 4,
    "1286": 21,
    "27726": 1,
    "20657": 21,
    "100": 77,
    "1531": 31,
    "27761": 1,
    "1430": 25,
    "1508": 5,
    "1519": 1,
    "5429": 1,
    "16966": 15,
    "1515": 44
}}
{"veniez": {"18143": 1}}
{"venies": {"23044": 1}}
{"varying": {
    "43737": 4,
    "100": 5,
    "1041": 1,
    "1539": 1,
    "5429": 1,
    "16966": 2
}}
{"visitait": {"18143": 1}}
{"vndaunted": {"2264": 1}}
{"vnaccustomd": {"1112": 3}}
{"votarists": {
    "23045": 3,
    "1286": 1,
    "100": 1,
    "20657": 1
}}
{"villafranca": {"18143": 1}}
{"vertue": {
    "43737": 1,
    "2265": 13,
    "2264": 1,
    "1112": 1,
    "47960": 1
}}
{"vertuo": {"18143": 1}}
{"vertus": {"18143": 1}}
{"vnhand": {"2265": 1}}
{"vnfurnisht": {"1112": 1}}
{"vermillon": {"18143": 1}}
{"veron": {"47960": 1}}
{"vnles": {"23044": 1}}
{"vehemency": {
    "23045": 2,
    "100": 3,
    "23044": 2
}}
{"vehemence": {
    "100": 1,
    "1523": 1,
    "47960": 2,
    "23044": 1,
    "23045": 1,
    "1286": 2,
    "20657": 2,
    "5429": 2,
    "16966": 3
}}
{"verso": {"16055": 8}}
{"verse": {
    "16055": 3,
    "18143": 1,
    "47960": 37,
    "23045": 6,
    "1286": 1,
    "43737": 16,
    "2265": 1,
    "23046": 5,
    "1041": 15,
    "27726": 2,
    "20657": 1,
    "100": 32,
    "1524": 1,
    "1523": 5,
    "23042": 11,
    "23044": 2,
    "27761": 4,
    "1430": 1,
    "1519": 1,
    "1539": 1,
    "5429": 4,
    "16966": 18,
    "1526": 1
}}
{"versa": {"27726": 1}}
{"verri": {"43737": 1}}
{"verre": {"18143": 2}}
{"verra": {"18143": 1}}
{"vertu": {
    "43737": 1,
    "18143": 2
}}
{"verst": {"43737": 1}}
{"verte": {
    "100": 1,
    "18143": 1
}}
{"verta": {"23044": 1}}
{"vttiremeste": {"43737": 2}}
{"venimous": {"43737": 1}}
{"vanities": {
    "100": 7,
    "47960": 1
}}
{"veuve": {"18143": 1}}
{"vertuous": {
    "43737": 3,
    "2265": 1,
    "2264": 1,
    "1112": 3,
    "23044": 1
}}
{"vails": {"100": 2}}
{"vnworthiest": {"1112": 1}}
{"varros": {"100": 23}}
{"vaild": {"100": 1}}
{"vaile": {"23045": 1}}
{"vaine": {
    "23045": 1,
    "2265": 1,
    "1112": 3,
    "47960": 2,
    "23044": 6
}}
{"vbique": {"2265": 1}}
{"verdienen": {"27726": 1}}
{"vaincue": {"18143": 1}}
{"vincentio": {
    "23045": 1,
    "1286": 2,
    "100": 50,
    "1508": 49,
    "20657": 2,
    "5429": 3
}}
{"vexed": {
    "100": 6,
    "1513": 1,
    "1522": 1,
    "47960": 1,
    "23044": 1,
    "1430": 1,
    "1286": 1,
    "1041": 1,
    "20657": 1
}}
{"vexes": {
    "1286": 1,
    "100": 1,
    "1532": 1,
    "20657": 1
}}
{"vaughan": {"100": 12}}
{"vnresounable": {"43737": 2}}
{"vales": {
    "100": 1,
    "47960": 1
}}
{"valet": {
    "18143": 3,
    "1430": 1
}}
{"vandri": {"43737": 1}}
{"voltaire": {
    "27726": 1,
    "5429": 5
}}
{"valay": {"43737": 1}}
{"valas": {"43737": 2}}
{"valdi": {"43737": 1}}
{"vnrid": {"43737": 2}}
{"vaisseaux": {"18143": 1}}
{"vnkowe": {"43737": 1}}
{"vntill": {
    "43737": 2,
    "2265": 1,
    "2264": 1
}}
{"vantage111": {"27761": 1}}
{"violenteth": {"100": 1}}
{"vnbracd": {"2265": 1}}
{"vnreclaimd": {"2265": 1}}
{"vengeful": {
    "16055": 1,
    "100": 3,
    "1041": 1,
    "1430": 1
}}
{"vnseemely": {"1112": 1}}
{"vnprouokes": {"2264": 1}}
{"valiant": {
    "47960": 2,
    "23045": 2,
    "1286": 9,
    "43737": 5,
    "2265": 3,
    "2264": 4,
    "20657": 9,
    "100": 155,
    "1513": 2,
    "1524": 2,
    "1523": 3,
    "1522": 6,
    "1533": 4,
    "1532": 2,
    "23042": 2,
    "1531": 9,
    "1112": 2,
    "1430": 1,
    "1519": 4,
    "1515": 1,
    "1526": 3
}}
{"vnsanctified": {
    "2265": 1,
    "2264": 1
}}
{"virtuesa": {"27761": 1}}
{"vouliez": {"18143": 1}}
{"vnfained": {"47960": 1}}
{"valiantyoung": {"100": 1}}
{"vntew": {"43737": 1}}
{"vastshorewashet": {"1112": 1}}
{"vanit": {
    "43737": 1,
    "18143": 1
}}
{"voudront": {"18143": 1}}
{"villainously": {
    "100": 2,
    "1526": 1
}}
{"visards": {"100": 3}}
{"vsage": {"43737": 1}}
{"valorous": {"100": 4}}
{"vagabonds": {
    "27726": 1,
    "100": 1,
    "47960": 1
}}
{"vnsex": {"2264": 1}}
{"vanits": {"18143": 1}}
{"vanity": {
    "100": 22,
    "1513": 2,
    "1532": 1,
    "23042": 2,
    "1531": 1,
    "1112": 1,
    "47960": 4,
    "23045": 1,
    "43737": 1,
    "1519": 1,
    "5429": 3,
    "16966": 7
}}
{"vulture": {
    "100": 6,
    "2264": 1,
    "1533": 1,
    "1532": 1,
    "16966": 1
}}
{"vanish": {
    "100": 11,
    "1522": 1,
    "1533": 2,
    "23042": 1,
    "1531": 1,
    "23044": 2,
    "1286": 1,
    "43737": 1,
    "2264": 2,
    "20657": 1,
    "5429": 2,
    "16966": 9
}}
{"vowchsayf": {"43737": 1}}
{"villainslave": {"100": 1}}
{"veriest": {
    "1286": 1,
    "100": 4,
    "1508": 2,
    "20657": 1,
    "1430": 1
}}
{"valor": {
    "1286": 14,
    "1430": 5
}}
{"vieillie": {"18143": 1}}
{"vorzede": {"43737": 1}}
{"vieillis": {"18143": 1}}
{"vieilles": {"18143": 3}}
{"valud": {
    "1532": 1,
    "100": 4,
    "1533": 1
}}
{"value": {
    "16055": 4,
    "47960": 4,
    "23045": 1,
    "1286": 5,
    "43737": 9,
    "27726": 2,
    "20657": 5,
    "100": 29,
    "1523": 1,
    "1522": 1,
    "1532": 1,
    "23044": 1,
    "27761": 2,
    "1430": 1,
    "1519": 1,
    "5429": 3,
    "16966": 13,
    "1515": 7
}}
{"verified": {
    "100": 6,
    "5429": 1,
    "1519": 1
}}
{"vncouerd": {"1112": 1}}
{"vnprepard": {"2264": 1}}
{"verbesserungsvorschlge": {"16966": 2}}
{"vnkennell": {"2265": 1}}
{"vapor": {"27726": 1}}
{"vulcans": {
    "2265": 1,
    "100": 3,
    "1524": 1,
    "27761": 2,
    "16966": 1
}}
{"voisine": {"18143": 1}}
{"vainely": {"1112": 1}}
{"vnement": {"18143": 1}}
{"vissent": {"18143": 1}}
{"vaward": {
    "1514": 1,
    "100": 5
}}
{"vante": {"18143": 1}}
{"vntye": {"2264": 1}}
{"vanta": {"43737": 1}}
{"venetia": {"100": 2}}
{"vanyt": {"43737": 1}}
{"vnbecomming": {"2264": 1}}
{"varld": {
    "100": 1,
    "23044": 2
}}
{"vitayll": {"43737": 1}}
{"vlaming": {"43737": 1}}
{"varro": {
    "100": 15,
    "1522": 10
}}
{"vulgarly": {
    "23045": 1,
    "100": 1,
    "5429": 1
}}
{"varpa": {"43737": 1}}
{"verbal": {
    "43737": 1,
    "100": 4,
    "1532": 1,
    "5429": 1,
    "23044": 1
}}
{"vsest": {"1112": 1}}
{"visitations": {"100": 1}}
{"voyageur": {"18143": 1}}
{"verschiedenen": {"27726": 1}}
{"virtuous": {
    "47960": 2,
    "23045": 4,
    "1286": 26,
    "43737": 1,
    "23046": 1,
    "1041": 3,
    "27726": 2,
    "20657": 26,
    "1514": 2,
    "100": 103,
    "1513": 2,
    "1523": 3,
    "1533": 1,
    "1532": 1,
    "1531": 4,
    "23044": 2,
    "1430": 1,
    "27761": 1,
    "1508": 4,
    "1519": 5,
    "5429": 3,
    "16966": 1,
    "1515": 1,
    "1526": 3
}}
{"voulezvous": {"18143": 6}}
{"vas20": {"18143": 1}}
{"vnderstood": {"2264": 1}}
{"vnwar": {"43737": 2}}
{"vnaccompanied": {"2264": 1}}
{"vulgate": {"43737": 1}}
{"vulgars": {
    "1539": 1,
    "100": 1
}}
{"vulgaro": {"100": 1}}
{"vanquisheth": {"100": 1}}
{"vanquishest": {"100": 1}}
{"voucher": {
    "43737": 1,
    "100": 1
}}
{"vouches": {
    "23045": 1,
    "100": 2
}}
{"vouched": {
    "1286": 1,
    "100": 2,
    "20657": 1,
    "23042": 1
}}
{"vatil": {"18143": 1}}
{"vnglad": {"43737": 1}}
{"verlaine": {"27726": 1}}
{"voulait": {"18143": 3}}
{"verrons": {"18143": 1}}
{"vaten": {"18143": 10}}
{"voluntaries": {"100": 1}}
{"vasty": {
    "100": 5,
    "1515": 1
}}
{"vaste": {"18143": 2}}
{"vizaments": {
    "100": 1,
    "23044": 1
}}
{"valleyfountain": {
    "100": 1,
    "1041": 1
}}
{"vnshaped": {"2265": 1}}
{"vases": {"18143": 1}}
{"vplondysch": {"43737": 2}}
{"vanquisher": {
    "2265": 1,
    "100": 2,
    "1524": 1
}}
{"vicious": {
    "100": 9,
    "1524": 1,
    "1532": 2,
    "1531": 1,
    "1430": 1,
    "23046": 1,
    "27726": 3,
    "16966": 1
}}
{"vanquished": {
    "1286": 4,
    "100": 11,
    "20657": 4,
    "47960": 1,
    "16966": 1,
    "1430": 1
}}
{"vnswept": {"23044": 1}}
{"vingtdeux": {"18143": 1}}
{"veille": {"18143": 6}}
{"vnuallued": {"2265": 1}}
{"vsing": {"2264": 1}}
{"veiled": {
    "100": 4,
    "27761": 1,
    "1430": 2,
    "23045": 1,
    "1286": 3,
    "20657": 3,
    "1526": 1
}}
{"valuation": {"100": 2}}
{"vault": {
    "47960": 13,
    "1286": 2,
    "23046": 1,
    "2264": 1,
    "27726": 1,
    "20657": 2,
    "100": 17,
    "1513": 9,
    "1533": 1,
    "1532": 1,
    "23042": 1,
    "1112": 8,
    "23044": 1,
    "1430": 4,
    "16966": 1
}}
{"veilan": {"43737": 1}}
{"vaunt": {
    "100": 3,
    "1041": 1
}}
{"vpdrawe": {"43737": 1}}
{"verdun": {"100": 1}}
{"verdit": {"23044": 1}}
{"veronaan": {"47960": 1}}
{"vacation": {
    "100": 1,
    "1523": 1
}}
{"valentius": {"23045": 3}}
{"vanquishing": {
    "1286": 1,
    "27726": 1,
    "20657": 1
}}
{"valentine": {
    "47960": 1,
    "1286": 68,
    "2265": 1,
    "27726": 1,
    "20657": 67,
    "1514": 1,
    "100": 228,
    "1513": 1,
    "1524": 1,
    "1112": 1,
    "27761": 1,
    "1430": 49,
    "1526": 6
}}
{"velvetguards": {"100": 1}}
{"vngalled": {"2265": 1}}
{"vintner": {"100": 4}}
{"vnluckie": {"1112": 2}}
{"villany": {
    "100": 12,
    "1524": 1,
    "1531": 7,
    "23044": 2,
    "2265": 1,
    "20657": 4,
    "5429": 1,
    "16966": 6
}}
{"vivifying": {"1430": 1}}
{"villain": {
    "23045": 4,
    "1286": 8,
    "23046": 17,
    "27726": 7,
    "20657": 8,
    "1514": 2,
    "1513": 17,
    "1533": 4,
    "1532": 19,
    "23042": 1,
    "1531": 19,
    "23044": 6,
    "1430": 9,
    "27761": 7,
    "1519": 13,
    "1539": 6,
    "1515": 2,
    "47960": 17,
    "100": 251,
    "1524": 11,
    "1523": 4,
    "1522": 1,
    "1508": 13,
    "16966": 25,
    "1526": 2
}}
{"village": {
    "1286": 2,
    "100": 6,
    "1523": 2,
    "20657": 2,
    "47960": 1,
    "1430": 1
}}
{"vnsober": {"43737": 2}}
{"valourthis": {
    "100": 1,
    "1531": 1
}}
{"vilain": {"18143": 3}}
{"valentinemay": {"20657": 1}}
{"viswanathan": {"16055": 2}}
{"vttering": {"1112": 1}}
{"vayne": {
    "43737": 2,
    "47960": 1
}}
{"veronese": {
    "100": 2,
    "1513": 2,
    "47960": 1
}}
{"variations": {
    "43737": 2,
    "100": 1,
    "5429": 1,
    "47960": 3,
    "23044": 2,
    "16966": 4
}}
{"vnbend": {"2264": 1}}
{"volsces": {"100": 25}}
{"vniuersall": {
    "2264": 1,
    "1112": 1
}}
{"vnblendyde": {"43737": 2}}
{"vtruuio": {"1112": 1}}
{"violences": {"18143": 1}}
{"vsurpst": {"2265": 1}}
{"vrinall": {"23044": 1}}
{"variety29": {"16966": 1}}
{"vanishing": {
    "100": 1,
    "1041": 1,
    "16966": 2,
    "1430": 1
}}
{"vnkept": {"43737": 2}}
{"vnshaken": {"2265": 1}}
{"villainies": {
    "1286": 2,
    "100": 5,
    "1533": 1,
    "1519": 1
}}
{"vassalage": {
    "100": 2,
    "1041": 1
}}
{"viperous": {
    "100": 3,
    "1430": 1
}}
{"veuxtu": {"18143": 5}}
{"vailed": {
    "100": 1,
    "1524": 1,
    "27761": 2
}}
{"vragant": {"23044": 1}}
{"vilest": {
    "100": 5,
    "1041": 1
}}
{"vaisselle": {"18143": 1}}
{"vilely": {
    "16055": 1,
    "100": 15,
    "1522": 1,
    "47960": 1,
    "1519": 2,
    "1539": 1,
    "1515": 2
}}
{"voeux": {"18143": 4}}
{"victuallers": {"100": 1}}
{"voyageurs": {"18143": 1}}
{"vanilla": {
    "16055": 2,
    "23045": 2,
    "1286": 2,
    "43737": 2,
    "23046": 2,
    "1041": 2,
    "27726": 2,
    "20657": 2,
    "1514": 2,
    "1513": 2,
    "1533": 2,
    "1532": 2,
    "23042": 2,
    "1531": 2,
    "1112": 2,
    "23044": 2,
    "1430": 2,
    "27761": 2,
    "1519": 2,
    "1539": 2,
    "1515": 2,
    "18143": 2,
    "47960": 2,
    "2265": 2,
    "2264": 2,
    "100": 2,
    "1524": 2,
    "1523": 2,
    "1522": 2,
    "1508": 2,
    "5429": 2,
    "16966": 2,
    "1526": 2
}}
{"vnsinnowed": {"2265": 1}}
{"vincere": {"100": 1}}
{"vieille": {"18143": 4}}
{"vmbreide": {"43737": 1}}
{"vpfill": {"1112": 1}}
{"vestments": {
    "100": 2,
    "23046": 1
}}
{"vauntwarde": {"43737": 1}}
{"vivante": {"18143": 3}}
{"venicehence": {
    "100": 1,
    "1531": 1
}}
{"vlcerous": {
    "2265": 1,
    "2264": 1
}}
{"vronetybalt": {"18143": 1}}
{"vaulting": {
    "43737": 1,
    "100": 3,
    "2264": 1,
    "1533": 1
}}
{"vnwelcom": {"2264": 1}}
{"vnsoght": {"43737": 2}}
{"velkominn": {"43737": 1}}
{"vogue": {
    "27726": 1,
    "18143": 1
}}
{"virtuouswhere": {
    "100": 1,
    "1513": 1,
    "47960": 1
}}
{"vaillant": {"100": 1}}
{"vloutingstock": {"23044": 1}}
{"vprousd": {"1112": 1}}
{"violets": {
    "100": 9,
    "1524": 2,
    "27761": 3,
    "1430": 2,
    "1286": 2,
    "2265": 2,
    "20657": 2,
    "1539": 1,
    "16966": 1,
    "1526": 1
}}
{"violent": {
    "16055": 1,
    "18143": 2,
    "47960": 9,
    "23045": 1,
    "1286": 6,
    "43737": 8,
    "2265": 4,
    "2264": 4,
    "27726": 1,
    "20657": 6,
    "100": 42,
    "1513": 2,
    "1524": 4,
    "1533": 4,
    "1532": 2,
    "1531": 3,
    "1112": 2,
    "23044": 1,
    "27761": 3,
    "1430": 4,
    "1539": 3,
    "5429": 2,
    "16966": 19
}}
{"vnkowthe": {"43737": 1}}
{"vnkind": {"1112": 1}}
{"vastidity": {
    "23045": 1,
    "100": 1
}}
{"vntalkt": {"1112": 1}}
{"vitality": {"47960": 1}}
{"valencius": {
    "23045": 1,
    "100": 1
}}
{"videsne": {"100": 1}}
{"varied": {
    "16055": 1,
    "100": 4,
    "47960": 1,
    "43737": 1,
    "27726": 2,
    "5429": 4,
    "16966": 1
}}
{"varies": {
    "43737": 25,
    "100": 1,
    "16966": 1
}}
{"voile": {"18143": 5}}
{"vncrouned": {"43737": 2}}
{"vouloir": {"18143": 1}}
{"voulons": {"18143": 1}}
{"voice": {
    "23045": 6,
    "1286": 20,
    "43737": 7,
    "23046": 3,
    "1041": 1,
    "27726": 3,
    "20657": 20,
    "1514": 10,
    "1513": 5,
    "1533": 2,
    "1532": 5,
    "23042": 3,
    "1531": 7,
    "1112": 4,
    "23044": 2,
    "1430": 22,
    "27761": 7,
    "1519": 2,
    "1539": 1,
    "1515": 6,
    "47960": 8,
    "2265": 2,
    "2264": 1,
    "100": 169,
    "1524": 12,
    "1523": 4,
    "1522": 6,
    "1508": 1,
    "5429": 2,
    "16966": 18,
    "1526": 6
}}
{"voici": {"18143": 8}}
{"vyrgyne": {"43737": 1}}
{"vainly": {
    "100": 12,
    "1513": 1,
    "47960": 1,
    "1430": 1,
    "1286": 2,
    "1041": 2,
    "20657": 2,
    "16966": 1
}}
{"vnschoold": {"2265": 1}}
{"voler": {"18143": 3}}
{"versall": {"1112": 1}}
{"vniuersity": {"2265": 1}}
{"veruensie": {"23044": 1}}
{"volly": {"2265": 1}}
{"vainer": {
    "23042": 1,
    "100": 1,
    "16966": 1
}}
{"vaines": {"18143": 1}}
{"volke": {
    "1532": 1,
    "100": 1
}}
{"vnequall": {"2265": 1}}
{"valence": {"100": 1}}
{"virtuously": {
    "100": 5,
    "1531": 1
}}
{"viendra": {"18143": 4}}
{"vertical": {"43737": 1}}
{"vainglory": {"100": 3}}
{"voluptuously": {"100": 1}}
{"vapians": {
    "100": 1,
    "1526": 1
}}
{"vnmastred": {"2265": 1}}
{"venomed": {"100": 3}}
{"votary": {
    "100": 4,
    "47960": 1,
    "1041": 1
}}
{"victor": {
    "1286": 1,
    "100": 11,
    "1041": 1,
    "1532": 1,
    "27726": 2,
    "20657": 1
}}
{"vechten": {"16055": 1}}
{"vousdisje": {"18143": 1}}
{"vanisheth": {"100": 1}}
{"vanishest": {
    "100": 2,
    "1522": 1,
    "16966": 1
}}
{"victim": {
    "1286": 1,
    "20657": 1,
    "5429": 1,
    "16966": 11,
    "1430": 1
}}
{"vnknowing": {"2265": 1}}
{"vnwieldie": {"1112": 1}}
{"vnementjuliette": {"18143": 1}}
{"vitruvio": {
    "18143": 1,
    "47960": 1
}}
{"voleurs": {"18143": 1}}
{"ventidius": {
    "1286": 6,
    "100": 23,
    "20657": 6,
    "1430": 11
}}
{"vaulted": {"100": 2}}
{"vnworthi": {"43737": 2}}
{"vnworthy": {
    "2265": 2,
    "1112": 2
}}
{"vanitie": {"1112": 1}}
{"verities": {
    "100": 1,
    "2264": 1,
    "1533": 1,
    "16966": 1
}}
{"voltumand": {"2265": 2}}
{"vomit": {
    "27726": 1,
    "100": 5,
    "1531": 1
}}
{"veuveviens": {"18143": 1}}
{"voman": {"23044": 1}}
{"vnkles": {"2265": 1}}
{"versions": {
    "5429": 1,
    "47960": 2,
    "16966": 1
}}
{"vaison": {"18143": 1}}
{"violate": {
    "43737": 1,
    "23042": 1,
    "100": 6
}}
{"veuille": {"18143": 1}}
{"varlot": {"23044": 1}}
{"vanishd": {
    "100": 6,
    "1524": 1,
    "1513": 1,
    "1533": 1,
    "23042": 1,
    "47960": 3,
    "27761": 1,
    "2264": 2,
    "1041": 1
}}
{"vanisht": {
    "2265": 1,
    "1112": 1
}}
{"viceroy": {"100": 2}}
{"vernons": {"100": 1}}
{"verseraient": {"18143": 1}}
{"violator": {"5429": 1}}
{"varlet": {
    "23045": 5,
    "100": 23,
    "1519": 1,
    "1532": 2,
    "5429": 1,
    "23044": 2
}}
{"villainthese": {"27726": 1}}
{"vanguard": {
    "43737": 1,
    "47960": 1
}}
{"violated": {
    "100": 2,
    "1523": 1,
    "5429": 2
}}
{"violates": {
    "16055": 1,
    "23045": 1,
    "1286": 1,
    "43737": 1,
    "23046": 1,
    "1041": 1,
    "27726": 2,
    "20657": 1,
    "1514": 1,
    "1513": 1,
    "1533": 1,
    "1532": 1,
    "23042": 1,
    "1531": 1,
    "1112": 1,
    "23044": 1,
    "1430": 1,
    "27761": 1,
    "1519": 1,
    "1539": 1,
    "1515": 1,
    "18143": 1,
    "47960": 1,
    "2265": 1,
    "2264": 1,
    "100": 2,
    "1524": 1,
    "1523": 1,
    "1522": 1,
    "1508": 1,
    "5429": 1,
    "16966": 1,
    "1526": 1
}}
{"victorious": {
    "1286": 3,
    "100": 15,
    "20657": 3,
    "27761": 1,
    "16966": 1
}}
{"valeria": {"100": 24}}
{"vauntcouriers": {
    "1532": 1,
    "100": 1
}}
{"vengaunce": {"43737": 1}}
{"vnderwrit": {"2264": 1}}
{"vitiis": {"5429": 1}}
{"ventail": {"18143": 3}}
{"vnwasht": {"1112": 1}}
{"valancd": {
    "100": 1,
    "1524": 1
}}
{"valance": {
    "16055": 1,
    "100": 1,
    "1508": 1,
    "27761": 1
}}
{"vexations": {
    "1286": 2,
    "100": 2,
    "20657": 2,
    "23042": 1,
    "5429": 1
}}
{"vexatious": {
    "1286": 2,
    "20657": 2,
    "16966": 1
}}
{"vorld": {
    "100": 1,
    "23044": 2
}}
{"vnbattered": {"2264": 1}}
{"vncharmd": {"1112": 1}}
{"viewing": {
    "16055": 1,
    "23045": 1,
    "1286": 1,
    "43737": 1,
    "23046": 1,
    "1041": 1,
    "27726": 1,
    "20657": 1,
    "1514": 1,
    "1513": 1,
    "1533": 2,
    "1532": 1,
    "23042": 1,
    "1531": 1,
    "1112": 1,
    "23044": 1,
    "1430": 1,
    "27761": 1,
    "1519": 1,
    "1539": 1,
    "1515": 1,
    "18143": 1,
    "47960": 1,
    "2265": 1,
    "2264": 2,
    "100": 6,
    "1524": 1,
    "1523": 1,
    "1522": 1,
    "1508": 1,
    "5429": 1,
    "16966": 1,
    "1526": 2
}}
{"virtueo": {"20657": 1}}
{"virtues": {
    "16055": 1,
    "47960": 4,
    "23045": 2,
    "1286": 9,
    "23046": 1,
    "27726": 4,
    "20657": 9,
    "1514": 1,
    "100": 67,
    "1513": 1,
    "1524": 2,
    "1523": 2,
    "1533": 1,
    "1532": 2,
    "23042": 1,
    "27761": 3,
    "1508": 1,
    "1519": 3,
    "1539": 3,
    "5429": 4,
    "16966": 6,
    "1515": 2,
    "1526": 1
}}
{"vithin": {"43737": 1}}
{"vplifted": {"2264": 1}}
{"victoress": {"100": 1}}
{"vambrace": {"100": 1}}
{"vouchsafing": {"100": 1}}
{"varieties": {
    "1286": 1,
    "43737": 1,
    "20657": 1,
    "16966": 1
}}
{"vicegerent": {"100": 1}}
{"versatility": {"16966": 1}}
{"volumeth": {"100": 1}}
{"version": {
    "16055": 8,
    "23045": 7,
    "1286": 1,
    "43737": 2,
    "23046": 1,
    "1041": 1,
    "27726": 4,
    "20657": 1,
    "1514": 1,
    "1513": 1,
    "1533": 1,
    "1532": 1,
    "23042": 5,
    "1531": 1,
    "1112": 1,
    "23044": 1,
    "1430": 1,
    "27761": 4,
    "1519": 1,
    "1539": 1,
    "1515": 1,
    "18143": 4,
    "47960": 6,
    "2265": 1,
    "2264": 1,
    "100": 1,
    "1524": 1,
    "1523": 1,
    "1522": 1,
    "1508": 1,
    "5429": 1,
    "16966": 14,
    "1526": 1
}}
{"versing": {
    "1514": 1,
    "100": 1
}}
{"vendible": {
    "100": 2,
    "1515": 1
}}
{"vouch": {
    "23045": 2,
    "2265": 1,
    "100": 12,
    "1524": 1,
    "1531": 4
}}
{"voulu": {"18143": 6}}
{"victories": {
    "100": 6,
    "1041": 1,
    "16966": 1
}}
{"votre": {
    "100": 9,
    "18143": 71,
    "1526": 1
}}
{"vouchsafedill": {
    "100": 1,
    "1526": 1
}}
{"vieweth": {"100": 1}}
{"viewest": {
    "100": 2,
    "1041": 1
}}
{"virginale": {"18143": 1}}
{"voted": {"16966": 1}}
{"virginals": {"100": 1}}
{"vreese": {"43737": 1}}
{"vncharge": {"2265": 1}}
{"veyled": {"2265": 1}}
{"versemaking": {"16966": 1}}
{"vnnaturall": {
    "2265": 4,
    "2264": 3,
    "1112": 1
}}
{"vnstained": {"1112": 1}}
{"voudras": {"18143": 2}}
{"vloutingstog": {
    "100": 1,
    "23044": 2
}}
{"voudrez": {"18143": 3}}
{"veiling": {
    "100": 1,
    "1515": 1
}}
{"venirquoi": {"18143": 1}}
{"vnfolded": {"23044": 1}}
{"validitie": {
    "2265": 1,
    "1112": 1
}}
{"vowel": {
    "43737": 12,
    "100": 1,
    "1513": 1,
    "47960": 4
}}
{"vowes": {
    "2265": 6,
    "1112": 1
}}
{"valiantly": {
    "43737": 1,
    "100": 5,
    "16966": 1
}}
{"virgins": {
    "23045": 1,
    "1286": 1,
    "100": 13,
    "20657": 1,
    "1515": 1
}}
{"vigorously": {
    "43737": 2,
    "5429": 1
}}
{"virgine": {"43737": 1}}
{"vousditesmoi": {"18143": 1}}
{"vegetables": {"43737": 2}}
{"vowed": {
    "1286": 6,
    "100": 16,
    "20657": 6,
    "16966": 1,
    "1430": 5
}}
{"virorumstories": {"16966": 1}}
{"vndisposid": {"43737": 1}}
{"vowfellows": {"100": 1}}
{"vnfirme": {"1112": 1}}
{"vnderst": {"43737": 3}}
{"vellet": {"23044": 1}}
{"valiantas": {
    "100": 1,
    "1531": 1
}}
{"vnpolluted": {"2265": 1}}
{"vnfelt": {"2264": 1}}
{"vncessantl": {"43737": 1}}
{"vows39": {"27761": 1}}
{"vnbated": {"2265": 1}}
{"votress": {
    "1514": 2,
    "100": 2
}}
{"vanishes": {
    "100": 4,
    "1522": 1,
    "23042": 2,
    "16966": 6
}}
{"vanished": {
    "1514": 1,
    "100": 8,
    "1522": 1,
    "1533": 1,
    "47960": 1,
    "1430": 2,
    "1286": 8,
    "1041": 1,
    "20657": 8,
    "16966": 3
}}
{"volubility": {
    "27726": 1,
    "100": 2,
    "1508": 1
}}
{"voyez": {"18143": 13}}
{"vnhatcht": {"2265": 1}}
{"vegetives": {"100": 1}}
{"voyce": {
    "43737": 1,
    "2265": 10,
    "2264": 1,
    "1112": 1,
    "47960": 1
}}
{"vade": {"1041": 1}}
{"veillant": {"18143": 1}}
{"vais": {
    "100": 1,
    "18143": 31,
    "23044": 1
}}
{"vair": {"43737": 2}}
{"vain": {
    "18143": 2,
    "47960": 4,
    "23045": 6,
    "1286": 13,
    "43737": 5,
    "23046": 2,
    "27726": 3,
    "20657": 14,
    "1514": 2,
    "100": 92,
    "1513": 3,
    "1524": 1,
    "1532": 3,
    "23042": 1,
    "1531": 2,
    "1430": 4,
    "1539": 2,
    "5429": 2,
    "16966": 15,
    "1526": 1
}}
{"vail": {
    "23045": 2,
    "43737": 1,
    "100": 9,
    "1508": 1
}}
{"vale": {
    "43737": 4,
    "100": 9,
    "23046": 1,
    "1531": 1,
    "5429": 1
}}
{"vald": {"43737": 2}}
{"vall": {"43737": 2}}
{"veillait": {"18143": 1}}
{"vant": {"43737": 1}}
{"vane": {
    "23045": 2,
    "100": 3,
    "1519": 2
}}
{"vieillards": {"18143": 1}}
{"vary": {
    "100": 4,
    "1532": 1,
    "5429": 1,
    "16966": 3
}}
{"vara": {"100": 1}}
{"vats": {"100": 1}}
{"vast": {
    "1514": 1,
    "100": 16,
    "1513": 1,
    "23042": 1,
    "1531": 1,
    "47960": 2,
    "27761": 1,
    "1286": 3,
    "20657": 3,
    "1539": 1,
    "16966": 6
}}
{"variant": {"43737": 5}}
{"vaux": {"100": 9}}
{"vaut": {"18143": 2}}
{"vinctus": {"16966": 2}}
{"vayn": {"43737": 1}}
{"vnsoberly": {"43737": 1}}
{"vendrait": {"18143": 1}}
{"vitement": {"100": 1}}
{"vaprous": {
    "100": 1,
    "2264": 1,
    "1533": 1
}}
{"vber": {"43737": 1}}
{"vyndland": {"43737": 1}}
{"vpcaste": {"43737": 2}}
{"vessies": {"18143": 1}}
{"vnfixe": {"2264": 2}}
{"vurther": {
    "1532": 1,
    "100": 1
}}
{"vegetable": {"43737": 2}}
{"varrius2": {"23045": 1}}
{"villainy91": {"16966": 1}}
{"valentio": {
    "100": 1,
    "1513": 1,
    "18143": 1,
    "1112": 1,
    "47960": 1
}}
{"vyolentlych": {"43737": 1}}
{"valentin": {"18143": 1}}
{"volumnia": {
    "27726": 1,
    "100": 69,
    "16966": 2
}}
{"vdge": {"23044": 4}}
{"vaporous": {
    "23045": 1,
    "100": 2
}}
{"veniaunce": {"43737": 1}}
{"villafranca10": {"18143": 1}}
{"veal": {"100": 2}}
{"vede": {"100": 1}}
{"vein": {
    "1514": 3,
    "100": 16,
    "1523": 1,
    "1430": 1,
    "23045": 1,
    "23046": 2,
    "5429": 1
}}
{"veil": {
    "100": 9,
    "47960": 1,
    "23044": 2,
    "1430": 1,
    "23045": 2,
    "1286": 5,
    "43737": 1,
    "1041": 1,
    "20657": 5,
    "16966": 1,
    "1526": 1
}}
{"veiw": {"1112": 1}}
{"veir": {"43737": 1}}
{"vell": {
    "100": 2,
    "23044": 4
}}
{"villians": {"100": 1}}
{"venu": {"18143": 10}}
{"vent": {
    "100": 20,
    "1532": 1,
    "23042": 2,
    "18143": 4,
    "27761": 1,
    "1508": 1,
    "27726": 3,
    "16966": 2,
    "1526": 5
}}
{"veni": {"100": 1}}
{"very": {
    "16055": 13,
    "23045": 42,
    "1286": 97,
    "43737": 24,
    "23046": 11,
    "1041": 8,
    "27726": 38,
    "20657": 100,
    "1514": 12,
    "1513": 26,
    "1533": 12,
    "1532": 25,
    "23042": 19,
    "1531": 46,
    "1112": 24,
    "23044": 29,
    "1430": 75,
    "27761": 66,
    "1519": 32,
    "1539": 32,
    "1515": 31,
    "18143": 5,
    "47960": 83,
    "2265": 52,
    "2264": 14,
    "100": 852,
    "1524": 66,
    "1523": 36,
    "1522": 13,
    "1508": 24,
    "5429": 46,
    "16966": 227,
    "1526": 42
}}
{"vers": {
    "43737": 1,
    "18143": 30,
    "16966": 2
}}
{"vere": {
    "100": 3,
    "23044": 4
}}
{"verr": {"43737": 1}}
{"verb": {
    "43737": 12,
    "100": 1,
    "23042": 1,
    "47960": 17,
    "27761": 1
}}
{"vnschape": {"43737": 1}}
{"v226r244n229": {"1430": 1}}
{"veux": {
    "100": 1,
    "18143": 35
}}
{"veut": {"18143": 17}}
{"ven234sh229n": {"1430": 1}}
{"vext": {
    "1112": 3,
    "47960": 1,
    "23044": 1
}}
{"vexd": {
    "100": 9,
    "1513": 2,
    "1532": 1,
    "23042": 1,
    "47960": 3,
    "1041": 1,
    "16966": 1
}}
{"veyn": {"43737": 3}}
{"variest": {"100": 1}}
{"variety": {
    "16055": 4,
    "23045": 1,
    "1286": 4,
    "43737": 5,
    "23046": 1,
    "1041": 1,
    "27726": 1,
    "20657": 4,
    "1514": 1,
    "1513": 1,
    "1533": 1,
    "1532": 1,
    "23042": 1,
    "1531": 1,
    "1112": 1,
    "23044": 1,
    "1430": 2,
    "27761": 1,
    "1519": 1,
    "1539": 1,
    "1515": 1,
    "18143": 1,
    "47960": 2,
    "2265": 2,
    "2264": 2,
    "100": 3,
    "1524": 1,
    "1523": 1,
    "1522": 1,
    "1508": 1,
    "5429": 8,
    "16966": 12,
    "1526": 1
}}
{"variegated": {"43737": 1}}
{"villiago": {"100": 1}}
{"vofinn": {"43737": 1}}
{"vraies": {"18143": 2}}
{"veiller": {"18143": 1}}
{"veilles": {"18143": 1}}
{"vauvado": {"100": 1}}
{"vizards": {
    "100": 3,
    "2264": 1,
    "1533": 1,
    "23044": 1
}}
{"vnfold": {
    "2265": 4,
    "2264": 2,
    "1112": 1
}}
{"vnsure": {"2264": 1}}
{"vigour": {
    "100": 11,
    "1524": 1,
    "23042": 1,
    "47960": 1,
    "27761": 1,
    "23045": 1,
    "2265": 1,
    "23046": 2,
    "5429": 3,
    "16966": 1
}}
{"vessell": {
    "43737": 1,
    "23042": 1,
    "2264": 1
}}
{"velvet": {
    "100": 18,
    "1523": 1,
    "47960": 2,
    "23045": 4,
    "1508": 2,
    "1539": 1,
    "1526": 1
}}
{"vessels": {
    "100": 7,
    "1513": 1,
    "1533": 1,
    "18143": 1,
    "1112": 1,
    "47960": 1,
    "2264": 1,
    "1515": 1
}}
{"violations": {"5429": 2}}
{"voreyzede": {"43737": 1}}
{"vortnight": {
    "1532": 1,
    "100": 1
}}
{"vpshot": {"2265": 1}}
{"velure": {
    "100": 1,
    "1508": 1
}}
{"vgly": {
    "43737": 1,
    "2265": 1
}}
{"vestales": {"18143": 1}}
{"vsually": {"2264": 1}}
{"vienstu": {"18143": 1}}
{"vitaille": {"43737": 1}}
{"verstimmt": {"27726": 1}}
{"victoire": {"18143": 1}}
{"vicars": {"47960": 1}}
{"viensde": {"18143": 1}}
{"vnderstonden": {"43737": 1}}
{"villainous": {
    "100": 22,
    "1524": 1,
    "1513": 1,
    "1523": 2,
    "1532": 1,
    "1531": 4,
    "27761": 1,
    "1286": 2,
    "16966": 4
}}
{"vainness": {
    "100": 2,
    "1526": 1
}}
{"vraisemblable": {"18143": 3}}
{"vial": {
    "100": 5,
    "1524": 1,
    "1513": 2,
    "47960": 4,
    "27761": 1,
    "1286": 4,
    "1041": 1
}}
{"vide": {
    "27726": 1,
    "18143": 2
}}
{"vidi": {"100": 1}}
{"vice": {
    "16055": 1,
    "23045": 13,
    "1286": 1,
    "43737": 2,
    "23046": 1,
    "1041": 1,
    "27726": 2,
    "20657": 1,
    "1513": 2,
    "1533": 1,
    "1531": 6,
    "1112": 2,
    "1430": 1,
    "27761": 7,
    "1519": 1,
    "1539": 1,
    "1515": 1,
    "18143": 2,
    "47960": 2,
    "2265": 3,
    "2264": 1,
    "100": 56,
    "1524": 3,
    "5429": 5,
    "16966": 3,
    "1526": 3
}}
{"vici": {"100": 1}}
{"view": {
    "16055": 2,
    "23045": 2,
    "1286": 5,
    "43737": 3,
    "23046": 2,
    "1041": 8,
    "27726": 18,
    "20657": 5,
    "1514": 2,
    "1513": 3,
    "1533": 2,
    "1532": 1,
    "1531": 1,
    "1112": 2,
    "23044": 1,
    "1430": 1,
    "27761": 1,
    "1539": 1,
    "1515": 5,
    "47960": 15,
    "2265": 2,
    "100": 92,
    "1524": 2,
    "1522": 1,
    "5429": 8,
    "16966": 115,
    "1526": 2
}}
{"vies": {"18143": 2}}
{"vied": {
    "100": 1,
    "1508": 1,
    "1430": 1
}}
{"virtuus": {"43737": 2}}
{"vifs": {"18143": 1}}
{"viii": {
    "16055": 2,
    "47960": 18,
    "23045": 10,
    "43737": 1273,
    "23046": 4,
    "1041": 1,
    "27726": 6,
    "100": 21,
    "1533": 2,
    "23042": 2,
    "23044": 7,
    "27761": 3,
    "1430": 7,
    "5429": 3,
    "16966": 16,
    "1515": 2
}}
{"vndeeded": {"2264": 1}}
{"viia": {"16966": 1}}
{"vill": {
    "100": 8,
    "23044": 16
}}
{"vilt": {"43737": 2}}
{"vils": {"18143": 1}}
{"vile": {
    "23045": 1,
    "1286": 5,
    "43737": 2,
    "23046": 3,
    "1041": 3,
    "27726": 4,
    "20657": 5,
    "1514": 8,
    "1513": 8,
    "1533": 1,
    "1532": 7,
    "23042": 1,
    "1531": 4,
    "1112": 8,
    "23044": 3,
    "1430": 1,
    "27761": 4,
    "1519": 2,
    "1539": 1,
    "1515": 2,
    "18143": 2,
    "47960": 10,
    "2265": 1,
    "2264": 1,
    "100": 124,
    "1524": 6,
    "1523": 2,
    "1522": 8,
    "1508": 2,
    "16966": 5,
    "1526": 1
}}
{"vint": {"18143": 2}}
{"vine": {
    "43737": 1,
    "100": 9,
    "23046": 1
}}
{"vnwilling": {"2265": 1}}
{"viol": {"100": 3}}
{"vitr": {"43737": 1}}
{"vith": {"23044": 1}}
{"vite": {"18143": 6}}
{"vita": {"100": 1}}
{"vive": {"100": 1}}
{"vivo": {"100": 1}}
{"viva": {"100": 1}}
{"verayly": {"43737": 1}}
{"voicemany": {"100": 1}}
{"vnbaited": {"2265": 1}}
{"versmon": {"18143": 1}}
{"vipers": {"100": 3}}
{"vengeance": {
    "18143": 3,
    "47960": 2,
    "43737": 4,
    "2265": 2,
    "27726": 2,
    "100": 56,
    "1513": 2,
    "1524": 2,
    "1523": 1,
    "1532": 4,
    "23042": 1,
    "1531": 1,
    "1112": 2,
    "23044": 1,
    "27761": 3,
    "1430": 2,
    "1508": 1,
    "1539": 4,
    "5429": 1,
    "16966": 15
}}
{"villainie": {"23044": 1}}
{"vnderlynge": {"43737": 1}}
{"vnhappily": {"2265": 1}}
{"villaines": {"2265": 1}}
{"venereal": {"100": 1}}
{"veroles": {"100": 1}}
{"vprise": {"43737": 2}}
{"visvis": {"18143": 1}}
{"voudrait": {"18143": 1}}
{"voudrais": {
    "100": 1,
    "18143": 19
}}
{"voiture": {"18143": 1}}
{"vnruly": {
    "2264": 1,
    "1112": 1
}}
{"vnrung": {"2265": 1}}
{"valour": {
    "47960": 4,
    "2265": 1,
    "2264": 4,
    "20657": 14,
    "1514": 4,
    "100": 108,
    "1513": 2,
    "1524": 1,
    "1522": 2,
    "1533": 4,
    "1532": 2,
    "23042": 2,
    "1112": 2,
    "23044": 2,
    "1519": 4,
    "16966": 1,
    "1526": 8
}}
{"vnable": {"43737": 2}}
{"voice18": {"27761": 1}}
{"valoys": {"16055": 1}}
{"vi114": {"16055": 1}}
{"veronas": {
    "1286": 2,
    "100": 2,
    "1513": 2,
    "20657": 2,
    "1112": 2,
    "47960": 2
}}
{"varrius": {
    "23045": 4,
    "100": 9
}}
{"vtmast": {"43737": 1}}
{"verse248": {"16966": 1}}
{"viledrawing": {"100": 1}}
{"valois": {
    "16055": 2,
    "43737": 2
}}
{"vnyoake": {"2265": 1}}
{"veronessa": {
    "100": 1,
    "1531": 1
}}
{"vnwholsome": {"2265": 1}}
{"vsurpers": {"2264": 1}}
{"various": {
    "16055": 5,
    "100": 1,
    "47960": 5,
    "27761": 1,
    "1430": 2,
    "43737": 6,
    "2265": 2,
    "2264": 2,
    "27726": 8,
    "5429": 5,
    "16966": 18
}}
{"vpspring": {"2265": 1}}
{"vnhouzzled": {"2265": 1}}
{"vndo": {"43737": 3}}
{"vngr": {"43737": 1}}
{"vnit": {"43737": 1}}
{"vainglories": {"100": 1}}
{"voicesa": {"23042": 1}}
{"vindauga": {"43737": 1}}
{"vnot": {"47960": 1}}
{"vnto": {
    "43737": 5,
    "2265": 5,
    "2264": 3,
    "1112": 9,
    "47960": 5,
    "23044": 1
}}
{"valanced54": {"27761": 1}}
{"vnus": {"18143": 2}}
{"vtres": {"18143": 2}}
{"verefore": {
    "100": 1,
    "23044": 1
}}
{"vpperight": {"43737": 2}}
{"voce": {
    "100": 1,
    "5429": 1
}}
{"vnderstonde": {"43737": 1}}
{"voeu": {"18143": 3}}
{"vnmanerly": {"43737": 1}}
{"voit": {"18143": 8}}
{"vois": {
    "43737": 2,
    "18143": 17
}}
{"voir": {"18143": 26}}
{"veronahow": {"47960": 1}}
{"voix": {"18143": 14}}
{"voie": {"18143": 4}}
{"void": {
    "16055": 1,
    "23045": 2,
    "1286": 2,
    "43737": 1,
    "23046": 1,
    "1041": 1,
    "27726": 2,
    "20657": 2,
    "1514": 1,
    "1513": 1,
    "1533": 1,
    "1532": 1,
    "23042": 1,
    "1531": 1,
    "1112": 1,
    "23044": 2,
    "1430": 2,
    "27761": 1,
    "1519": 1,
    "1539": 1,
    "1515": 4,
    "18143": 1,
    "47960": 1,
    "2265": 1,
    "2264": 1,
    "100": 13,
    "1524": 1,
    "1523": 1,
    "1522": 2,
    "1508": 1,
    "5429": 2,
    "16966": 1,
    "1526": 1
}}
{"voil": {"18143": 46}}
{"vole": {"18143": 1}}
{"vont": {"18143": 7}}
{"volt": {"2265": 2}}
{"vivement": {"18143": 1}}
{"vote": {
    "18143": 7,
    "47960": 1
}}
{"vaunts": {"100": 2}}
{"vnsifted": {"2265": 1}}
{"vous": {
    "100": 21,
    "18143": 317,
    "1526": 2
}}
{"vaumond": {"100": 1}}
{"vows": {
    "47960": 2,
    "23045": 2,
    "1286": 5,
    "43737": 3,
    "23046": 1,
    "1041": 2,
    "27726": 1,
    "20657": 5,
    "1514": 5,
    "100": 73,
    "1513": 1,
    "1524": 6,
    "1523": 2,
    "1522": 1,
    "1532": 2,
    "23042": 1,
    "27761": 4,
    "1430": 3,
    "1539": 2,
    "16966": 2,
    "1515": 1,
    "1526": 2
}}
{"vowe": {"47960": 1}}
{"vowd": {
    "23045": 2,
    "100": 7,
    "1513": 1,
    "1041": 1,
    "1112": 1,
    "47960": 1
}}
{"vnknowne": {
    "23045": 1,
    "2265": 1,
    "2264": 2,
    "1112": 1,
    "23044": 2
}}
{"values": {
    "100": 7,
    "1532": 1,
    "23045": 1,
    "1286": 1,
    "1519": 1,
    "20657": 1,
    "16966": 1
}}
{"valued": {
    "16055": 3,
    "100": 9,
    "1532": 1,
    "47960": 1,
    "1430": 1,
    "1286": 2,
    "23046": 1,
    "2264": 1,
    "27726": 2,
    "20657": 2,
    "5429": 1,
    "1515": 1
}}
{"vindice": {"47960": 1}}
{"verypajock": {
    "100": 1,
    "1524": 1
}}
{"vnstuft": {"1112": 1}}
{"vtter": {
    "2265": 1,
    "1112": 1
}}
{"vppe": {"43737": 1}}
{"vpon": {
    "43737": 17,
    "2265": 50,
    "2264": 58,
    "1112": 42,
    "47960": 2,
    "23044": 16
}}
{"vnsatisfied": {
    "2265": 1,
    "1112": 1
}}
{"vylany": {"43737": 2}}
{"valter": {"43737": 3}}
{"variation": {
    "43737": 2,
    "100": 3,
    "1041": 1,
    "47960": 4,
    "27761": 1,
    "16966": 2
}}
{"voutsafe": {"100": 1}}
{"vnablen": {"43737": 1}}
{"versespeech": {"16966": 1}}
{"vaults": {
    "100": 2,
    "47960": 1
}}
{"vaulty": {
    "100": 4,
    "1513": 1,
    "1112": 1,
    "47960": 5
}}
{"vaulte": {
    "1112": 1,
    "47960": 2
}}
{"violon": {"18143": 1}}
{"villainlike": {
    "1532": 1,
    "100": 2
}}
{"violet": {
    "1514": 1,
    "100": 9,
    "1524": 1,
    "27761": 1,
    "23045": 1,
    "1286": 1,
    "43737": 1,
    "2265": 1,
    "1041": 2,
    "20657": 1
}}
{"violas": {
    "1286": 2,
    "20657": 2
}}
{"vrai": {"18143": 4}}
{"vrde": {"23044": 1}}
{"vrgd": {"1112": 3}}
{"vrit": {
    "100": 1,
    "18143": 17
}}
{"voltaires": {"27726": 1}}
{"vnsauory": {"1112": 1}}
{"vrum": {"43737": 1}}
{"vnprofitable": {"2265": 1}}
{"vses": {"2265": 3}}
{"venturous": {
    "1286": 1,
    "1514": 1,
    "100": 5,
    "20657": 1
}}
{"vnmannerly": {
    "2265": 1,
    "2264": 1
}}
{"vsse": {"43737": 2}}
{"vyftene": {"43737": 1}}
{"vivaient": {"18143": 1}}
{"vigoureuse": {"18143": 1}}
{"venduadieu": {"18143": 1}}
{"vgsom": {"43737": 1}}
{"vndernome": {"43737": 2}}
{"vmpeere": {"1112": 1}}
{"vowels": {
    "43737": 6,
    "23042": 1,
    "100": 1
}}
{"vowell": {"1112": 1}}
{"vtre": {"18143": 1}}
{"vttr": {"43737": 1}}
{"vggely": {"43737": 1}}
{"vritablement": {"18143": 1}}
{"vues": {"18143": 1}}
{"vying": {"43737": 1}}
{"vizardlike": {"100": 1}}
{"virginviolator": {
    "23045": 1,
    "100": 1
}}
{"vpont": {
    "2265": 2,
    "2264": 2
}}
{"vpons": {"2264": 2}}
{"vertueux": {"18143": 1}}
{"vchon": {"43737": 2}}
{"virginits": {"18143": 1}}
{"vprore": {"2264": 1}}
{"vnwipd": {"2264": 1}}
{"virginity": {
    "23045": 1,
    "1514": 1,
    "100": 28,
    "1519": 1,
    "23044": 1
}}
{"verbose": {"27726": 1}}
{"virginius": {"100": 2}}
{"vntimely": {
    "2265": 1,
    "2264": 2,
    "1112": 5
}}
{"voltemand": {
    "2265": 3,
    "100": 9,
    "1524": 9
}}
{"voluntary": {
    "100": 12,
    "1523": 1,
    "1522": 1,
    "1531": 1,
    "1286": 2,
    "20657": 2,
    "1515": 1
}}
{"vaultages": {"100": 1}}
{"vneuen": {"1112": 1}}
{"vadeth": {"100": 1}}
{"vendeautant": {"18143": 1}}
{"verification": {"16055": 1}}
{"vnderstand": {
    "2265": 6,
    "2264": 1,
    "23044": 1
}}
{"villanies": {
    "100": 1,
    "1524": 1,
    "2264": 1,
    "20657": 2,
    "5429": 1
}}
{"vntangled": {"1112": 1}}
{"venture": {
    "16055": 1,
    "47960": 4,
    "1286": 4,
    "2264": 1,
    "20657": 4,
    "100": 34,
    "1533": 1,
    "1532": 1,
    "1531": 1,
    "23044": 2,
    "1430": 1,
    "1508": 2,
    "1539": 1,
    "16966": 10,
    "1515": 3
}}
{"venturd": {
    "1532": 1,
    "100": 1
}}
{"vieillissent": {"18143": 1}}
{"vieillesse": {"18143": 2}}
{"violentlay": {"100": 1}}
{"vellits": {"18143": 1}}
{"vowing": {
    "100": 3,
    "1041": 1,
    "1430": 2
}}
{"vyne": {"43737": 1}}
{"vppon": {
    "43737": 2,
    "2265": 1,
    "2264": 1
}}
{"vyse": {"43737": 1}}
{"volquessen": {"100": 1}}
{"vnspeake": {"2264": 1}}
{"volunteer": {
    "16055": 1,
    "23045": 1,
    "1286": 1,
    "43737": 1,
    "23046": 1,
    "1041": 1,
    "27726": 1,
    "20657": 1,
    "1514": 1,
    "1513": 1,
    "1533": 1,
    "1532": 1,
    "23042": 1,
    "1531": 1,
    "1112": 1,
    "23044": 1,
    "1430": 1,
    "27761": 1,
    "1519": 1,
    "1539": 1,
    "1515": 1,
    "18143": 1,
    "47960": 1,
    "2265": 2,
    "2264": 2,
    "100": 1,
    "1524": 1,
    "1523": 1,
    "1522": 1,
    "1508": 1,
    "5429": 1,
    "16966": 1,
    "1526": 1
}}
{"varnish": {
    "2265": 1,
    "100": 3,
    "1524": 1,
    "27761": 1
}}
{"vpward": {
    "43737": 1,
    "2264": 1
}}
{"vndertakings": {"2265": 1}}
{"vileness": {
    "43737": 1,
    "100": 1,
    "16966": 2
}}
{"vnsafe": {"2264": 1}}
{"velany": {"43737": 2}}
{"vividness": {
    "27726": 2,
    "47960": 1,
    "16966": 2
}}
{"venturing": {
    "100": 1,
    "23044": 1
}}
{"variously": {
    "47960": 2,
    "1430": 1
}}
{"vautil": {"18143": 1}}
{"vndertide": {"43737": 2}}
{"vnrest": {
    "1112": 1,
    "47960": 1
}}
{"voient": {"18143": 1}}
{"vnsubstantiall": {"1112": 1}}
{"vyoll": {"47960": 1}}
{"veraiment": {"43737": 1}}
{"vagrom": {
    "100": 1,
    "1519": 1
}}
{"vineyard": {
    "100": 5,
    "23042": 2,
    "23045": 3,
    "1286": 4,
    "43737": 1,
    "27726": 1,
    "20657": 4
}}
{"volcano": {"16966": 2}}
{"valours": {
    "100": 8,
    "1513": 1,
    "1533": 1,
    "1112": 1,
    "47960": 1,
    "2264": 1,
    "1515": 1
}}
{"voidst": {"100": 1}}
{"vagram": {
    "100": 1,
    "23044": 3
}}
{"voyezles": {"18143": 1}}
{"voided": {
    "43737": 1,
    "100": 1
}}
{"vndrentide": {"43737": 1}}
{"virginities": {"100": 1}}
{"victims": {
    "47960": 3,
    "27761": 1,
    "16966": 8
}}
{"vnstudied": {"43737": 2}}
{"vngracious": {"2265": 1}}
{"voyezvous": {"18143": 4}}
{"verifying": {"27726": 1}}
{"voices": {
    "47960": 1,
    "1286": 3,
    "43737": 1,
    "1041": 1,
    "27726": 1,
    "20657": 3,
    "1514": 1,
    "100": 54,
    "1513": 1,
    "1523": 1,
    "1522": 1,
    "1533": 1,
    "1532": 1,
    "23042": 1,
    "1430": 1,
    "16966": 1,
    "1526": 1
}}
{"voicif": {"1430": 1}}
{"voiced": {
    "16055": 1,
    "100": 1
}}
{"vicentio": {"1430": 2}}
{"vexing": {"100": 1}}
{"vergers": {"100": 1}}
{"villanous": {
    "100": 5,
    "23042": 1,
    "1531": 1,
    "1112": 1,
    "47960": 2,
    "23044": 4,
    "23045": 1,
    "2265": 1,
    "20657": 2
}}
{"vingtime": {"18143": 1}}
{"virginlike": {"100": 1}}
{"vainqueur": {"18143": 1}}
{"vulgus": {"100": 1}}
{"venezvous": {"18143": 1}}
{"vatensi": {"18143": 1}}
{"vestment": {"43737": 1}}
{"vnripe": {"2265": 1}}
{"visite": {"2265": 1}}
{"valdes": {"100": 1}}
{"visits": {
    "100": 3,
    "23042": 1,
    "47960": 1,
    "27761": 1,
    "1430": 1,
    "1286": 2,
    "20657": 2,
    "5429": 1,
    "16966": 4
}}
{"vithall": {"43737": 2}}
{"vision": {
    "47960": 1,
    "1286": 3,
    "2265": 1,
    "2264": 1,
    "1041": 1,
    "27726": 1,
    "20657": 3,
    "1514": 2,
    "100": 18,
    "1524": 1,
    "1522": 1,
    "1533": 1,
    "23042": 3,
    "23044": 2,
    "27761": 1,
    "1430": 1,
    "1539": 1,
    "16966": 11
}}
{"vapour": {
    "100": 10,
    "1531": 1,
    "47960": 1,
    "27761": 1
}}
{"vouchesaf": {"43737": 3}}
{"vysor": {"47960": 1}}
{"v234senshi244": {"1430": 1}}
{"ventiges": {"2265": 1}}
{"verdiccio": {"47960": 1}}
{"vicessuch": {"16966": 1}}
{"vrinalls": {"23044": 1}}
{"vapors": {"100": 1}}
{"vnwatchd": {"2265": 1}}
{"vapnys": {"43737": 2}}
{"valentinus": {
    "23045": 1,
    "100": 1
}}
{"vocabulary": {
    "43737": 9,
    "1430": 3
}}
{"vnguarded": {"2264": 1}}
{"vaguer": {"16966": 1}}
{"valentines": {
    "100": 5,
    "1524": 1,
    "27761": 1,
    "1430": 2,
    "1286": 3,
    "2265": 1,
    "20657": 3,
    "16966": 1
}}
{"varletto": {
    "100": 1,
    "23044": 1
}}
{"vehicle": {"47960": 1}}
{"virility": {"43737": 1}}
{"varletry": {"100": 1}}
{"vntaught": {"1112": 1}}
{"vernacular": {"47960": 1}}
{"validity": {
    "16055": 1,
    "100": 5,
    "1524": 1,
    "1513": 1,
    "1532": 1,
    "47960": 5,
    "27726": 1,
    "16966": 1,
    "1526": 1
}}
{"vigorous": {
    "43737": 1,
    "5429": 2,
    "47960": 1,
    "16966": 1
}}
{"vaguely": {
    "16055": 1,
    "43737": 5,
    "27726": 2,
    "16966": 4
}}
{"voluptuousnesse": {"2264": 1}}
{"vnfledgd": {"2265": 1}}
{"voiltil": {"18143": 1}}
{"valerius": {"100": 9}}
{"vsurpe": {"2265": 1}}
{"vestall": {"1112": 1}}
{"vestals": {"100": 2}}
{"varnishd": {
    "100": 2,
    "1515": 2
}}
{"vaguest": {"16966": 1}}
{"vsurer": {"1112": 1}}
{"vailful": {"23045": 1}}
{"venetian108": {"16966": 1}}
{"vinegar": {
    "100": 3,
    "1526": 1,
    "1515": 1
}}
{"vulgo": {
    "100": 1,
    "1526": 1
}}
{"vnited": {"23044": 1}}
{"vhere": {"23044": 1}}
{"villages": {
    "1286": 1,
    "100": 4,
    "1532": 1,
    "20657": 1
}}
{"villager": {
    "100": 2,
    "1522": 1
}}
{"victual": {
    "100": 2,
    "1519": 1
}}
{"vndirstande": {"43737": 1}}
{"voundit": {"43737": 2}}
{"vngartred": {"2265": 1}}
{"volumetrans": {"27726": 1}}
{"vertues": {
    "43737": 1,
    "2265": 1,
    "2264": 1,
    "1112": 1,
    "23044": 1
}}
{"vroneeh": {"18143": 1}}
{"villains": {
    "23045": 2,
    "27726": 6,
    "100": 55,
    "1523": 2,
    "1522": 4,
    "1532": 2,
    "1531": 4,
    "23044": 1,
    "1430": 3,
    "1508": 3,
    "1519": 3,
    "16966": 6,
    "1515": 1
}}
{"villainy": {
    "100": 41,
    "1531": 1,
    "23044": 1,
    "27761": 3,
    "1430": 5,
    "1286": 4,
    "1508": 2,
    "1519": 8,
    "27726": 1,
    "1539": 1,
    "16966": 6,
    "1515": 1
}}
{"villaine": {
    "2265": 11,
    "2264": 4,
    "1112": 17,
    "23044": 1
}}
{"villaini": {"23044": 1}}
{"valets": {"18143": 3}}
{"valent": {"18143": 1}}
{"valeye": {"43737": 1}}
{"valeur": {"18143": 2}}
{"valeir": {"43737": 1}}
{"victory": {
    "16055": 1,
    "47960": 1,
    "1286": 3,
    "43737": 1,
    "27726": 3,
    "20657": 3,
    "100": 57,
    "1513": 1,
    "1523": 1,
    "1522": 1,
    "1533": 1,
    "1532": 1,
    "27761": 1,
    "1430": 2,
    "1519": 2,
    "5429": 1,
    "16966": 5
}}
{"victors": {
    "16055": 1,
    "100": 12,
    "1041": 1
}}
{"verbosity": {"100": 1}}
{"vomissement": {"100": 1}}
{"vallor": {"23044": 2}}
{"vnruffe": {"2264": 1}}
{"vestige": {
    "27726": 1,
    "16966": 2
}}
{"vigitant": {
    "100": 1,
    "1519": 1
}}
{"variants": {"43737": 1}}
{"vailing": {
    "100": 2,
    "1515": 1
}}
{"valley": {
    "43737": 2,
    "1514": 1,
    "100": 3,
    "1539": 1
}}
{"velutus": {
    "27726": 1,
    "100": 3
}}
{"ventring": {"100": 2}}
{"vnkinde": {
    "43737": 2,
    "2265": 1
}}
{"vndiscouered": {"2265": 1}}
{"volumnias": {"100": 1}}
{"vanouie": {"18143": 1}}
{"vilelyi": {
    "100": 1,
    "1519": 1
}}
{"volumnius": {
    "100": 13,
    "1522": 13
}}
{"verbeuse": {"18143": 1}}
{"vantage": {
    "23045": 3,
    "2265": 2,
    "2264": 3,
    "1041": 1,
    "1514": 1,
    "100": 42,
    "1524": 2,
    "1533": 3,
    "1532": 1,
    "1531": 1,
    "23044": 1,
    "27761": 1,
    "1508": 1,
    "16966": 2,
    "1515": 1
}}
{"vniust": {"2264": 1}}
{"vloutingstocks": {
    "100": 1,
    "23044": 1
}}
{"vassals": {"100": 7}}
{"visors": {"100": 1}}
{"vnbound": {"1112": 1}}
{"vowedst": {"100": 1}}
{"victualledso": {
    "100": 1,
    "1523": 1
}}
{"valueless": {
    "1286": 1,
    "43737": 1,
    "100": 1,
    "20657": 1
}}
{"v10": {"27761": 1}}
{"v12": {"27761": 1}}
{"v11": {"27761": 1}}
{"v14": {"27761": 1}}
{"v13": {"27761": 1}}
{"v16": {"27761": 1}}
{"v15": {"27761": 1}}
{"v18": {"27761": 1}}
{"v17": {"27761": 1}}
{"v19": {"27761": 1}}
{"v21": {"27761": 1}}
{"v20": {"27761": 1}}
{"v23": {"27761": 1}}
{"v22": {"27761": 1}}
{"v25": {"27761": 1}}
{"v24": {"27761": 1}}
{"v27": {"27761": 1}}
{"v26": {"27761": 1}}
{"v29": {"27761": 1}}
{"v28": {"27761": 1}}
{"v30": {"27761": 1}}
{"v32": {"27761": 1}}
{"v31": {"27761": 1}}
{"v34": {"27761": 1}}
{"v33": {"27761": 1}}
{"v36": {"27761": 1}}
{"v35": {"27761": 1}}
{"v38": {"27761": 1}}
{"v37": {"27761": 1}}
{"v39": {"27761": 1}}
{"v41": {"27761": 1}}
{"v40": {"27761": 1}}
{"v43": {"27761": 1}}
{"v42": {"27761": 1}}
{"v45": {"27761": 1}}
{"v44": {"27761": 1}}
{"v47": {"27761": 1}}
{"v46": {"27761": 1}}
{"v49": {"27761": 1}}
{"v48": {"27761": 1}}
{"v50": {"27761": 1}}
{"v52": {"27761": 1}}
{"v51": {"27761": 1}}
{"v54": {"27761": 1}}
{"v53": {"27761": 1}}
{"v56": {"27761": 1}}
{"v55": {"27761": 1}}
{"v58": {"27761": 1}}
{"v57": {"27761": 1}}
{"v59": {"27761": 1}}
{"v61": {"27761": 1}}
{"v60": {"27761": 1}}
{"v63": {"27761": 1}}
{"v62": {"27761": 1}}
{"v65": {"27761": 1}}
{"v64": {"27761": 1}}
{"v67": {"27761": 1}}
{"v66": {"27761": 1}}
{"v69": {"27761": 1}}
{"v68": {"27761": 1}}
{"v70": {"27761": 1}}
{"v72": {"27761": 1}}
{"vapourvow": {"100": 1}}
{"v71": {"27761": 1}}
{"v74": {"27761": 1}}
{"v73": {"27761": 1}}
{"v76": {"27761": 1}}
{"v75": {"27761": 1}}
{"v78": {"27761": 1}}
{"v77": {"27761": 1}}
{"v79": {"27761": 1}}
{"v81": {"27761": 2}}
{"v80": {"27761": 1}}
{"viscount": {
    "100": 1,
    "47960": 1
}}
{"vesture": {
    "100": 5,
    "1522": 1,
    "1531": 1,
    "1515": 1
}}
{"vnlimited": {"2265": 1}}
{"vagary": {"100": 1}}
{"vieillard": {"18143": 2}}
{"vnlineall": {"2264": 1}}
{"vnfortified": {"2265": 1}}
{"vesperam": {"47960": 1}}
{"vnknown": {"23044": 1}}
{"vraiment": {
    "100": 2,
    "18143": 9
}}
{"violenttempered": {"1430": 1}}
{"versification": {
    "23045": 2,
    "23042": 1,
    "18143": 1,
    "16966": 20
}}
{"vad": {"23044": 1}}
{"val": {"43737": 2}}
{"van": {
    "100": 1,
    "23044": 4
}}
{"vap": {"23044": 1}}
{"var": {
    "43737": 4,
    "23042": 2
}}
{"vat": {
    "100": 9,
    "23044": 15
}}
{"vas": {"18143": 2}}
{"vbl": {"43737": 2}}
{"vch": {"43737": 3}}
{"vicissitudes": {
    "16055": 1,
    "43737": 1,
    "5429": 2,
    "16966": 5
}}
{"vcu": {"18143": 1}}
{"vei": {"43737": 1}}
{"vel": {"23044": 1}}
{"ven": {"23044": 1}}
{"ver": {
    "100": 4,
    "18143": 3,
    "23044": 3
}}
{"ves": {"43737": 2}}
{"vex": {
    "100": 19,
    "1532": 1,
    "27761": 1,
    "1430": 1,
    "1286": 1,
    "1041": 1,
    "1508": 1,
    "1519": 1,
    "20657": 1,
    "16966": 1,
    "1526": 1
}}
{"vgr": {"43737": 2}}
{"vgt": {"43737": 1}}
{"vi9": {"47960": 1}}
{"via": {
    "100": 6,
    "23044": 1
}}
{"vid": {"18143": 1}}
{"vif": {
    "43737": 2,
    "18143": 2
}}
{"vie": {
    "16055": 1,
    "100": 6,
    "18143": 37,
    "47960": 1
}}
{"vii": {
    "47960": 1,
    "23045": 9,
    "43737": 605,
    "23046": 4,
    "1041": 1,
    "27726": 1,
    "100": 52,
    "1524": 2,
    "1523": 2,
    "1533": 4,
    "1532": 4,
    "23042": 2,
    "23044": 10,
    "5429": 1,
    "16966": 24,
    "1515": 2
}}
{"vil": {
    "43737": 1,
    "18143": 1
}}
{"vin": {"18143": 2}}
{"vir": {"100": 1}}
{"vit": {
    "18143": 9,
    "47960": 2,
    "23044": 1
}}
{"vis": {
    "18143": 4,
    "16966": 1
}}
{"viz": {
    "27761": 1,
    "16966": 5
}}
{"vla": {"43737": 1}}
{"voiding": {"100": 1}}
{"vnt": {"18143": 2}}
{"voc": {"43737": 3}}
{"voi": {"23044": 1}}
{"vol": {
    "23045": 3,
    "16055": 2,
    "23042": 2,
    "18143": 1,
    "23044": 1,
    "16966": 5
}}
{"von": {"43737": 1}}
{"vor": {
    "23045": 1,
    "43737": 1,
    "100": 2,
    "1532": 2
}}
{"vos": {"18143": 38}}
{"vox": {
    "100": 1,
    "1526": 1
}}
{"vow": {
    "47960": 3,
    "23045": 2,
    "1286": 3,
    "43737": 2,
    "2265": 2,
    "23046": 2,
    "1041": 2,
    "27726": 1,
    "20657": 3,
    "1514": 3,
    "100": 89,
    "1513": 4,
    "1524": 2,
    "1522": 1,
    "23042": 1,
    "1531": 3,
    "1112": 4,
    "23044": 2,
    "27761": 1,
    "1508": 2,
    "1539": 2,
    "16966": 2,
    "1515": 2,
    "1526": 1
}}
{"vouching": {"100": 1}}
{"vpo": {"43737": 1}}
{"vpn": {"43737": 1}}
{"vre": {"43737": 5}}
{"vrd": {"23044": 1}}
{"vrn": {"43737": 2}}
{"vsd": {
    "2265": 2,
    "2264": 2
}}
{"vse": {
    "43737": 3,
    "2265": 13,
    "2264": 6,
    "1112": 14,
    "47960": 3,
    "23044": 6
}}
{"vtu": {"18143": 1}}
{"vue": {"18143": 10}}
{"vus": {
    "43737": 5,
    "18143": 1
}}
{"vyf": {"43737": 1}}
{"velvets": {"1430": 1}}
{"vacancie": {"2265": 1}}
{"viceroys": {
    "23042": 1,
    "100": 1
}}
{"vnattainted": {"1112": 1}}
{"vindoe": {"23044": 1}}
{"vnforcd": {"2265": 1}}
{"vnattended": {"2264": 1}}
{"vnbarred": {"43737": 2}}
{"vindla": {"43737": 1}}
{"veritable": {
    "100": 1,
    "1531": 1,
    "16966": 1
}}
{"venaient": {"18143": 1}}
{"vousmme": {"18143": 2}}
{"vilanie": {"43737": 1}}
{"vagabond": {
    "43737": 3,
    "27726": 1,
    "100": 4
}}
{"vaudemont": {"100": 2}}
{"volunteers": {
    "16055": 5,
    "23045": 5,
    "1286": 5,
    "43737": 5,
    "23046": 5,
    "1041": 5,
    "27726": 5,
    "20657": 5,
    "1514": 6,
    "1513": 6,
    "1533": 6,
    "1532": 6,
    "23042": 5,
    "1531": 6,
    "1112": 5,
    "23044": 5,
    "1430": 5,
    "27761": 5,
    "1519": 6,
    "1539": 6,
    "1515": 6,
    "18143": 5,
    "47960": 5,
    "2265": 5,
    "2264": 5,
    "100": 5,
    "1524": 5,
    "1523": 6,
    "1522": 6,
    "1508": 6,
    "5429": 5,
    "16966": 5,
    "1526": 6
}}
{"vierge": {"18143": 1}}
{"viftene": {"43737": 1}}
{"vnryghtwysely": {"43737": 1}}
{"vnlokynne": {"43737": 3}}
{"victorie": {
    "43737": 1,
    "2264": 1,
    "1112": 1
}}
{"victoria": {"16055": 3}}
{"vnminded": {"47960": 1}}
{"vnlesse": {
    "2265": 3,
    "2264": 1,
    "1112": 6,
    "23044": 1
}}
{"violemment": {"18143": 1}}
{"vnrighteous": {"2265": 1}}
{"verbatim": {
    "100": 1,
    "23044": 1
}}
{"vneffectuall": {"2265": 1}}
{"vousour": {"43737": 1}}
{"vnmixt": {"2265": 1}}
{"vntrusse": {"43737": 2}}
{"vnimproued": {"2265": 1}}
{"volumes": {
    "23045": 1,
    "100": 4,
    "27726": 3,
    "23042": 1,
    "5429": 1,
    "47960": 2
}}
{"volumev": {"27726": 1}}
{"vinningr": {"43737": 1}}
{"violdegamboys": {
    "100": 1,
    "1526": 1
}}
{"variorum": {
    "16055": 1,
    "47960": 3,
    "16966": 8
}}
{"vouchers": {
    "2265": 2,
    "100": 2,
    "1524": 2
}}
{"vndone": {
    "2264": 2,
    "1112": 2,
    "23044": 5
}}
{"visionary": {
    "47960": 1,
    "16966": 1
}}
{"vnderstod": {"43737": 1}}
{"venommouthed": {"100": 1}}
{"victorye": {"43737": 1}}
{"venerated": {
    "1286": 1,
    "20657": 1
}}
{"vnluckily": {"1112": 1}}
{"vorlesungen": {"16966": 2}}
{"vdgme": {"23044": 1}}
{"vyolet": {"43737": 1}}
{"viensy": {"18143": 1}}
{"vespers": {
    "43737": 2,
    "100": 1,
    "47960": 1
}}
{"vienne": {
    "43737": 1,
    "18143": 7
}}
{"vienna": {
    "100": 12,
    "1524": 1,
    "27761": 1,
    "1430": 3,
    "23045": 9,
    "1286": 12,
    "2265": 1,
    "20657": 12,
    "5429": 1
}}
{"vsuall": {"2265": 1}}
{"virtue": {
    "16055": 1,
    "23045": 17,
    "1286": 18,
    "43737": 3,
    "23046": 1,
    "1041": 7,
    "27726": 3,
    "20657": 17,
    "1514": 2,
    "1513": 1,
    "1533": 1,
    "1532": 7,
    "23042": 3,
    "1531": 10,
    "23044": 1,
    "1430": 7,
    "27761": 9,
    "1519": 7,
    "1539": 4,
    "1515": 3,
    "47960": 3,
    "100": 205,
    "1524": 13,
    "1523": 6,
    "1522": 6,
    "1508": 4,
    "5429": 8,
    "16966": 11,
    "1526": 4
}}
{"veillerai": {"18143": 1}}
{"vnreasonable": {
    "1112": 1,
    "23044": 1
}}
{"vnpreuayling": {"2265": 1}}
{"vnmatchd": {"2265": 1}}
{"vocation": {
    "27726": 1,
    "100": 4,
    "47960": 1
}}
{"veuillez": {"18143": 2}}
{"vulcan": {
    "100": 3,
    "1519": 1,
    "16966": 1,
    "1526": 1
}}
{"vomits": {
    "100": 1,
    "47960": 1
}}
{"vocative": {
    "43737": 1,
    "47960": 1
}}
{"vnweeded": {"2265": 1}}
{"vnbusied": {"47960": 1}}
{"vapours": {
    "100": 11,
    "1524": 1,
    "47960": 2,
    "27761": 1,
    "2265": 1,
    "23046": 1,
    "5429": 1
}}
{"vestal": {
    "1514": 1,
    "100": 7,
    "1513": 2,
    "1112": 1,
    "47960": 4,
    "1286": 3,
    "20657": 3
}}
{"vested": {"43737": 1}}
{"visibly": {"100": 1}}
{"visible": {
    "100": 5,
    "1532": 1,
    "47960": 3,
    "27761": 1,
    "1286": 2,
    "43737": 2,
    "27726": 1,
    "20657": 2,
    "1539": 1,
    "5429": 1,
    "16966": 9
}}
{"volleys": {"100": 1}}
{"vnconfinable": {"23044": 1}}
{"vessel": {
    "23045": 1,
    "1286": 6,
    "43737": 3,
    "20657": 6,
    "100": 38,
    "1523": 1,
    "1522": 1,
    "1533": 1,
    "23042": 4,
    "1531": 2,
    "1430": 4,
    "1539": 2,
    "16966": 1,
    "1515": 2,
    "1526": 1
}}
{"vnction": {"2265": 2}}
{"vaunted": {"100": 1}}
{"vaunter": {
    "100": 1,
    "47960": 1
}}
{"vndertake": {
    "43737": 2,
    "2265": 2,
    "1112": 1,
    "23044": 3
}}
{"vttered": {
    "2265": 1,
    "1112": 1
}}
{"vnderghete": {"43737": 2}}
{"vulgarity": {"47960": 2}}
{"visard": {"100": 1}}
{"vjuliets": {"47960": 1}}
{"volubly": {"27726": 1}}
{"vulgarism": {
    "23042": 1,
    "47960": 2
}}
{"voluble": {
    "100": 5,
    "23046": 1,
    "1531": 1
}}
{"vanquish": {"100": 2}}
{"vulgar": {
    "2265": 2,
    "23046": 1,
    "1041": 3,
    "27726": 8,
    "100": 22,
    "1524": 2,
    "1523": 1,
    "1522": 1,
    "1532": 1,
    "27761": 3,
    "1430": 1,
    "5429": 6,
    "16966": 5,
    "1526": 1
}}
{"viands": {
    "100": 8,
    "23042": 1,
    "47960": 1,
    "1515": 1
}}
{"vnderstande": {"43737": 1}}
{"vinager": {"100": 1}}
{"victoriously": {"16966": 1}}
{"ventages": {
    "100": 1,
    "1524": 1,
    "27761": 1
}}
{"visage": {
    "18143": 16,
    "47960": 2,
    "23045": 3,
    "43737": 2,
    "2265": 5,
    "1041": 1,
    "1514": 2,
    "100": 35,
    "1513": 1,
    "1524": 5,
    "1522": 1,
    "1532": 2,
    "1531": 2,
    "1112": 1,
    "27761": 4,
    "1430": 1,
    "1539": 2,
    "16966": 4,
    "1526": 1
}}
{"vincentios": {
    "100": 2,
    "1508": 2
}}
{"vacant": {
    "100": 6,
    "27761": 2,
    "1430": 1,
    "1286": 2,
    "1041": 1,
    "1519": 1,
    "27726": 1,
    "20657": 2,
    "16966": 1
}}
{"ventricle": {"100": 1}}
{"ventidiuss": {"100": 1}}
{"vnnaneld": {"2265": 1}}
{"venymous": {"43737": 1}}
{"vulgaires": {"18143": 1}}
{"vexest": {
    "100": 1,
    "1526": 1
}}
{"vexeth": {
    "100": 1,
    "1522": 1
}}
{"vapeur": {"18143": 2}}
{"volueld": {"43737": 1}}
{"vouchsafd": {
    "1539": 1,
    "100": 1
}}
{"vouchsafe": {
    "23045": 1,
    "43737": 1,
    "2265": 3,
    "23046": 2,
    "1041": 2,
    "100": 55,
    "1524": 3,
    "1522": 2,
    "1532": 1,
    "23042": 1,
    "23044": 2,
    "27761": 5,
    "1519": 1
}}
{"vnfolde": {"47960": 1}}
{"vnhappie": {"1112": 2}}
{"vragrant": {"23044": 1}}
{"valleys": {
    "1539": 1,
    "100": 4
}}
{"viewed": {
    "16055": 1,
    "23045": 1,
    "1286": 3,
    "43737": 1,
    "23046": 1,
    "1041": 1,
    "27726": 1,
    "20657": 3,
    "1514": 1,
    "1513": 1,
    "1533": 1,
    "1532": 1,
    "23042": 1,
    "1531": 1,
    "1112": 1,
    "23044": 1,
    "1430": 1,
    "27761": 1,
    "1519": 1,
    "1539": 1,
    "1515": 1,
    "18143": 1,
    "47960": 1,
    "2265": 1,
    "2264": 1,
    "100": 6,
    "1524": 1,
    "1523": 1,
    "1522": 1,
    "1508": 1,
    "5429": 1,
    "16966": 1,
    "1526": 1
}}
{"violets30": {"27761": 1}}
