{"x": {
    "16055": 3,
    "100": 11,
    "23042": 2,
    "23044": 7,
    "23045": 4,
    "43737": 443,
    "23046": 3,
    "1041": 1,
    "16966": 8
}}
{"xcel": {"27726": 1}}
{"xciv": {"1041": 1}}
{"xcix": {"1041": 1}}
{"xcii": {"1041": 1}}
{"xcvi": {"1041": 1}}
{"xc": {"1041": 1}}
{"xi": {
    "100": 5,
    "23042": 3,
    "47960": 1,
    "23044": 7,
    "23045": 4,
    "43737": 728,
    "23046": 1,
    "1041": 1,
    "16966": 1
}}
{"xl": {"1041": 1}}
{"xv": {
    "100": 3,
    "23042": 2,
    "23044": 3,
    "23045": 2,
    "43737": 554,
    "1041": 1,
    "16966": 1
}}
{"xx": {
    "23045": 3,
    "43737": 1,
    "100": 1,
    "1041": 1
}}
{"xiii": {
    "16055": 2,
    "100": 5,
    "23042": 2,
    "23044": 3,
    "23045": 3,
    "43737": 402,
    "1041": 1,
    "5429": 1,
    "16966": 1
}}
{"xive": {"18143": 1}}
{"xliv": {"1041": 1}}
{"xlix": {"1041": 1}}
{"xlii": {"1041": 1}}
{"xxxvii": {"1041": 1}}
{"xlvi": {
    "16055": 2,
    "1041": 1
}}
{"xviii": {
    "23045": 2,
    "100": 1,
    "1041": 1,
    "23042": 3,
    "47960": 1
}}
{"xvii": {
    "23045": 2,
    "43737": 1059,
    "100": 1,
    "1041": 1,
    "23042": 2,
    "23044": 2
}}
{"xxiv": {
    "16055": 1,
    "1041": 1,
    "16966": 1
}}
{"xxix": {"1041": 1}}
{"xxii": {
    "23045": 3,
    "43737": 1,
    "1041": 1
}}
{"xxvi": {
    "43737": 1,
    "1041": 1
}}
{"xxxv": {
    "16055": 1,
    "1041": 1
}}
{"xxxi": {
    "47960": 1,
    "1041": 1
}}
{"xxxiii": {
    "43737": 6,
    "1041": 1
}}
{"xlviii": {
    "27726": 1,
    "1041": 1
}}
{"xanthippe": {
    "100": 1,
    "1508": 1
}}
{"xcviii": {"1041": 1}}
{"xxxviii": {"1041": 1}}
{"xxviii": {
    "16055": 2,
    "1041": 1
}}
{"xxiii": {
    "47960": 1,
    "1041": 1
}}
{"xxvii": {
    "16055": 1,
    "1041": 1
}}
{"xxxvi": {"1041": 1}}
{"xxxii": {"1041": 1}}
{"xxxix": {
    "16055": 1,
    "1041": 1
}}
{"xxxiv": {
    "16055": 1,
    "1041": 1
}}
{"xciii": {"1041": 1}}
{"xliii": {"1041": 1}}
{"xcvii": {"1041": 1}}
{"xci": {"1041": 1}}
{"xcv": {"1041": 1}}
{"xii": {
    "100": 5,
    "23042": 2,
    "23044": 5,
    "23045": 4,
    "43737": 677,
    "1041": 1,
    "27726": 1
}}
{"xiv": {
    "16055": 1,
    "100": 3,
    "23042": 2,
    "23044": 4,
    "23045": 4,
    "43737": 588,
    "1041": 1
}}
{"xix": {
    "23045": 2,
    "100": 1,
    "1041": 1,
    "47960": 1
}}
{"xli": {"1041": 1}}
{"xlv": {"1041": 1}}
{"xvi": {
    "100": 1,
    "23042": 3,
    "47960": 1,
    "23044": 2,
    "23045": 2,
    "43737": 727,
    "1041": 1
}}
{"xxi": {
    "23045": 3,
    "16055": 2,
    "43737": 6,
    "1041": 1
}}
{"xxv": {"1041": 1}}
{"xxx": {"1041": 1}}
{"xlvii": {"1041": 1}}
