{"y": {
    "16055": 2,
    "100": 2,
    "1522": 1,
    "18143": 53,
    "1112": 1,
    "23044": 1,
    "43737": 24,
    "2265": 1,
    "2264": 2,
    "16966": 5
}}
{"yetpoor": {"23045": 1}}
{"yielded": {
    "100": 27,
    "1522": 1,
    "23042": 1,
    "1286": 6,
    "23046": 1,
    "1519": 1,
    "20657": 6,
    "1539": 1,
    "16966": 2
}}
{"yielder": {"100": 1}}
{"ywrong": {"47960": 1}}
{"ydrawe": {"43737": 1}}
{"youthwarburton": {"5429": 1}}
{"yravished": {"100": 1}}
{"yeomens": {"100": 1}}
{"yclongen": {"43737": 2}}
{"ye": {
    "16055": 2,
    "23045": 2,
    "43737": 9,
    "23046": 1,
    "1041": 2,
    "27726": 7,
    "1514": 2,
    "1513": 12,
    "1533": 3,
    "1532": 7,
    "23042": 5,
    "1531": 2,
    "1112": 9,
    "23044": 2,
    "1430": 1,
    "27761": 1,
    "1519": 1,
    "1539": 2,
    "1515": 3,
    "18143": 1,
    "47960": 18,
    "2265": 10,
    "2264": 3,
    "100": 327,
    "1524": 4,
    "1523": 2,
    "1522": 10,
    "1508": 4,
    "16966": 3,
    "1526": 5
}}
{"yf": {"43737": 2}}
{"yl": {"47960": 1}}
{"yn": {"43737": 12}}
{"yo": {
    "23045": 1,
    "23044": 1
}}
{"yr": {"43737": 10}}
{"ys": {"43737": 9}}
{"yt": {"1430": 2}}
{"yfoughte": {"43737": 2}}
{"yesterday": {
    "47960": 1,
    "1286": 2,
    "2265": 1,
    "2264": 1,
    "20657": 2,
    "100": 24,
    "1524": 1,
    "1523": 2,
    "1522": 2,
    "1533": 1,
    "1531": 2,
    "23044": 3,
    "1430": 1,
    "16966": 1,
    "1515": 1,
    "1526": 1
}}
{"yoketh": {"100": 1}}
{"yhold": {"43737": 1}}
{"yarmed": {"43737": 1}}
{"yhote": {"43737": 1}}
{"yendles": {"43737": 3}}
{"yoking": {"100": 1}}
{"yeomans": {
    "2265": 1,
    "100": 1,
    "1524": 1
}}
{"yzent": {"43737": 2}}
{"yzede": {"43737": 1}}
{"yzegh": {"43737": 2}}
{"ywryte": {"43737": 1}}
{"yrokked": {"43737": 1}}
{"ymake": {"43737": 1}}
{"ydill": {"43737": 1}}
{"youth31": {"27761": 1}}
{"ydles": {"1112": 1}}
{"yawning": {
    "100": 3,
    "2264": 1,
    "1533": 1,
    "27726": 1
}}
{"ydone": {"43737": 1}}
{"yslaked": {"100": 1}}
{"youthen": {"20657": 1}}
{"youthan": {"16966": 1}}
{"youthat": {
    "23042": 1,
    "100": 2
}}
{"youfare": {
    "100": 1,
    "1523": 1
}}
{"ychabbe": {"43737": 2}}
{"yellowness": {
    "100": 1,
    "23044": 2
}}
{"youaway": {"23044": 1}}
{"youngeyed": {
    "100": 1,
    "1515": 1
}}
{"yloued": {"43737": 1}}
{"yhyght": {"43737": 1}}
{"you142": {"27761": 1}}
{"ymarked": {"43737": 1}}
{"yield": {
    "23045": 6,
    "1286": 5,
    "43737": 1,
    "23046": 2,
    "1041": 2,
    "20657": 5,
    "1514": 4,
    "100": 161,
    "1524": 2,
    "1523": 2,
    "1522": 3,
    "1533": 4,
    "1532": 3,
    "23042": 2,
    "1531": 1,
    "23044": 1,
    "27761": 2,
    "1430": 5,
    "1519": 2,
    "1539": 1,
    "16966": 8,
    "1515": 4,
    "1526": 2
}}
{"ymbeanc": {"43737": 1}}
{"yokedevils": {"100": 1}}
{"ybrought": {"43737": 1}}
{"ynowgh": {"43737": 2}}
{"yewtree": {
    "1286": 1,
    "47960": 1
}}
{"ywrite": {"43737": 1}}
{"yardthen": {"27726": 1}}
{"yarely": {
    "23042": 1,
    "100": 2
}}
{"ysaias": {"43737": 1}}
{"yearn": {
    "100": 3,
    "23044": 1,
    "16966": 1
}}
{"years": {
    "16055": 15,
    "23045": 10,
    "1286": 29,
    "43737": 1,
    "23046": 10,
    "1041": 3,
    "27726": 17,
    "20657": 29,
    "1514": 2,
    "1513": 13,
    "1533": 1,
    "1532": 7,
    "23042": 5,
    "1531": 7,
    "1112": 1,
    "23044": 4,
    "1430": 29,
    "27761": 7,
    "1519": 3,
    "1539": 10,
    "1515": 4,
    "18143": 1,
    "47960": 30,
    "2265": 2,
    "2264": 1,
    "100": 206,
    "1524": 4,
    "1523": 8,
    "1522": 5,
    "1508": 7,
    "5429": 12,
    "16966": 50,
    "1526": 11
}}
{"yeare": {
    "43737": 1,
    "2265": 5,
    "1112": 3,
    "23044": 3
}}
{"yhyerde": {"43737": 2}}
{"youchiefly": {"23042": 1}}
{"yale": {"47960": 1}}
{"yvsed": {"43737": 2}}
{"yard": {
    "100": 9,
    "1524": 1,
    "1513": 1,
    "1532": 1,
    "1112": 1,
    "47960": 1,
    "27761": 2,
    "1508": 2,
    "27726": 1
}}
{"yare": {
    "100": 20,
    "1532": 2,
    "23042": 4,
    "23044": 1,
    "23045": 3,
    "2265": 2,
    "23046": 1,
    "1508": 2,
    "1526": 3
}}
{"yarn": {
    "43737": 3,
    "100": 2
}}
{"yawn": {
    "100": 5,
    "1524": 1,
    "1519": 1,
    "1531": 1,
    "27761": 1
}}
{"yrobbed": {"43737": 1}}
{"yeuxle": {"18143": 1}}
{"yeuxje": {"18143": 1}}
{"ygharked": {"43737": 1}}
{"ywalked": {"43737": 1}}
{"yewtrees": {"47960": 1}}
{"yche": {"43737": 4}}
{"ydel": {"43737": 2}}
{"ydle": {"47960": 1}}
{"yeaue": {"43737": 2}}
{"yourselfs": {
    "100": 1,
    "1041": 1
}}
{"year": {
    "16055": 6,
    "23045": 10,
    "43737": 6,
    "23046": 1,
    "1041": 5,
    "27726": 3,
    "1513": 3,
    "1532": 4,
    "23042": 5,
    "1531": 2,
    "23044": 1,
    "1430": 6,
    "27761": 6,
    "1519": 1,
    "1539": 3,
    "1515": 3,
    "47960": 15,
    "100": 92,
    "1524": 5,
    "1523": 4,
    "1522": 1,
    "1508": 3,
    "5429": 1,
    "16966": 2,
    "1526": 2
}}
{"yeas": {"100": 1}}
{"yeaf": {"43737": 2}}
{"yead": {"23044": 1}}
{"yede": {"43737": 1}}
{"yeeld": {
    "2265": 1,
    "2264": 4
}}
{"youwell": {
    "1539": 1,
    "100": 2,
    "23044": 1
}}
{"yelp": {"43737": 1}}
{"yell": {
    "100": 4,
    "1531": 1,
    "16966": 1
}}
{"yend": {"43737": 1}}
{"yere": {
    "43737": 2,
    "100": 1
}}
{"yeta": {
    "100": 1,
    "1533": 1
}}
{"yest": {
    "1539": 1,
    "100": 1
}}
{"yerk": {"100": 1}}
{"yeve": {"100": 2}}
{"yeux": {"18143": 43}}
{"yeue": {"43737": 2}}
{"yeto": {"100": 1}}
{"yedward": {"100": 1}}
{"yfet": {"43737": 2}}
{"yfel": {"43737": 2}}
{"yspronge": {"43737": 2}}
{"younker": {"100": 2}}
{"yielding": {
    "1514": 1,
    "100": 18,
    "1524": 1,
    "1513": 1,
    "47960": 2,
    "23045": 1,
    "1286": 5,
    "23046": 1,
    "27726": 1,
    "20657": 5,
    "16966": 2
}}
{"yghe": {"43737": 2}}
{"yrnes": {"43737": 1}}
{"yhad": {"43737": 2}}
{"yeghe": {"43737": 1}}
{"yhen": {"43737": 2}}
{"yhis": {"43737": 1}}
{"yiif": {"43737": 2}}
{"yellowd": {"1041": 1}}
{"yellows": {
    "100": 2,
    "1508": 1
}}
{"yncan": {"43737": 1}}
{"youwondrous": {"23042": 1}}
{"yielders": {
    "1514": 1,
    "100": 1
}}
{"youngster": {"100": 1}}
{"yoakes": {"23044": 1}}
{"yearsyet": {
    "100": 1,
    "1531": 1
}}
{"ykki": {"43737": 1}}
{"youthlet": {"1430": 1}}
{"yelde": {"43737": 1}}
{"younglings": {"100": 1}}
{"ylet": {"43737": 4}}
{"ymad": {"43737": 2}}
{"ympe": {"43737": 2}}
{"youthnot": {
    "100": 1,
    "1523": 1
}}
{"youthleave": {"1430": 1}}
{"ynch": {
    "2264": 1,
    "1112": 1
}}
{"ynde": {"43737": 4}}
{"ynge": {"43737": 2}}
{"ynke": {"43737": 1}}
{"ynow": {"43737": 3}}
{"ynoh": {"43737": 1}}
{"ynne": {"43737": 2}}
{"ynto": {"43737": 1}}
{"yderward": {"43737": 1}}
{"yogh": {"43737": 2}}
{"yelld": {
    "100": 1,
    "2264": 1,
    "1533": 1
}}
{"yeelding": {
    "2265": 1,
    "1112": 1
}}
{"yells": {
    "100": 1,
    "16966": 1
}}
{"yoke": {
    "47960": 1,
    "27726": 1,
    "1514": 2,
    "100": 33,
    "1513": 1,
    "1522": 2,
    "1533": 1,
    "1112": 1,
    "23044": 1,
    "1430": 1,
    "1519": 2,
    "16966": 1,
    "1515": 1
}}
{"yokd": {
    "1539": 1,
    "100": 2,
    "1531": 1
}}
{"yond": {
    "47960": 3,
    "23045": 2,
    "43737": 1,
    "2265": 1,
    "100": 40,
    "1513": 5,
    "1524": 1,
    "1523": 1,
    "1522": 2,
    "1532": 2,
    "23042": 4,
    "1531": 2,
    "1112": 5,
    "23044": 2,
    "1539": 1,
    "1515": 2,
    "1526": 3
}}
{"yone": {"43737": 2}}
{"yong": {
    "43737": 1,
    "2265": 8,
    "2264": 4,
    "1112": 3,
    "47960": 4,
    "23044": 3
}}
{"yore": {
    "100": 1,
    "1041": 1
}}
{"york": {
    "16055": 17,
    "100": 497,
    "47960": 4,
    "43737": 1,
    "27726": 12,
    "20657": 1,
    "16966": 1
}}
{"youo": {"23044": 1}}
{"your": {
    "16055": 35,
    "23045": 357,
    "1286": 293,
    "43737": 23,
    "23046": 133,
    "1041": 98,
    "27726": 38,
    "20657": 292,
    "1514": 129,
    "1513": 113,
    "1533": 131,
    "1532": 232,
    "23042": 116,
    "1531": 216,
    "1112": 118,
    "23044": 329,
    "1430": 158,
    "27761": 244,
    "1519": 192,
    "1539": 271,
    "1515": 184,
    "18143": 14,
    "47960": 175,
    "2265": 263,
    "2264": 136,
    "100": 7066,
    "1524": 251,
    "1523": 202,
    "1522": 142,
    "1508": 195,
    "5429": 19,
    "16966": 92,
    "1526": 181
}}
{"yous": {"43737": 1}}
{"yout": {"23044": 1}}
{"youi": {
    "1539": 1,
    "100": 1,
    "47960": 1
}}
{"youl": {
    "2265": 5,
    "2264": 2
}}
{"youd": {
    "100": 20,
    "1522": 1,
    "1539": 5,
    "1526": 1
}}
{"youe": {"43737": 3}}
{"yellow": {
    "47960": 3,
    "1286": 1,
    "43737": 1,
    "2264": 1,
    "1041": 2,
    "20657": 1,
    "1514": 4,
    "100": 30,
    "1513": 1,
    "1533": 1,
    "23042": 1,
    "1112": 1,
    "23044": 1,
    "1430": 5,
    "1539": 1,
    "16966": 2,
    "1526": 10
}}
{"yowd": {"23044": 1}}
{"yswowen": {"43737": 1}}
{"yloked": {"43737": 1}}
{"yokefellow": {
    "1532": 1,
    "27726": 1,
    "100": 2
}}
{"youthful": {
    "47960": 8,
    "1286": 7,
    "23046": 1,
    "1041": 2,
    "20657": 7,
    "100": 32,
    "1513": 3,
    "1523": 2,
    "1522": 1,
    "23044": 1,
    "1430": 2,
    "5429": 1,
    "16966": 1,
    "1515": 1
}}
{"yearssummon": {"100": 1}}
{"yerkd": {
    "100": 1,
    "1531": 1
}}
{"yeres": {"47960": 2}}
{"yris": {"43737": 1}}
{"yron": {"1112": 2}}
{"yrne": {"43737": 1}}
{"ywerd": {"43737": 2}}
{"ywent": {"43737": 2}}
{"yset": {"43737": 1}}
{"ysey": {"2264": 4}}
{"yghyrned": {"43737": 2}}
{"ysse": {"43737": 2}}
{"youthhow": {"16966": 1}}
{"yetoh": {"1286": 1}}
{"yuel": {"43737": 3}}
{"yesty": {
    "2265": 1,
    "100": 1,
    "2264": 1,
    "1533": 1
}}
{"yule": {"43737": 2}}
{"ydelnesse": {"43737": 1}}
{"yourugby": {"100": 1}}
{"ynowe": {"43737": 3}}
{"ynouh": {"43737": 2}}
{"yonder": {
    "47960": 8,
    "23045": 4,
    "1286": 2,
    "2265": 1,
    "23046": 3,
    "20657": 2,
    "1514": 4,
    "100": 72,
    "1513": 6,
    "1524": 2,
    "1523": 4,
    "1522": 3,
    "1112": 5,
    "23044": 6,
    "27761": 1,
    "1430": 1,
    "1508": 1,
    "1519": 1,
    "1515": 2,
    "1526": 2
}}
{"ynogh": {"43737": 6}}
{"yellowhaired": {"1430": 2}}
{"ywon": {"43737": 3}}
{"ynome": {"43737": 3}}
{"ymaked": {"43737": 1}}
{"yetappearing": {"100": 1}}
{"ynence": {"43737": 1}}
{"yetthou": {"100": 1}}
{"youshall": {"27761": 1}}
{"ynesche": {"43737": 1}}
{"yeaforsooth": {"100": 1}}
{"yserued": {"43737": 1}}
{"yseye": {"43737": 2}}
{"yards": {
    "100": 5,
    "23042": 1,
    "23044": 4,
    "16966": 1
}}
{"yarde": {"47960": 1}}
{"ysene": {"43737": 2}}
{"yonger": {
    "2265": 1,
    "1112": 1
}}
{"ympetre": {"43737": 1}}
{"yases": {"2265": 1}}
{"younger": {
    "47960": 3,
    "1286": 6,
    "27726": 2,
    "20657": 6,
    "100": 36,
    "1513": 2,
    "1524": 1,
    "1523": 4,
    "1532": 3,
    "1112": 1,
    "1430": 1,
    "1508": 5,
    "1519": 1,
    "5429": 1,
    "16966": 6,
    "1515": 1,
    "1526": 1
}}
{"yoursmy": {
    "100": 1,
    "1515": 1
}}
{"youngly": {
    "100": 2,
    "1041": 1
}}
{"youngst": {"100": 1}}
{"ygadered": {"43737": 1}}
{"ymelled": {"43737": 1}}
{"ydyllnes": {"43737": 1}}
{"ytuight": {"43737": 1}}
{"yweddede": {"43737": 2}}
{"yfere": {"43737": 4}}
{"yawne": {"2265": 1}}
{"yawnd": {
    "100": 1,
    "1522": 1
}}
{"ysode": {"43737": 1}}
{"ymaymed": {"43737": 1}}
{"yoake": {"2264": 1}}
{"ywyte": {"43737": 2}}
{"yeomen": {
    "43737": 1,
    "100": 3,
    "27726": 3,
    "5429": 1
}}
{"ylefde": {"43737": 3}}
{"yeoman": {
    "43737": 1,
    "100": 9,
    "1532": 3,
    "27726": 2,
    "1526": 1
}}
{"ytaught": {"43737": 2}}
{"yearning": {
    "47960": 1,
    "16966": 1
}}
{"yearsenrichers": {
    "1286": 1,
    "20657": 1
}}
{"ymende": {"43737": 1}}
{"yturnd": {"43737": 1}}
{"yorick": {
    "2265": 1,
    "100": 1,
    "1524": 1,
    "27761": 2,
    "16966": 3
}}
{"yokes": {
    "100": 3,
    "47960": 1,
    "23044": 3
}}
{"yoked": {
    "43737": 1,
    "100": 3,
    "1522": 1
}}
{"york26": {"16055": 1}}
{"yseighe": {"43737": 2}}
{"ychaunged": {"43737": 1}}
{"yorkshire": {
    "100": 8,
    "16966": 2
}}
{"yform": {"43737": 1}}
{"yknowe": {"43737": 1}}
{"yieldingthis": {"100": 1}}
{"youngling": {
    "100": 3,
    "1508": 1
}}
{"yourbut": {"100": 1}}
{"yielderup": {"100": 1}}
{"yonds": {"100": 1}}
{"ymbeencan": {"43737": 1}}
{"ycomen": {"43737": 1}}
{"yearthe": {
    "100": 1,
    "1531": 1
}}
{"yulenight": {"43737": 1}}
{"yyolde": {"43737": 2}}
{"youyou": {
    "1539": 1,
    "100": 1
}}
{"ybilt": {"43737": 2}}
{"yields": {
    "1514": 1,
    "100": 18,
    "1523": 1,
    "1522": 1,
    "1532": 1,
    "23042": 1,
    "47960": 1,
    "1508": 1,
    "27726": 2,
    "1539": 2,
    "16966": 3
}}
{"you34": {"27761": 1}}
{"you52": {"27761": 1}}
{"you54": {"27761": 1}}
{"you12": {"27761": 1}}
{"you80": {"27761": 1}}
{"yorks": {
    "43737": 1,
    "100": 13
}}
{"yclosed": {"43737": 2}}
{"youth": {
    "23045": 11,
    "1286": 30,
    "23046": 1,
    "1041": 15,
    "27726": 1,
    "20657": 34,
    "1514": 7,
    "1513": 6,
    "1533": 1,
    "1532": 2,
    "1531": 5,
    "1112": 6,
    "23044": 7,
    "1430": 9,
    "27761": 8,
    "1519": 6,
    "1539": 6,
    "1515": 8,
    "47960": 15,
    "2265": 14,
    "2264": 1,
    "100": 301,
    "1524": 16,
    "1523": 28,
    "1508": 2,
    "5429": 3,
    "16966": 22,
    "1526": 22
}}
{"youst": {"100": 1}}
{"youre": {
    "100": 59,
    "1532": 1,
    "23042": 2,
    "1531": 4,
    "23044": 5,
    "1430": 1,
    "23045": 4,
    "23046": 2,
    "1508": 1,
    "1539": 6
}}
{"yours": {
    "16055": 3,
    "23045": 10,
    "1286": 10,
    "23046": 2,
    "1041": 5,
    "27726": 2,
    "20657": 10,
    "1514": 4,
    "1513": 3,
    "1533": 3,
    "1532": 5,
    "23042": 4,
    "1531": 6,
    "1112": 3,
    "23044": 2,
    "1430": 11,
    "27761": 3,
    "1519": 10,
    "1539": 14,
    "1515": 15,
    "18143": 1,
    "47960": 9,
    "2265": 6,
    "2264": 3,
    "100": 270,
    "1524": 6,
    "1523": 7,
    "1522": 10,
    "1508": 5,
    "1526": 7
}}
{"young": {
    "23045": 7,
    "1286": 192,
    "43737": 7,
    "1041": 4,
    "27726": 9,
    "20657": 193,
    "1514": 7,
    "1513": 24,
    "1533": 13,
    "1532": 10,
    "23042": 3,
    "1531": 10,
    "1112": 22,
    "23044": 17,
    "1430": 36,
    "27761": 10,
    "1519": 13,
    "1539": 13,
    "1515": 23,
    "47960": 51,
    "2265": 9,
    "2264": 4,
    "100": 520,
    "1524": 17,
    "1523": 29,
    "1522": 12,
    "1508": 13,
    "5429": 7,
    "16966": 42,
    "1526": 11
}}
{"youths": {
    "100": 14,
    "1522": 1,
    "1533": 1,
    "1286": 8,
    "2264": 1,
    "1041": 1,
    "1519": 1,
    "20657": 10,
    "1526": 4
}}
{"youmy": {"100": 1}}
{"yborn": {"43737": 1}}
{"youve": {
    "100": 5,
    "1041": 1,
    "23042": 1,
    "1430": 2
}}
{"ybore": {"43737": 2}}
{"youll": {
    "47960": 4,
    "23045": 7,
    "43737": 1,
    "23046": 4,
    "100": 165,
    "1513": 4,
    "1524": 3,
    "1523": 7,
    "1522": 1,
    "1533": 3,
    "1532": 4,
    "23042": 2,
    "1531": 6,
    "23044": 13,
    "27761": 2,
    "1430": 2,
    "1508": 4,
    "1519": 4,
    "1539": 12,
    "16966": 3,
    "1515": 4,
    "1526": 4
}}
{"youle": {
    "2264": 1,
    "1112": 4,
    "23044": 8
}}
{"yould": {
    "23045": 1,
    "100": 1,
    "2264": 1,
    "1533": 1,
    "23042": 1
}}
{"youhe": {"23044": 1}}
{"youif": {"100": 1}}
{"yesterdayes": {"2264": 1}}
{"ybounde": {"43737": 2}}
{"ytake": {"43737": 1}}
{"yelping": {"100": 3}}
{"ypocrisie": {"43737": 1}}
{"yellowishgreen": {"16055": 1}}
{"yourselves": {
    "43737": 7,
    "1514": 3,
    "100": 76,
    "1524": 1,
    "1523": 1,
    "1522": 6,
    "1533": 3,
    "1532": 1,
    "23044": 1,
    "27761": 2,
    "1430": 1,
    "1508": 2,
    "1519": 2,
    "1539": 3,
    "16966": 2,
    "1526": 2
}}
{"yokefellows": {"100": 1}}
{"yoricks": {
    "2265": 1,
    "100": 1,
    "1524": 1,
    "27761": 1,
    "16966": 2
}}
{"ylokked": {"43737": 1}}
{"yesterdays": {
    "100": 1,
    "16966": 1,
    "1533": 1
}}
{"yesterdaya": {"100": 1}}
{"ythes": {"43737": 1}}
{"ygete": {"43737": 3}}
{"yieldings": {"100": 1}}
{"yhonged": {"43737": 2}}
{"ytold": {"43737": 2}}
{"youfor": {
    "1539": 1,
    "100": 1
}}
{"ydronke": {"43737": 2}}
{"yorkbostonchicagodallassan": {"16966": 1}}
{"youpray": {"100": 1}}
{"youngest": {
    "47960": 1,
    "1286": 14,
    "23046": 1,
    "27726": 5,
    "20657": 14,
    "100": 27,
    "1513": 1,
    "1523": 5,
    "1532": 4,
    "1112": 1,
    "1430": 4,
    "1508": 5,
    "16966": 2,
    "1526": 1
}}
{"yarched": {"43737": 2}}
{"ygraced": {"43737": 1}}
{"yellowed": {"100": 1}}
{"yaughan": {
    "2265": 1,
    "100": 1,
    "1524": 1,
    "27761": 1
}}
{"youbut": {
    "100": 2,
    "23044": 1,
    "1533": 1
}}
{"youyour": {
    "1514": 1,
    "100": 1
}}
{"yesternight": {
    "47960": 1,
    "23045": 1,
    "1286": 1,
    "2265": 1,
    "20657": 1,
    "100": 12,
    "1513": 1,
    "1524": 1,
    "1522": 1,
    "1112": 1,
    "27761": 1,
    "1430": 1,
    "1519": 2
}}
{"yeeres": {"1112": 1}}
{"yyeue": {"43737": 2}}
{"ypocritis": {"43737": 1}}
{"youone": {"100": 1}}
{"yfaith": {
    "1112": 2,
    "23044": 2
}}
{"ygrounde": {"43737": 1}}
{"yoursi": {
    "1539": 1,
    "100": 1
}}
{"ycham": {"43737": 2}}
{"yworth": {"43737": 5}}
{"yeasty": {
    "100": 1,
    "1524": 1
}}
{"yeares": {
    "2265": 2,
    "1112": 11,
    "47960": 1,
    "23044": 1
}}
{"yearly": {
    "100": 6,
    "1430": 2,
    "1519": 1
}}
{"yearns": {
    "100": 2,
    "1522": 1
}}
{"yspent": {"43737": 2}}
{"yferen": {"43737": 2}}
{"yseluen": {"43737": 2}}
{"yclad": {"100": 1}}
{"youngs": {"100": 1}}
{"ylent": {"43737": 2}}
{"yleft": {"43737": 2}}
{"ylete": {"43737": 2}}
{"ywoned": {"43737": 2}}
{"yonders": {
    "100": 6,
    "1531": 1,
    "1519": 1
}}
{"yakim244": {"1430": 1}}
{"ybaken": {"43737": 1}}
{"ycore": {"43737": 2}}
{"youthfull": {
    "1112": 3,
    "47960": 2
}}
{"yaf": {"43737": 2}}
{"yaw": {
    "100": 1,
    "1524": 1
}}
{"ybe": {"43737": 1}}
{"yce": {"47960": 2}}
{"ydo": {"43737": 1}}
{"yea": {
    "23045": 5,
    "1286": 6,
    "43737": 3,
    "23046": 2,
    "1041": 1,
    "27726": 1,
    "20657": 6,
    "1514": 4,
    "1513": 4,
    "1532": 2,
    "23042": 5,
    "1531": 2,
    "1112": 4,
    "23044": 5,
    "27761": 2,
    "1519": 27,
    "1539": 7,
    "1515": 3,
    "47960": 3,
    "2265": 4,
    "100": 201,
    "1524": 4,
    "1523": 3,
    "1522": 4,
    "1508": 5,
    "16966": 3
}}
{"yee": {
    "43737": 1,
    "1112": 1
}}
{"yed": {"100": 1}}
{"yef": {"43737": 1}}
{"yei": {"43737": 3}}
{"yuele": {"43737": 1}}
{"yes": {
    "23045": 13,
    "1286": 4,
    "43737": 5,
    "23046": 3,
    "27726": 1,
    "20657": 3,
    "1514": 2,
    "1513": 2,
    "1533": 2,
    "1532": 9,
    "23042": 4,
    "1531": 8,
    "1112": 2,
    "23044": 11,
    "1430": 8,
    "27761": 3,
    "1519": 6,
    "1539": 2,
    "1515": 8,
    "18143": 1,
    "47960": 2,
    "2265": 5,
    "2264": 2,
    "100": 247,
    "1524": 5,
    "1523": 11,
    "1522": 6,
    "1508": 6,
    "16966": 15,
    "1526": 4
}}
{"yet": {
    "16055": 2,
    "23045": 66,
    "1286": 118,
    "43737": 8,
    "23046": 24,
    "1041": 51,
    "27726": 39,
    "20657": 122,
    "1514": 25,
    "1513": 47,
    "1533": 55,
    "1532": 52,
    "23042": 28,
    "1531": 67,
    "1112": 46,
    "23044": 52,
    "1430": 36,
    "27761": 29,
    "1519": 34,
    "1539": 49,
    "1515": 35,
    "18143": 3,
    "47960": 87,
    "2265": 37,
    "2264": 57,
    "100": 1744,
    "1524": 42,
    "1523": 50,
    "1522": 42,
    "1508": 33,
    "5429": 56,
    "16966": 146,
    "1526": 38
}}
{"yew": {
    "100": 6,
    "1513": 2,
    "1533": 1,
    "1286": 1,
    "2264": 1,
    "20657": 2,
    "1526": 1
}}
{"ygo": {"43737": 1}}
{"yhe": {"43737": 1}}
{"yit": {"43737": 4}}
{"ylc": {"43737": 5}}
{"yle": {"43737": 2}}
{"yll": {"43737": 1}}
{"ylk": {"43737": 3}}
{"yne": {"43737": 3}}
{"yng": {"43737": 6}}
{"ynk": {"43737": 4}}
{"yoe": {"23044": 1}}
{"yon": {
    "47960": 5,
    "23045": 1,
    "43737": 1,
    "2265": 1,
    "1514": 1,
    "100": 27,
    "1513": 1,
    "1524": 1,
    "1522": 1,
    "1532": 2,
    "1112": 1,
    "23044": 2,
    "27761": 2,
    "1430": 1,
    "16966": 1
}}
{"you": {
    "16055": 98,
    "23045": 636,
    "1286": 699,
    "43737": 135,
    "23046": 399,
    "1041": 186,
    "27726": 153,
    "20657": 699,
    "1514": 348,
    "1513": 362,
    "1533": 274,
    "1532": 532,
    "23042": 304,
    "1531": 557,
    "1112": 363,
    "23044": 983,
    "1430": 504,
    "27761": 527,
    "1519": 567,
    "1539": 516,
    "1515": 518,
    "18143": 89,
    "47960": 477,
    "2265": 608,
    "2264": 289,
    "100": 14435,
    "1524": 627,
    "1523": 597,
    "1522": 464,
    "1508": 582,
    "5429": 81,
    "16966": 322,
    "1526": 524
}}
{"yow": {"43737": 6}}
{"yra": {"16055": 1}}
{"yre": {
    "43737": 7,
    "47960": 1
}}
{"yse": {
    "43737": 6,
    "47960": 1
}}
{"ynkkegh": {"43737": 1}}
{"yhave": {"100": 1}}
{"youoften": {"100": 1}}
{"yschape": {"43737": 1}}
{"ysuffred": {"43737": 1}}
{"ycleped": {
    "43737": 1,
    "100": 2
}}
{"ylore": {"43737": 2}}
{"ylond": {"43737": 1}}
{"yourswhats": {"100": 1}}
{"yougood": {
    "100": 1,
    "1524": 1
}}
{"youand": {
    "100": 2,
    "23044": 1
}}
{"ypotame": {"43737": 1}}
{"youthfulness": {"47960": 1}}
{"yhere": {"43737": 2}}
{"yherd": {"43737": 1}}
{"yhent": {"43737": 1}}
{"yclouted": {"43737": 1}}
{"youariel": {"23042": 1}}
{"yfounde": {"43737": 2}}
{"yender": {"47960": 1}}
{"yourself": {
    "23045": 16,
    "1286": 6,
    "43737": 4,
    "23046": 6,
    "1041": 10,
    "27726": 1,
    "20657": 6,
    "1514": 3,
    "1513": 5,
    "1533": 2,
    "1532": 9,
    "23042": 6,
    "1531": 16,
    "23044": 12,
    "1430": 6,
    "27761": 15,
    "1519": 9,
    "1539": 13,
    "1515": 4,
    "47960": 8,
    "100": 295,
    "1524": 14,
    "1523": 9,
    "1522": 10,
    "1508": 7,
    "16966": 3,
    "1526": 7
}}
{"youwheres": {"100": 1}}
