{"z": {
    "43737": 2,
    "1112": 1,
    "16966": 6
}}
{"zo": {
    "1532": 1,
    "100": 1
}}
{"zu": {"16966": 1}}
{"zenelophon": {"100": 1}}
{"zodiacs": {
    "23045": 1,
    "100": 1
}}
{"zigge": {"43737": 3}}
{"zucchero": {"16055": 1}}
{"zeals": {"100": 1}}
{"zounds": {
    "100": 23,
    "1513": 2,
    "1531": 5,
    "47960": 3
}}
{"zwalpen": {"43737": 1}}
{"zodiac": {"100": 1}}
{"zabulon": {"43737": 1}}
{"zelue": {"43737": 4}}
{"zodiacal": {"16055": 1}}
{"zente": {"43737": 2}}
{"zenith": {
    "23045": 1,
    "100": 1,
    "23042": 1,
    "16966": 2
}}
{"zany": {"100": 1}}
{"zeal": {
    "23045": 1,
    "100": 34,
    "1519": 1,
    "1539": 1,
    "5429": 1,
    "1515": 1
}}
{"zede": {"43737": 2}}
{"zest": {"16966": 1}}
{"zabara": {"16055": 2}}
{"zupitza": {"43737": 1}}
{"zayde": {"43737": 2}}
{"zola": {"27726": 1}}
{"zone": {
    "2265": 1,
    "100": 1,
    "1524": 1,
    "27761": 1
}}
{"zome": {"43737": 2}}
{"zogas": {"43737": 1}}
{"zelotes": {"43737": 1}}
{"zebulun": {"43737": 1}}
{"zanies": {
    "100": 1,
    "1526": 1
}}
{"zealous": {
    "1286": 2,
    "100": 6,
    "1041": 1,
    "27726": 1,
    "20657": 2,
    "5429": 1
}}
{"zeluer": {"43737": 2}}
{"zwaggered": {
    "1532": 1,
    "100": 1
}}
{"zealand": {"16055": 1}}
{"zay": {"43737": 2}}
{"zed": {
    "1532": 1,
    "100": 1
}}
{"zen": {"43737": 2}}
{"zir": {
    "1532": 2,
    "100": 2
}}
{"zls": {"18143": 1}}
{"zuo": {"43737": 3}}
{"zephyrs": {"100": 1}}
